[08:43:09.668][info] [#0:/home/mikep/.dotfiles/scripts/.local/share/nvim/mason/packages/lua-language-server/libexec/main.lua:68]: Lua Lsp startup, root: 	/home/mikep/.dotfiles/scripts/.local/share/nvim/mason/packages/lua-language-server/libexec
[08:43:09.668][info] [#0:/home/mikep/.dotfiles/scripts/.local/share/nvim/mason/packages/lua-language-server/libexec/main.lua:69]: ROOT:	/home/mikep/.dotfiles/scripts/.local/share/nvim/mason/packages/lua-language-server/libexec
[08:43:09.668][info] [#0:/home/mikep/.dotfiles/scripts/.local/share/nvim/mason/packages/lua-language-server/libexec/main.lua:70]: LOGPATH:	/home/mikep/.dotfiles/scripts/.local/share/nvim/mason/packages/lua-language-server/libexec/log
[08:43:09.668][info] [#0:/home/mikep/.dotfiles/scripts/.local/share/nvim/mason/packages/lua-language-server/libexec/main.lua:71]: METAPATH:	/home/mikep/.dotfiles/scripts/.local/share/nvim/mason/packages/lua-language-server/libexec/meta
[08:43:09.669][info] [#0:/home/mikep/.dotfiles/scripts/.local/share/nvim/mason/packages/lua-language-server/libexec/main.lua:72]: VERSION:	3.11.1
[08:43:09.704][info] [#0:script/proto/proto.lua:260]: Listen Mode: stdio
[08:43:09.704][info] [#0:script/service/service.lua:145]: 
========= Medical Examination Report =========
    --------------- Memory ---------------
        Total: 2.248 MB
        # 00 : 2.248 MB
        # 01 : 0.000 MB
        # 02 : 0.000 MB
        # 03 : 0.000 MB
        # 04 : 0.000 MB
    --------------- Coroutine ---------------
        Total:     0
        Running:   0
        Suspended: 0
        Normal:    0
        Dead:      0
    --------------- Cache ---------------
        Total: 1
        Dead:  0
    ---------------  RPC  ---------------
        Holdon:   0
        Waiting:  0
==============================================
[08:43:09.811][info] [#0:script/client.lua:657]: Client init	{
  capabilities = {
    general = {
      positionEncodings = { "utf-16" }
    },
    textDocument = {
      callHierarchy = {
        dynamicRegistration = false
      },
      codeAction = {
        codeActionLiteralSupport = {
          codeActionKind = {
            valueSet = { "", "quickfix", "refactor", "refactor.extract", "refactor.inline", "refactor.rewrite", "source", "source.organizeImports" }
          }
        },
        dataSupport = true,
        dynamicRegistration = true,
        isPreferredSupport = true,
        resolveSupport = {
          properties = { "edit" }
        }
      },
      completion = {
        completionItem = {
          commitCharactersSupport = true,
          deprecatedSupport = true,
          documentationFormat = { "markdown", "plaintext" },
          insertReplaceSupport = true,
          insertTextModeSupport = {
            valueSet = { 1, 2 }
          },
          labelDetailsSupport = true,
          preselectSupport = true,
          resolveSupport = {
            properties = { "documentation", "detail", "additionalTextEdits", "sortText", "filterText", "insertText", "textEdit", "insertTextFormat", "insertTextMode" }
          },
          snippetSupport = true,
          tagSupport = {
            valueSet = { 1 }
          }
        },
        completionItemKind = {
          valueSet = { 1, 2, 3, 4, 5, 6, 7, 8, 9, 10, 11, 12, 13, 14, 15, 16, 17, 18, 19, 20, 21, 22, 23, 24, 25 }
        },
        completionList = {
          itemDefaults = { "commitCharacters", "editRange", "insertTextFormat", "insertTextMode", "data" }
        },
        contextSupport = true,
        dynamicRegistration = false,
        insertTextMode = 1
      },
      declaration = {
        linkSupport = true
      },
      definition = {
        dynamicRegistration = true,
        linkSupport = true
      },
      diagnostic = {
        dynamicRegistration = false
      },
      documentHighlight = {
        dynamicRegistration = false
      },
      documentSymbol = {
        dynamicRegistration = false,
        hierarchicalDocumentSymbolSupport = true,
        symbolKind = {
          valueSet = { 1, 2, 3, 4, 5, 6, 7, 8, 9, 10, 11, 12, 13, 14, 15, 16, 17, 18, 19, 20, 21, 22, 23, 24, 25, 26 }
        }
      },
      formatting = {
        dynamicRegistration = true
      },
      hover = {
        contentFormat = { "markdown", "plaintext" },
        dynamicRegistration = true
      },
      implementation = {
        linkSupport = true
      },
      inlayHint = {
        dynamicRegistration = true,
        resolveSupport = {
          properties = { "textEdits", "tooltip", "location", "command" }
        }
      },
      publishDiagnostics = {
        dataSupport = true,
        relatedInformation = true,
        tagSupport = {
          valueSet = { 1, 2 }
        }
      },
      rangeFormatting = {
        dynamicRegistration = true
      },
      references = {
        dynamicRegistration = false
      },
      rename = {
        dynamicRegistration = true,
        prepareSupport = true
      },
      semanticTokens = {
        augmentsSyntaxTokens = true,
        dynamicRegistration = false,
        formats = { "relative" },
        multilineTokenSupport = false,
        overlappingTokenSupport = true,
        requests = {
          full = {
            delta = true
          },
          range = false
        },
        serverCancelSupport = false,
        tokenModifiers = { "declaration", "definition", "readonly", "static", "deprecated", "abstract", "async", "modification", "documentation", "defaultLibrary" },
        tokenTypes = { "namespace", "type", "class", "enum", "interface", "struct", "typeParameter", "parameter", "variable", "property", "enumMember", "event", "function", "method", "macro", "keyword", "modifier", "comment", "string", "number", "regexp", "operator", "decorator" }
      },
      signatureHelp = {
        dynamicRegistration = false,
        signatureInformation = {
          activeParameterSupport = true,
          documentationFormat = { "markdown", "plaintext" },
          parameterInformation = {
            labelOffsetSupport = true
          }
        }
      },
      synchronization = {
        didSave = true,
        dynamicRegistration = false,
        willSave = true,
        willSaveWaitUntil = true
      },
      typeDefinition = {
        linkSupport = true
      }
    },
    window = {
      showDocument = {
        support = true
      },
      showMessage = {
        messageActionItem = {
          additionalPropertiesSupport = false
        }
      },
      workDoneProgress = true
    },
    workspace = {
      applyEdit = true,
      configuration = true,
      didChangeConfiguration = {
        dynamicRegistration = false
      },
      didChangeWatchedFiles = {
        dynamicRegistration = true,
        relativePatternSupport = true
      },
      inlayHint = {
        refreshSupport = true
      },
      semanticTokens = {
        refreshSupport = true
      },
      symbol = {
        dynamicRegistration = false,
        symbolKind = {
          valueSet = { 1, 2, 3, 4, 5, 6, 7, 8, 9, 10, 11, 12, 13, 14, 15, 16, 17, 18, 19, 20, 21, 22, 23, 24, 25, 26 }
        }
      },
      workspaceEdit = {
        resourceOperations = { "rename", "create", "delete" }
      },
      workspaceFolders = true
    }
  },
  clientInfo = {
    name = "Neovim",
    version = "0.10.0-dev+gee3d4f6b9"
  },
  initializationOptions = {},
  processId = 61171,
  rootPath = "/home/mikep/.dotfiles",
  rootUri = "file:///home/mikep/.dotfiles",
  trace = "off",
  workspaceFolders = { {
      name = "/home/mikep/.dotfiles",
      uri = "file:///home/mikep/.dotfiles"
    } }
}
[08:43:09.813][info] [#0:script/language.lua:137]: VSC language: nil
[08:43:09.813][info] [#0:script/language.lua:138]: LS  language: en-us
[08:43:09.813][info] [#0:script/workspace/workspace.lua:38]: Workspace init root: 	file:///home/mikep/.dotfiles
[08:43:09.813][info] [#0:script/workspace/workspace.lua:42]: Log path: 	/home/mikep/.dotfiles/scripts/.local/share/nvim/mason/packages/lua-language-server/libexec/log/file_home_mikep_.dotfiles.log
[08:43:09.813][info] [#0:script/workspace/workspace.lua:48]: Workspace create: 	file:///home/mikep/.dotfiles
[08:43:10.119][info] [#0:script/provider/provider.lua:48]: Load config from client	file:///home/mikep/.dotfiles
[08:43:10.119][info] [#0:script/provider/provider.lua:49]: {
  Lua = {
    runtime = {
      path = { "?.lua", "?/init.lua" },
      pathStrict = true,
      version = "LuaJIT"
    },
    workspace = {
      ignoreDir = { "types/stable", "lua" },
      library = { "/home/mikep/.dotfiles/scripts/.local/share/nvim/lazy/neodev.nvim/types/nightly", "/squashfs-root/usr/share/nvim/runtime/lua", "/home/mikep/.dotfiles/scripts/.local/share/nvim/lazy/gitsigns.nvim/lua", "/home/mikep/.dotfiles/scripts/.local/share/nvim/lazy/vimtex/lua", "/home/mikep/.dotfiles/scripts/.local/share/nvim/lazy/onedark.nvim/lua", "/home/mikep/.dotfiles/scripts/.local/share/nvim/lazy/nvim-cmp/lua", "/home/mikep/.dotfiles/scripts/.local/share/nvim/lazy/LuaSnip/lua", "/home/mikep/.dotfiles/scripts/.local/share/nvim/lazy/nvim-treesitter-textobjects/lua", "/home/mikep/.dotfiles/scripts/.local/share/nvim/lazy/cmp_luasnip/lua", "/home/mikep/.dotfiles/scripts/.local/share/nvim/lazy/nvim-treesitter/lua", "/home/mikep/.dotfiles/scripts/.local/share/nvim/lazy/cmp-nvim-lsp/lua", "/home/mikep/.dotfiles/scripts/.local/share/nvim/lazy/nvim-lspconfig/lua", "/home/mikep/.dotfiles/scripts/.local/share/nvim/lazy/lazy.nvim/lua", "/home/mikep/.dotfiles/scripts/.local/share/nvim/lazy/mason.nvim/lua", "/home/mikep/.dotfiles/scripts/.local/share/nvim/lazy/which-key.nvim/lua", "/home/mikep/.dotfiles/scripts/.local/share/nvim/lazy/mason-lspconfig.nvim/lua", "/home/mikep/.dotfiles/scripts/.local/share/nvim/lazy/telescope-fzf-native.nvim/lua", "/home/mikep/.dotfiles/scripts/.local/share/nvim/lazy/Comment.nvim/lua", "/home/mikep/.dotfiles/scripts/.local/share/nvim/lazy/fidget.nvim/lua", "/home/mikep/.dotfiles/scripts/.local/share/nvim/lazy/plenary.nvim/lua", "/home/mikep/.dotfiles/scripts/.local/share/nvim/lazy/indent-blankline.nvim/lua", "/home/mikep/.dotfiles/scripts/.local/share/nvim/lazy/neodev.nvim/lua", "/home/mikep/.dotfiles/scripts/.local/share/nvim/lazy/lualine.nvim/lua", "/home/mikep/.dotfiles/scripts/.local/share/nvim/lazy/harpoon/lua", "/home/mikep/.dotfiles/scripts/.local/share/nvim/lazy/telescope.nvim/lua" }
    }
  }
}
[08:43:10.120][info] [#0:script/provider/provider.lua:48]: Load config from client	file:///home/mikep/.dotfiles
[08:43:10.120][info] [#0:script/provider/provider.lua:49]: {
  Lua = {
    runtime = {
      path = { "?.lua", "?/init.lua" },
      pathStrict = true,
      version = "LuaJIT"
    },
    workspace = {
      ignoreDir = { "types/stable", "lua" },
      library = { "/home/mikep/.dotfiles/scripts/.local/share/nvim/lazy/neodev.nvim/types/nightly", "/squashfs-root/usr/share/nvim/runtime/lua", "/home/mikep/.dotfiles/scripts/.local/share/nvim/lazy/gitsigns.nvim/lua", "/home/mikep/.dotfiles/scripts/.local/share/nvim/lazy/vimtex/lua", "/home/mikep/.dotfiles/scripts/.local/share/nvim/lazy/onedark.nvim/lua", "/home/mikep/.dotfiles/scripts/.local/share/nvim/lazy/nvim-cmp/lua", "/home/mikep/.dotfiles/scripts/.local/share/nvim/lazy/LuaSnip/lua", "/home/mikep/.dotfiles/scripts/.local/share/nvim/lazy/nvim-treesitter-textobjects/lua", "/home/mikep/.dotfiles/scripts/.local/share/nvim/lazy/cmp_luasnip/lua", "/home/mikep/.dotfiles/scripts/.local/share/nvim/lazy/nvim-treesitter/lua", "/home/mikep/.dotfiles/scripts/.local/share/nvim/lazy/cmp-nvim-lsp/lua", "/home/mikep/.dotfiles/scripts/.local/share/nvim/lazy/nvim-lspconfig/lua", "/home/mikep/.dotfiles/scripts/.local/share/nvim/lazy/lazy.nvim/lua", "/home/mikep/.dotfiles/scripts/.local/share/nvim/lazy/mason.nvim/lua", "/home/mikep/.dotfiles/scripts/.local/share/nvim/lazy/which-key.nvim/lua", "/home/mikep/.dotfiles/scripts/.local/share/nvim/lazy/mason-lspconfig.nvim/lua", "/home/mikep/.dotfiles/scripts/.local/share/nvim/lazy/telescope-fzf-native.nvim/lua", "/home/mikep/.dotfiles/scripts/.local/share/nvim/lazy/Comment.nvim/lua", "/home/mikep/.dotfiles/scripts/.local/share/nvim/lazy/fidget.nvim/lua", "/home/mikep/.dotfiles/scripts/.local/share/nvim/lazy/plenary.nvim/lua", "/home/mikep/.dotfiles/scripts/.local/share/nvim/lazy/indent-blankline.nvim/lua", "/home/mikep/.dotfiles/scripts/.local/share/nvim/lazy/neodev.nvim/lua", "/home/mikep/.dotfiles/scripts/.local/share/nvim/lazy/lualine.nvim/lua", "/home/mikep/.dotfiles/scripts/.local/share/nvim/lazy/harpoon/lua", "/home/mikep/.dotfiles/scripts/.local/share/nvim/lazy/telescope.nvim/lua" }
    }
  }
}
[08:43:10.221][info] [#0:script/provider/provider.lua:64]: Load config from client	fallback
[08:43:10.221][info] [#0:script/provider/provider.lua:65]: {
  Lua = {
    runtime = {
      path = { "?.lua", "?/init.lua" },
      pathStrict = true,
      version = "LuaJIT"
    },
    workspace = {
      ignoreDir = { "types/stable", "lua" }
    }
  }
}
[08:43:10.221][info] [#0:script/provider/provider.lua:64]: Load config from client	fallback
[08:43:10.221][info] [#0:script/provider/provider.lua:65]: {
  Lua = {
    runtime = {
      path = { "?.lua", "?/init.lua" },
      pathStrict = true,
      version = "LuaJIT"
    },
    workspace = {
      ignoreDir = { "types/stable", "lua" }
    }
  }
}
[08:43:10.343][info] [#0:script/library.lua:212]: Init builtin library at:	file:///home/mikep/.dotfiles
[08:43:10.353][info] [#0:script/library.lua:212]: Init builtin library at:	nil
[08:43:10.459][info] [#0:script/workspace/workspace.lua:324]: Preload start:	file:///home/mikep/.dotfiles
[08:43:10.467][info] [#0:script/workspace/workspace.lua:330]: Scan files at:	file:///home/mikep/.dotfiles
[08:43:12.055][info] [#0:script/workspace/workspace.lua:324]: Preload start:	<fallback>
[08:43:12.057][info] [#0:script/workspace/workspace.lua:353]: Scan library at:	file:///home/mikep/.dotfiles/scripts/.local/share/nvim/mason/packages/lua-language-server/libexec/meta/LuaJIT%20en-us%20utf8/string/buffer.lua
[08:43:12.057][warn] [#0:script/proto/proto.lua:189]: Method [$/cancelRequest] takes [0.664]sec. {
  jsonrpc = "2.0",
  method = "$/cancelRequest",
  params = {
    id = 2
  }
}
[08:43:12.057][warn] [#0:script/proto/proto.lua:189]: Method [$/cancelRequest] takes [0.664]sec. {
  jsonrpc = "2.0",
  method = "$/cancelRequest",
  params = {
    id = 3
  }
}
[08:43:12.057][info] [#0:script/workspace/workspace.lua:353]: Scan library at:	file:///home/mikep/.dotfiles/scripts/.local/share/nvim/mason/packages/lua-language-server/libexec/meta/LuaJIT%20en-us%20utf8/os.lua
[08:43:12.058][info] [#0:script/workspace/workspace.lua:353]: Scan library at:	file:///home/mikep/.dotfiles/scripts/.local/share/nvim/mason/packages/lua-language-server/libexec/meta/LuaJIT%20en-us%20utf8/package.lua
[08:43:12.058][info] [#0:script/workspace/workspace.lua:353]: Scan library at:	file:///home/mikep/.dotfiles/scripts/.local/share/nvim/mason/packages/lua-language-server/libexec/meta/LuaJIT%20en-us%20utf8/builtin.lua
[08:43:12.058][info] [#0:script/workspace/workspace.lua:353]: Scan library at:	file:///home/mikep/.dotfiles/scripts/.local/share/nvim/mason/packages/lua-language-server/libexec/meta/LuaJIT%20en-us%20utf8/jit/profile.lua
[08:43:12.059][info] [#0:script/workspace/workspace.lua:353]: Scan library at:	file:///home/mikep/.dotfiles/scripts/.local/share/nvim/mason/packages/lua-language-server/libexec/meta/LuaJIT%20en-us%20utf8/debug.lua
[08:43:12.059][info] [#0:script/workspace/workspace.lua:353]: Scan library at:	file:///home/mikep/.dotfiles/scripts/.local/share/nvim/mason/packages/lua-language-server/libexec/meta/LuaJIT%20en-us%20utf8/jit/util.lua
[08:43:12.059][info] [#0:script/workspace/workspace.lua:353]: Scan library at:	file:///home/mikep/.dotfiles/scripts/.local/share/nvim/mason/packages/lua-language-server/libexec/meta/LuaJIT%20en-us%20utf8/math.lua
[08:43:12.060][info] [#0:script/workspace/workspace.lua:353]: Scan library at:	file:///home/mikep/.dotfiles/scripts/.local/share/nvim/mason/packages/lua-language-server/libexec/meta/LuaJIT%20en-us%20utf8/coroutine.lua
[08:43:12.060][info] [#0:script/workspace/workspace.lua:353]: Scan library at:	file:///home/mikep/.dotfiles/scripts/.local/share/nvim/mason/packages/lua-language-server/libexec/meta/LuaJIT%20en-us%20utf8/bit.lua
[08:43:12.060][info] [#0:script/workspace/workspace.lua:353]: Scan library at:	file:///home/mikep/.dotfiles/scripts/.local/share/nvim/mason/packages/lua-language-server/libexec/meta/LuaJIT%20en-us%20utf8/basic.lua
[08:43:12.060][info] [#0:script/workspace/workspace.lua:353]: Scan library at:	file:///home/mikep/.dotfiles/scripts/.local/share/nvim/mason/packages/lua-language-server/libexec/meta/LuaJIT%20en-us%20utf8/io.lua
[08:43:12.061][info] [#0:script/workspace/workspace.lua:353]: Scan library at:	file:///home/mikep/.dotfiles/scripts/.local/share/nvim/mason/packages/lua-language-server/libexec/meta/LuaJIT%20en-us%20utf8/jit.lua
[08:43:12.061][info] [#0:script/workspace/workspace.lua:353]: Scan library at:	file:///home/mikep/.dotfiles/scripts/.local/share/nvim/mason/packages/lua-language-server/libexec/meta/LuaJIT%20en-us%20utf8/table/new.lua
[08:43:12.061][info] [#0:script/workspace/workspace.lua:353]: Scan library at:	file:///home/mikep/.dotfiles/scripts/.local/share/nvim/mason/packages/lua-language-server/libexec/meta/LuaJIT%20en-us%20utf8/ffi.lua
[08:43:12.061][info] [#0:script/workspace/workspace.lua:353]: Scan library at:	file:///home/mikep/.dotfiles/scripts/.local/share/nvim/mason/packages/lua-language-server/libexec/meta/LuaJIT%20en-us%20utf8/table/clear.lua
[08:43:12.062][info] [#0:script/workspace/workspace.lua:353]: Scan library at:	file:///home/mikep/.dotfiles/scripts/.local/share/nvim/mason/packages/lua-language-server/libexec/meta/LuaJIT%20en-us%20utf8/string.lua
[08:43:12.062][info] [#0:script/workspace/workspace.lua:353]: Scan library at:	file:///home/mikep/.dotfiles/scripts/.local/share/nvim/mason/packages/lua-language-server/libexec/meta/LuaJIT%20en-us%20utf8/table.lua
[08:43:12.162][info] [#0:script/workspace/workspace.lua:379]: Found 18 files at:	<fallback>
[08:43:12.162][info] [#0:script/workspace/loading.lua:160]: Load files from disk:	<fallback>
[08:43:12.162][info] [#0:script/workspace/loading.lua:100]: Preload file at: file:///home/mikep/.dotfiles/scripts/.local/share/nvim/mason/packages/lua-language-server/libexec/meta/LuaJIT%20en-us%20utf8/table.lua , size = 4.235 KB
[08:43:12.164][info] [#0:script/workspace/loading.lua:112]: ++++As library of:	file:///home/mikep/.dotfiles/scripts/.local/share/nvim/mason/packages/lua-language-server/libexec/meta/LuaJIT%20en-us%20utf8/table.lua
[08:43:12.164][info] [#0:script/workspace/loading.lua:100]: Preload file at: file:///home/mikep/.dotfiles/scripts/.local/share/nvim/mason/packages/lua-language-server/libexec/meta/LuaJIT%20en-us%20utf8/table/clear.lua , size = 0.797 KB
[08:43:12.164][info] [#0:script/workspace/loading.lua:112]: ++++As library of:	file:///home/mikep/.dotfiles/scripts/.local/share/nvim/mason/packages/lua-language-server/libexec/meta/LuaJIT%20en-us%20utf8/table/clear.lua
[08:43:12.164][info] [#0:script/workspace/loading.lua:100]: Preload file at: file:///home/mikep/.dotfiles/scripts/.local/share/nvim/mason/packages/lua-language-server/libexec/meta/LuaJIT%20en-us%20utf8/ffi.lua , size = 2.529 KB
[08:43:12.166][info] [#0:script/workspace/loading.lua:112]: ++++As library of:	file:///home/mikep/.dotfiles/scripts/.local/share/nvim/mason/packages/lua-language-server/libexec/meta/LuaJIT%20en-us%20utf8/ffi.lua
[08:43:12.166][info] [#0:script/workspace/loading.lua:100]: Preload file at: file:///home/mikep/.dotfiles/scripts/.local/share/nvim/mason/packages/lua-language-server/libexec/meta/LuaJIT%20en-us%20utf8/string.lua , size = 6.310 KB
[08:43:12.169][info] [#0:script/workspace/loading.lua:112]: ++++As library of:	file:///home/mikep/.dotfiles/scripts/.local/share/nvim/mason/packages/lua-language-server/libexec/meta/LuaJIT%20en-us%20utf8/string.lua
[08:43:12.169][info] [#0:script/workspace/loading.lua:100]: Preload file at: file:///home/mikep/.dotfiles/scripts/.local/share/nvim/mason/packages/lua-language-server/libexec/meta/LuaJIT%20en-us%20utf8/table/new.lua , size = 0.642 KB
[08:43:12.169][info] [#0:script/workspace/loading.lua:112]: ++++As library of:	file:///home/mikep/.dotfiles/scripts/.local/share/nvim/mason/packages/lua-language-server/libexec/meta/LuaJIT%20en-us%20utf8/table/new.lua
[08:43:12.169][info] [#0:script/workspace/loading.lua:100]: Preload file at: file:///home/mikep/.dotfiles/scripts/.local/share/nvim/mason/packages/lua-language-server/libexec/meta/LuaJIT%20en-us%20utf8/jit.lua , size = 0.884 KB
[08:43:12.170][info] [#0:script/workspace/loading.lua:112]: ++++As library of:	file:///home/mikep/.dotfiles/scripts/.local/share/nvim/mason/packages/lua-language-server/libexec/meta/LuaJIT%20en-us%20utf8/jit.lua
[08:43:12.170][info] [#0:script/workspace/loading.lua:100]: Preload file at: file:///home/mikep/.dotfiles/scripts/.local/share/nvim/mason/packages/lua-language-server/libexec/meta/LuaJIT%20en-us%20utf8/io.lua , size = 6.364 KB
[08:43:12.172][info] [#0:script/workspace/loading.lua:112]: ++++As library of:	file:///home/mikep/.dotfiles/scripts/.local/share/nvim/mason/packages/lua-language-server/libexec/meta/LuaJIT%20en-us%20utf8/io.lua
[08:43:12.172][info] [#0:script/workspace/loading.lua:100]: Preload file at: file:///home/mikep/.dotfiles/scripts/.local/share/nvim/mason/packages/lua-language-server/libexec/meta/LuaJIT%20en-us%20utf8/basic.lua , size = 15.233 KB
[08:43:12.176][info] [#0:script/workspace/loading.lua:112]: ++++As library of:	file:///home/mikep/.dotfiles/scripts/.local/share/nvim/mason/packages/lua-language-server/libexec/meta/LuaJIT%20en-us%20utf8/basic.lua
[08:43:12.176][info] [#0:script/workspace/loading.lua:100]: Preload file at: file:///home/mikep/.dotfiles/scripts/.local/share/nvim/mason/packages/lua-language-server/libexec/meta/LuaJIT%20en-us%20utf8/bit.lua , size = 1.319 KB
[08:43:12.178][info] [#0:script/workspace/loading.lua:112]: ++++As library of:	file:///home/mikep/.dotfiles/scripts/.local/share/nvim/mason/packages/lua-language-server/libexec/meta/LuaJIT%20en-us%20utf8/bit.lua
[08:43:12.179][info] [#0:script/workspace/loading.lua:100]: Preload file at: file:///home/mikep/.dotfiles/scripts/.local/share/nvim/mason/packages/lua-language-server/libexec/meta/LuaJIT%20en-us%20utf8/coroutine.lua , size = 2.541 KB
[08:43:12.179][info] [#0:script/workspace/loading.lua:112]: ++++As library of:	file:///home/mikep/.dotfiles/scripts/.local/share/nvim/mason/packages/lua-language-server/libexec/meta/LuaJIT%20en-us%20utf8/coroutine.lua
[08:43:12.180][info] [#0:script/workspace/loading.lua:100]: Preload file at: file:///home/mikep/.dotfiles/scripts/.local/share/nvim/mason/packages/lua-language-server/libexec/meta/LuaJIT%20en-us%20utf8/math.lua , size = 7.949 KB
[08:43:12.182][info] [#0:script/workspace/loading.lua:112]: ++++As library of:	file:///home/mikep/.dotfiles/scripts/.local/share/nvim/mason/packages/lua-language-server/libexec/meta/LuaJIT%20en-us%20utf8/math.lua
[08:43:12.182][info] [#0:script/workspace/loading.lua:100]: Preload file at: file:///home/mikep/.dotfiles/scripts/.local/share/nvim/mason/packages/lua-language-server/libexec/meta/LuaJIT%20en-us%20utf8/jit/util.lua , size = 1.984 KB
[08:43:12.183][info] [#0:script/workspace/loading.lua:112]: ++++As library of:	file:///home/mikep/.dotfiles/scripts/.local/share/nvim/mason/packages/lua-language-server/libexec/meta/LuaJIT%20en-us%20utf8/jit/util.lua
[08:43:12.183][info] [#0:script/workspace/loading.lua:100]: Preload file at: file:///home/mikep/.dotfiles/scripts/.local/share/nvim/mason/packages/lua-language-server/libexec/meta/LuaJIT%20en-us%20utf8/debug.lua , size = 7.310 KB
[08:43:12.185][info] [#0:script/workspace/loading.lua:112]: ++++As library of:	file:///home/mikep/.dotfiles/scripts/.local/share/nvim/mason/packages/lua-language-server/libexec/meta/LuaJIT%20en-us%20utf8/debug.lua
[08:43:12.186][info] [#0:script/workspace/loading.lua:100]: Preload file at: file:///home/mikep/.dotfiles/scripts/.local/share/nvim/mason/packages/lua-language-server/libexec/meta/LuaJIT%20en-us%20utf8/jit/profile.lua , size = 0.348 KB
[08:43:12.186][info] [#0:script/workspace/loading.lua:112]: ++++As library of:	file:///home/mikep/.dotfiles/scripts/.local/share/nvim/mason/packages/lua-language-server/libexec/meta/LuaJIT%20en-us%20utf8/jit/profile.lua
[08:43:12.186][info] [#0:script/workspace/loading.lua:100]: Preload file at: file:///home/mikep/.dotfiles/scripts/.local/share/nvim/mason/packages/lua-language-server/libexec/meta/LuaJIT%20en-us%20utf8/builtin.lua , size = 0.302 KB
[08:43:12.187][info] [#0:script/workspace/loading.lua:112]: ++++As library of:	file:///home/mikep/.dotfiles/scripts/.local/share/nvim/mason/packages/lua-language-server/libexec/meta/LuaJIT%20en-us%20utf8/builtin.lua
[08:43:12.187][info] [#0:script/workspace/loading.lua:100]: Preload file at: file:///home/mikep/.dotfiles/scripts/.local/share/nvim/mason/packages/lua-language-server/libexec/meta/LuaJIT%20en-us%20utf8/package.lua , size = 2.699 KB
[08:43:12.187][info] [#0:script/workspace/loading.lua:112]: ++++As library of:	file:///home/mikep/.dotfiles/scripts/.local/share/nvim/mason/packages/lua-language-server/libexec/meta/LuaJIT%20en-us%20utf8/package.lua
[08:43:12.188][info] [#0:script/workspace/loading.lua:100]: Preload file at: file:///home/mikep/.dotfiles/scripts/.local/share/nvim/mason/packages/lua-language-server/libexec/meta/LuaJIT%20en-us%20utf8/os.lua , size = 5.600 KB
[08:43:12.189][info] [#0:script/workspace/loading.lua:112]: ++++As library of:	file:///home/mikep/.dotfiles/scripts/.local/share/nvim/mason/packages/lua-language-server/libexec/meta/LuaJIT%20en-us%20utf8/os.lua
[08:43:12.190][info] [#0:script/workspace/loading.lua:100]: Preload file at: file:///home/mikep/.dotfiles/scripts/.local/share/nvim/mason/packages/lua-language-server/libexec/meta/LuaJIT%20en-us%20utf8/string/buffer.lua , size = 18.123 KB
[08:43:12.193][info] [#0:script/workspace/loading.lua:112]: ++++As library of:	file:///home/mikep/.dotfiles/scripts/.local/share/nvim/mason/packages/lua-language-server/libexec/meta/LuaJIT%20en-us%20utf8/string/buffer.lua
[08:43:12.290][info] [#0:script/workspace/loading.lua:172]: Loaded files takes [0.071] sec: <fallback>
[08:43:12.290][info] [#0:script/workspace/loading.lua:181]: Compile files takes [0.000] sec: <fallback>
[08:43:12.290][info] [#0:script/workspace/loading.lua:182]: Loaded finish:	<fallback>
[08:43:12.290][info] [#0:script/workspace/workspace.lua:381]: Preload finish at:	<fallback>
[08:43:17.525][info] [#0:script/workspace/workspace.lua:353]: Scan library at:	file:///home/mikep/.dotfiles/scripts/.local/share/nvim/mason/packages/lua-language-server/libexec/meta/LuaJIT%20en-us%20utf8/string/buffer.lua
[08:43:17.525][info] [#0:script/workspace/workspace.lua:353]: Scan library at:	file:///home/mikep/.dotfiles/scripts/.local/share/nvim/mason/packages/lua-language-server/libexec/meta/LuaJIT%20en-us%20utf8/os.lua
[08:43:17.525][info] [#0:script/workspace/workspace.lua:353]: Scan library at:	file:///home/mikep/.dotfiles/scripts/.local/share/nvim/lazy/mason.nvim/lua
[08:43:17.547][info] [#0:script/workspace/workspace.lua:353]: Scan library at:	file:///home/mikep/.dotfiles/scripts/.local/share/nvim/mason/packages/lua-language-server/libexec/meta/LuaJIT%20en-us%20utf8/builtin.lua
[08:43:17.547][info] [#0:script/workspace/workspace.lua:353]: Scan library at:	file:///home/mikep/.dotfiles/scripts/.local/share/nvim/lazy/onedark.nvim/lua
[08:43:17.549][info] [#0:script/workspace/workspace.lua:353]: Scan library at:	file:///home/mikep/.dotfiles/scripts/.local/share/nvim/lazy/nvim-treesitter-textobjects/lua
[08:43:17.550][info] [#0:script/workspace/workspace.lua:353]: Scan library at:	file:///home/mikep/.dotfiles/scripts/.local/share/nvim/lazy/nvim-lspconfig/lua
[08:43:17.585][info] [#0:script/workspace/workspace.lua:353]: Scan library at:	file:///home/mikep/.dotfiles/scripts/.local/share/nvim/lazy/fidget.nvim/lua
[08:43:17.586][info] [#0:script/workspace/workspace.lua:353]: Scan library at:	file:///home/mikep/.dotfiles/scripts/.local/share/nvim/lazy/gitsigns.nvim/lua
[08:43:17.591][info] [#0:script/workspace/workspace.lua:353]: Scan library at:	file:///home/mikep/.dotfiles/scripts/.local/share/nvim/mason/packages/lua-language-server/libexec/meta/LuaJIT%20en-us%20utf8/coroutine.lua
[08:43:17.591][info] [#0:script/workspace/workspace.lua:353]: Scan library at:	file:///home/mikep/.dotfiles/scripts/.local/share/nvim/lazy/nvim-treesitter/lua
[08:43:17.593][info] [#0:script/workspace/workspace.lua:353]: Scan library at:	file:///home/mikep/.dotfiles/scripts/.local/share/nvim/lazy/Comment.nvim/lua
[08:43:17.594][info] [#0:script/workspace/workspace.lua:353]: Scan library at:	file:///home/mikep/.dotfiles/scripts/.local/share/nvim/mason/packages/lua-language-server/libexec/meta/LuaJIT%20en-us%20utf8/bit.lua
[08:43:17.594][info] [#0:script/workspace/workspace.lua:353]: Scan library at:	file:///home/mikep/.dotfiles/scripts/.local/share/nvim/mason/packages/lua-language-server/libexec/meta/LuaJIT%20en-us%20utf8/io.lua
[08:43:17.594][info] [#0:script/workspace/workspace.lua:353]: Scan library at:	file:///home/mikep/.dotfiles/scripts/.local/share/nvim/lazy/lazy.nvim/lua
[08:43:17.606][info] [#0:script/workspace/workspace.lua:353]: Scan library at:	file:///home/mikep/.dotfiles/scripts/.local/share/nvim/lazy/telescope-fzf-native.nvim/lua
[08:43:17.610][info] [#0:script/workspace/workspace.lua:353]: Scan library at:	file:///home/mikep/.dotfiles/scripts/.local/share/nvim/mason/packages/lua-language-server/libexec/meta/LuaJIT%20en-us%20utf8/string.lua
[08:43:17.610][info] [#0:script/workspace/workspace.lua:353]: Scan library at:	file:///home/mikep/.dotfiles/scripts/.local/share/nvim/lazy/which-key.nvim/lua
[08:43:17.613][info] [#0:script/workspace/workspace.lua:353]: Scan library at:	file:///home/mikep/.dotfiles/scripts/.local/share/nvim/mason/packages/lua-language-server/libexec/meta/LuaJIT%20en-us%20utf8/package.lua
[08:43:17.613][info] [#0:script/workspace/workspace.lua:353]: Scan library at:	file:///home/mikep/.dotfiles/scripts/.local/share/nvim/lazy/neodev.nvim/lua
[08:43:17.615][info] [#0:script/workspace/workspace.lua:353]: Scan library at:	file:///home/mikep/.dotfiles/scripts/.local/share/nvim/mason/packages/lua-language-server/libexec/meta/LuaJIT%20en-us%20utf8/table/clear.lua
[08:43:17.615][info] [#0:script/workspace/workspace.lua:353]: Scan library at:	file:///home/mikep/.dotfiles/scripts/.local/share/nvim/mason/packages/lua-language-server/libexec/meta/LuaJIT%20en-us%20utf8/table/new.lua
[08:43:17.615][info] [#0:script/workspace/workspace.lua:353]: Scan library at:	file:///home/mikep/.dotfiles/scripts/.local/share/nvim/lazy/lualine.nvim/lua
[08:43:17.629][info] [#0:script/workspace/workspace.lua:353]: Scan library at:	file:///home/mikep/.dotfiles/scripts/.local/share/nvim/mason/packages/lua-language-server/libexec/meta/LuaJIT%20en-us%20utf8/debug.lua
[08:43:17.629][info] [#0:script/workspace/workspace.lua:353]: Scan library at:	file:///home/mikep/.dotfiles/scripts/.local/share/nvim/mason/packages/lua-language-server/libexec/meta/LuaJIT%20en-us%20utf8/jit/util.lua
[08:43:17.629][info] [#0:script/workspace/workspace.lua:353]: Scan library at:	file:///home/mikep/.dotfiles/scripts/.local/share/nvim/mason/packages/lua-language-server/libexec/meta/LuaJIT%20en-us%20utf8/math.lua
[08:43:17.630][info] [#0:script/workspace/workspace.lua:353]: Scan library at:	file:///home/mikep/.dotfiles/scripts/.local/share/nvim/lazy/neodev.nvim/types/nightly
[08:43:17.630][info] [#0:script/workspace/workspace.lua:353]: Scan library at:	file:///home/mikep/.dotfiles/scripts/.local/share/nvim/lazy/plenary.nvim/lua
[08:43:17.641][info] [#0:script/workspace/workspace.lua:353]: Scan library at:	file:///home/mikep/.dotfiles/scripts/.local/share/nvim/lazy/mason-lspconfig.nvim/lua
[08:43:17.653][info] [#0:script/workspace/workspace.lua:353]: Scan library at:	file:///home/mikep/.dotfiles/scripts/.local/share/nvim/lazy/telescope.nvim/lua
[08:43:17.663][info] [#0:script/workspace/workspace.lua:353]: Scan library at:	file:///home/mikep/.dotfiles/scripts/.local/share/nvim/mason/packages/lua-language-server/libexec/meta/LuaJIT%20en-us%20utf8/jit/profile.lua
[08:43:17.663][info] [#0:script/workspace/workspace.lua:353]: Scan library at:	file:///home/mikep/.dotfiles/scripts/.local/share/nvim/lazy/cmp_luasnip/lua
[08:43:17.664][info] [#0:script/workspace/workspace.lua:353]: Scan library at:	file:///home/mikep/.dotfiles/scripts/.local/share/nvim/mason/packages/lua-language-server/libexec/meta/LuaJIT%20en-us%20utf8/jit.lua
[08:43:17.664][info] [#0:script/workspace/workspace.lua:353]: Scan library at:	file:///home/mikep/.dotfiles/scripts/.local/share/nvim/lazy/cmp-nvim-lsp/lua
[08:43:17.665][info] [#0:script/workspace/workspace.lua:353]: Scan library at:	file:///home/mikep/.dotfiles/scripts/.local/share/nvim/lazy/harpoon/lua
[08:43:17.668][info] [#0:script/workspace/workspace.lua:353]: Scan library at:	file:///squashfs-root/usr/share/nvim/runtime/lua
[08:43:17.682][info] [#0:script/workspace/workspace.lua:353]: Scan library at:	file:///home/mikep/.dotfiles/scripts/.local/share/nvim/lazy/vimtex/lua
[08:43:17.684][info] [#0:script/workspace/workspace.lua:353]: Scan library at:	file:///home/mikep/.dotfiles/scripts/.local/share/nvim/mason/packages/lua-language-server/libexec/meta/LuaJIT%20en-us%20utf8/basic.lua
[08:43:17.684][info] [#0:script/workspace/workspace.lua:353]: Scan library at:	file:///home/mikep/.dotfiles/scripts/.local/share/nvim/lazy/nvim-cmp/lua
[08:43:17.690][info] [#0:script/workspace/workspace.lua:353]: Scan library at:	file:///home/mikep/.dotfiles/scripts/.local/share/nvim/mason/packages/lua-language-server/libexec/meta/LuaJIT%20en-us%20utf8/ffi.lua
[08:43:17.691][info] [#0:script/workspace/workspace.lua:353]: Scan library at:	file:///home/mikep/.dotfiles/scripts/.local/share/nvim/lazy/indent-blankline.nvim/lua
[08:43:17.692][info] [#0:script/workspace/workspace.lua:353]: Scan library at:	file:///home/mikep/.dotfiles/scripts/.local/share/nvim/lazy/LuaSnip/lua
[08:43:17.702][info] [#0:script/workspace/workspace.lua:353]: Scan library at:	file:///home/mikep/.dotfiles/scripts/.local/share/nvim/mason/packages/lua-language-server/libexec/meta/LuaJIT%20en-us%20utf8/table.lua
[08:43:17.803][info] [#0:script/workspace/workspace.lua:379]: Found 2846 files at:	file:///home/mikep/.dotfiles
[08:43:17.803][info] [#0:script/workspace/loading.lua:160]: Load files from disk:	file:///home/mikep/.dotfiles
[08:43:17.803][info] [#0:script/workspace/loading.lua:88]: Skip loaded file: file:///home/mikep/.dotfiles/scripts/.local/share/nvim/mason/packages/lua-language-server/libexec/meta/LuaJIT%20en-us%20utf8/table.lua
[08:43:17.803][info] [#0:script/workspace/loading.lua:112]: ++++As library of:	file:///home/mikep/.dotfiles/scripts/.local/share/nvim/mason/packages/lua-language-server/libexec/meta/LuaJIT%20en-us%20utf8/table.lua
[08:43:17.804][info] [#0:script/workspace/loading.lua:100]: Preload file at: file:///home/mikep/.dotfiles/scripts/.local/share/nvim/lazy/LuaSnip/lua/luasnip/snippets.lua , size = 0.000 KB
[08:43:17.805][info] [#0:script/workspace/loading.lua:112]: ++++As library of:	file:///home/mikep/.dotfiles/scripts/.local/share/nvim/lazy/LuaSnip/lua
[08:43:17.806][info] [#0:script/workspace/loading.lua:100]: Preload file at: file:///home/mikep/.dotfiles/scripts/.local/share/nvim/lazy/LuaSnip/lua/luasnip/_types.lua , size = 0.306 KB
[08:43:17.807][info] [#0:script/workspace/loading.lua:112]: ++++As library of:	file:///home/mikep/.dotfiles/scripts/.local/share/nvim/lazy/LuaSnip/lua
[08:43:17.807][info] [#0:script/workspace/loading.lua:100]: Preload file at: file:///home/mikep/.dotfiles/scripts/.local/share/nvim/lazy/LuaSnip/lua/luasnip-jsregexp.lua , size = 6.087 KB
[08:43:17.810][info] [#0:script/workspace/loading.lua:112]: ++++As library of:	file:///home/mikep/.dotfiles/scripts/.local/share/nvim/lazy/LuaSnip/lua
[08:43:17.810][info] [#0:script/workspace/loading.lua:100]: Preload file at: file:///home/mikep/.dotfiles/scripts/.local/share/nvim/lazy/LuaSnip/lua/luasnip/nodes/textNode.lua , size = 1.623 KB
[08:43:17.811][info] [#0:script/workspace/loading.lua:112]: ++++As library of:	file:///home/mikep/.dotfiles/scripts/.local/share/nvim/lazy/LuaSnip/lua
[08:43:17.811][info] [#0:script/workspace/loading.lua:100]: Preload file at: file:///home/mikep/.dotfiles/scripts/.local/share/nvim/lazy/LuaSnip/lua/luasnip/nodes/dynamicNode.lua , size = 10.689 KB
[08:43:17.822][info] [#0:script/workspace/loading.lua:112]: ++++As library of:	file:///home/mikep/.dotfiles/scripts/.local/share/nvim/lazy/LuaSnip/lua
[08:43:17.823][info] [#0:script/workspace/loading.lua:100]: Preload file at: file:///home/mikep/.dotfiles/scripts/.local/share/nvim/lazy/LuaSnip/lua/luasnip/nodes/insertNode.lua , size = 7.971 KB
[08:43:17.825][info] [#0:script/workspace/loading.lua:112]: ++++As library of:	file:///home/mikep/.dotfiles/scripts/.local/share/nvim/lazy/LuaSnip/lua
[08:43:17.825][info] [#0:script/workspace/loading.lua:100]: Preload file at: file:///home/mikep/.dotfiles/scripts/.local/share/nvim/lazy/LuaSnip/lua/luasnip/nodes/util.lua , size = 25.341 KB
[08:43:17.832][info] [#0:script/workspace/loading.lua:112]: ++++As library of:	file:///home/mikep/.dotfiles/scripts/.local/share/nvim/lazy/LuaSnip/lua
[08:43:17.834][info] [#0:script/workspace/loading.lua:100]: Preload file at: file:///home/mikep/.dotfiles/scripts/.local/share/nvim/lazy/LuaSnip/lua/luasnip/nodes/snippetProxy.lua , size = 3.776 KB
[08:43:17.835][info] [#0:script/workspace/loading.lua:112]: ++++As library of:	file:///home/mikep/.dotfiles/scripts/.local/share/nvim/lazy/LuaSnip/lua
[08:43:17.835][info] [#0:script/workspace/loading.lua:100]: Preload file at: file:///home/mikep/.dotfiles/scripts/.local/share/nvim/lazy/LuaSnip/lua/luasnip/nodes/duplicate.lua , size = 1.745 KB
[08:43:17.835][info] [#0:script/workspace/loading.lua:112]: ++++As library of:	file:///home/mikep/.dotfiles/scripts/.local/share/nvim/lazy/LuaSnip/lua
[08:43:17.835][info] [#0:script/workspace/loading.lua:100]: Preload file at: file:///home/mikep/.dotfiles/scripts/.local/share/nvim/lazy/LuaSnip/lua/luasnip/nodes/node.lua , size = 18.322 KB
[08:43:17.841][info] [#0:script/workspace/loading.lua:112]: ++++As library of:	file:///home/mikep/.dotfiles/scripts/.local/share/nvim/lazy/LuaSnip/lua
[08:43:17.841][info] [#0:script/workspace/loading.lua:100]: Preload file at: file:///home/mikep/.dotfiles/scripts/.local/share/nvim/lazy/LuaSnip/lua/luasnip/nodes/functionNode.lua , size = 4.292 KB
[08:43:17.845][info] [#0:script/workspace/loading.lua:112]: ++++As library of:	file:///home/mikep/.dotfiles/scripts/.local/share/nvim/lazy/LuaSnip/lua
[08:43:17.845][info] [#0:script/workspace/loading.lua:100]: Preload file at: file:///home/mikep/.dotfiles/scripts/.local/share/nvim/lazy/LuaSnip/lua/luasnip/nodes/key_indexer.lua , size = 0.170 KB
[08:43:17.845][info] [#0:script/workspace/loading.lua:112]: ++++As library of:	file:///home/mikep/.dotfiles/scripts/.local/share/nvim/lazy/LuaSnip/lua
[08:43:17.845][info] [#0:script/workspace/loading.lua:100]: Preload file at: file:///home/mikep/.dotfiles/scripts/.local/share/nvim/lazy/LuaSnip/lua/luasnip/nodes/snippet.lua , size = 44.661 KB
[08:43:17.859][info] [#0:script/workspace/loading.lua:112]: ++++As library of:	file:///home/mikep/.dotfiles/scripts/.local/share/nvim/lazy/LuaSnip/lua
[08:43:17.859][info] [#0:script/workspace/loading.lua:100]: Preload file at: file:///home/mikep/.dotfiles/scripts/.local/share/nvim/lazy/LuaSnip/lua/luasnip/nodes/absolute_indexer.lua , size = 0.622 KB
[08:43:17.860][info] [#0:script/workspace/loading.lua:112]: ++++As library of:	file:///home/mikep/.dotfiles/scripts/.local/share/nvim/lazy/LuaSnip/lua
[08:43:17.860][info] [#0:script/workspace/loading.lua:100]: Preload file at: file:///home/mikep/.dotfiles/scripts/.local/share/nvim/lazy/LuaSnip/lua/luasnip/nodes/multiSnippet.lua , size = 3.218 KB
[08:43:17.861][info] [#0:script/workspace/loading.lua:112]: ++++As library of:	file:///home/mikep/.dotfiles/scripts/.local/share/nvim/lazy/LuaSnip/lua
[08:43:17.861][info] [#0:script/workspace/loading.lua:100]: Preload file at: file:///home/mikep/.dotfiles/scripts/.local/share/nvim/lazy/LuaSnip/lua/luasnip/nodes/util/trig_engines.lua , size = 3.552 KB
[08:43:17.862][info] [#0:script/workspace/loading.lua:112]: ++++As library of:	file:///home/mikep/.dotfiles/scripts/.local/share/nvim/lazy/LuaSnip/lua
[08:43:17.862][info] [#0:script/workspace/loading.lua:100]: Preload file at: file:///home/mikep/.dotfiles/scripts/.local/share/nvim/lazy/LuaSnip/lua/luasnip/nodes/restoreNode.lua , size = 7.661 KB
[08:43:17.864][info] [#0:script/workspace/loading.lua:112]: ++++As library of:	file:///home/mikep/.dotfiles/scripts/.local/share/nvim/lazy/LuaSnip/lua
[08:43:17.864][info] [#0:script/workspace/loading.lua:100]: Preload file at: file:///home/mikep/.dotfiles/scripts/.local/share/nvim/lazy/LuaSnip/lua/luasnip/nodes/choiceNode.lua , size = 10.841 KB
[08:43:17.868][info] [#0:script/workspace/loading.lua:112]: ++++As library of:	file:///home/mikep/.dotfiles/scripts/.local/share/nvim/lazy/LuaSnip/lua
[08:43:17.868][info] [#0:script/workspace/loading.lua:100]: Preload file at: file:///home/mikep/.dotfiles/scripts/.local/share/nvim/lazy/LuaSnip/lua/luasnip/default_config.lua , size = 6.361 KB
[08:43:17.898][info] [#0:script/workspace/loading.lua:112]: ++++As library of:	file:///home/mikep/.dotfiles/scripts/.local/share/nvim/lazy/LuaSnip/lua
[08:43:17.898][info] [#0:script/workspace/loading.lua:100]: Preload file at: file:///home/mikep/.dotfiles/scripts/.local/share/nvim/lazy/LuaSnip/lua/luasnip/init.lua , size = 25.847 KB
[08:43:17.905][info] [#0:script/workspace/loading.lua:112]: ++++As library of:	file:///home/mikep/.dotfiles/scripts/.local/share/nvim/lazy/LuaSnip/lua
[08:43:17.906][info] [#0:script/workspace/loading.lua:100]: Preload file at: file:///home/mikep/.dotfiles/scripts/.local/share/nvim/lazy/LuaSnip/lua/luasnip/extras/otf.lua , size = 2.137 KB
[08:43:17.907][info] [#0:script/workspace/loading.lua:112]: ++++As library of:	file:///home/mikep/.dotfiles/scripts/.local/share/nvim/lazy/LuaSnip/lua
[08:43:17.907][info] [#0:script/workspace/loading.lua:100]: Preload file at: file:///home/mikep/.dotfiles/scripts/.local/share/nvim/lazy/LuaSnip/lua/luasnip/extras/select_choice.lua , size = 0.527 KB
[08:43:17.908][info] [#0:script/workspace/loading.lua:112]: ++++As library of:	file:///home/mikep/.dotfiles/scripts/.local/share/nvim/lazy/LuaSnip/lua
[08:43:17.908][info] [#0:script/workspace/loading.lua:100]: Preload file at: file:///home/mikep/.dotfiles/scripts/.local/share/nvim/lazy/LuaSnip/lua/luasnip/extras/_extra_types.lua , size = 1.420 KB
[08:43:17.908][info] [#0:script/workspace/loading.lua:112]: ++++As library of:	file:///home/mikep/.dotfiles/scripts/.local/share/nvim/lazy/LuaSnip/lua
[08:43:17.908][info] [#0:script/workspace/loading.lua:100]: Preload file at: file:///home/mikep/.dotfiles/scripts/.local/share/nvim/lazy/LuaSnip/lua/luasnip/extras/snippet_list.lua , size = 2.207 KB
[08:43:17.909][info] [#0:script/workspace/loading.lua:112]: ++++As library of:	file:///home/mikep/.dotfiles/scripts/.local/share/nvim/lazy/LuaSnip/lua
[08:43:17.909][info] [#0:script/workspace/loading.lua:100]: Preload file at: file:///home/mikep/.dotfiles/scripts/.local/share/nvim/lazy/LuaSnip/lua/luasnip/extras/postfix.lua , size = 1.930 KB
[08:43:17.910][info] [#0:script/workspace/loading.lua:112]: ++++As library of:	file:///home/mikep/.dotfiles/scripts/.local/share/nvim/lazy/LuaSnip/lua
[08:43:17.910][info] [#0:script/workspace/loading.lua:100]: Preload file at: file:///home/mikep/.dotfiles/scripts/.local/share/nvim/lazy/LuaSnip/lua/luasnip/extras/init.lua , size = 3.793 KB
[08:43:17.911][info] [#0:script/workspace/loading.lua:112]: ++++As library of:	file:///home/mikep/.dotfiles/scripts/.local/share/nvim/lazy/LuaSnip/lua
[08:43:17.911][info] [#0:script/workspace/loading.lua:100]: Preload file at: file:///home/mikep/.dotfiles/scripts/.local/share/nvim/lazy/LuaSnip/lua/luasnip/extras/_parser_combinator.lua , size = 2.056 KB
[08:43:17.912][info] [#0:script/workspace/loading.lua:112]: ++++As library of:	file:///home/mikep/.dotfiles/scripts/.local/share/nvim/lazy/LuaSnip/lua
[08:43:17.912][info] [#0:script/workspace/loading.lua:100]: Preload file at: file:///home/mikep/.dotfiles/scripts/.local/share/nvim/lazy/LuaSnip/lua/luasnip/extras/snip_location.lua , size = 4.831 KB
[08:43:17.914][info] [#0:script/workspace/loading.lua:112]: ++++As library of:	file:///home/mikep/.dotfiles/scripts/.local/share/nvim/lazy/LuaSnip/lua
[08:43:17.914][info] [#0:script/workspace/loading.lua:100]: Preload file at: file:///home/mikep/.dotfiles/scripts/.local/share/nvim/lazy/LuaSnip/lua/luasnip/extras/expand_conditions.lua , size = 0.050 KB
[08:43:17.914][info] [#0:script/workspace/loading.lua:112]: ++++As library of:	file:///home/mikep/.dotfiles/scripts/.local/share/nvim/lazy/LuaSnip/lua
[08:43:17.914][info] [#0:script/workspace/loading.lua:100]: Preload file at: file:///home/mikep/.dotfiles/scripts/.local/share/nvim/lazy/LuaSnip/lua/luasnip/extras/_lambda.lua , size = 8.079 KB
[08:43:17.917][info] [#0:script/workspace/loading.lua:112]: ++++As library of:	file:///home/mikep/.dotfiles/scripts/.local/share/nvim/lazy/LuaSnip/lua
[08:43:17.917][info] [#0:script/workspace/loading.lua:100]: Preload file at: file:///home/mikep/.dotfiles/scripts/.local/share/nvim/lazy/LuaSnip/lua/luasnip/extras/filetype_functions.lua , size = 2.316 KB
[08:43:17.918][info] [#0:script/workspace/loading.lua:112]: ++++As library of:	file:///home/mikep/.dotfiles/scripts/.local/share/nvim/lazy/LuaSnip/lua
[08:43:17.918][info] [#0:script/workspace/loading.lua:100]: Preload file at: file:///home/mikep/.dotfiles/scripts/.local/share/nvim/lazy/LuaSnip/lua/luasnip/extras/treesitter_postfix.lua , size = 7.769 KB
[08:43:17.920][info] [#0:script/workspace/loading.lua:112]: ++++As library of:	file:///home/mikep/.dotfiles/scripts/.local/share/nvim/lazy/LuaSnip/lua
[08:43:17.920][info] [#0:script/workspace/loading.lua:100]: Preload file at: file:///home/mikep/.dotfiles/scripts/.local/share/nvim/lazy/LuaSnip/lua/luasnip/extras/conditions/show.lua , size = 0.623 KB
[08:43:17.921][info] [#0:script/workspace/loading.lua:112]: ++++As library of:	file:///home/mikep/.dotfiles/scripts/.local/share/nvim/lazy/LuaSnip/lua
[08:43:17.921][info] [#0:script/workspace/loading.lua:100]: Preload file at: file:///home/mikep/.dotfiles/scripts/.local/share/nvim/lazy/LuaSnip/lua/luasnip/extras/conditions/init.lua , size = 1.211 KB
[08:43:17.921][info] [#0:script/workspace/loading.lua:112]: ++++As library of:	file:///home/mikep/.dotfiles/scripts/.local/share/nvim/lazy/LuaSnip/lua
[08:43:17.921][info] [#0:script/workspace/loading.lua:100]: Preload file at: file:///home/mikep/.dotfiles/scripts/.local/share/nvim/lazy/LuaSnip/lua/luasnip/extras/conditions/expand.lua , size = 0.521 KB
[08:43:17.921][info] [#0:script/workspace/loading.lua:112]: ++++As library of:	file:///home/mikep/.dotfiles/scripts/.local/share/nvim/lazy/LuaSnip/lua
[08:43:17.923][info] [#0:script/workspace/loading.lua:100]: Preload file at: file:///home/mikep/.dotfiles/scripts/.local/share/nvim/lazy/LuaSnip/lua/luasnip/extras/_treesitter.lua , size = 10.354 KB
[08:43:17.926][info] [#0:script/workspace/loading.lua:112]: ++++As library of:	file:///home/mikep/.dotfiles/scripts/.local/share/nvim/lazy/LuaSnip/lua
[08:43:17.926][info] [#0:script/workspace/loading.lua:100]: Preload file at: file:///home/mikep/.dotfiles/scripts/.local/share/nvim/lazy/LuaSnip/lua/luasnip/extras/fmt.lua , size = 6.555 KB
[08:43:17.928][info] [#0:script/workspace/loading.lua:112]: ++++As library of:	file:///home/mikep/.dotfiles/scripts/.local/share/nvim/lazy/LuaSnip/lua
[08:43:17.928][info] [#0:script/workspace/loading.lua:100]: Preload file at: file:///home/mikep/.dotfiles/scripts/.local/share/nvim/lazy/LuaSnip/lua/luasnip/config.lua , size = 4.210 KB
[08:43:17.929][info] [#0:script/workspace/loading.lua:112]: ++++As library of:	file:///home/mikep/.dotfiles/scripts/.local/share/nvim/lazy/LuaSnip/lua
[08:43:17.929][info] [#0:script/workspace/loading.lua:100]: Preload file at: file:///home/mikep/.dotfiles/scripts/.local/share/nvim/lazy/LuaSnip/lua/luasnip/loaders/fs_watchers.lua , size = 20.410 KB
[08:43:17.935][info] [#0:script/workspace/loading.lua:112]: ++++As library of:	file:///home/mikep/.dotfiles/scripts/.local/share/nvim/lazy/LuaSnip/lua
[08:43:17.935][info] [#0:script/workspace/loading.lua:100]: Preload file at: file:///home/mikep/.dotfiles/scripts/.local/share/nvim/lazy/LuaSnip/lua/luasnip/loaders/data.lua , size = 0.816 KB
[08:43:17.935][info] [#0:script/workspace/loading.lua:112]: ++++As library of:	file:///home/mikep/.dotfiles/scripts/.local/share/nvim/lazy/LuaSnip/lua
[08:43:17.935][info] [#0:script/workspace/loading.lua:100]: Preload file at: file:///home/mikep/.dotfiles/scripts/.local/share/nvim/lazy/LuaSnip/lua/luasnip/loaders/from_vscode.lua , size = 16.911 KB
[08:43:17.940][info] [#0:script/workspace/loading.lua:112]: ++++As library of:	file:///home/mikep/.dotfiles/scripts/.local/share/nvim/lazy/LuaSnip/lua
[08:43:17.940][info] [#0:script/workspace/loading.lua:100]: Preload file at: file:///home/mikep/.dotfiles/scripts/.local/share/nvim/lazy/LuaSnip/lua/luasnip/loaders/snippet_cache.lua , size = 2.643 KB
[08:43:17.942][info] [#0:script/workspace/loading.lua:112]: ++++As library of:	file:///home/mikep/.dotfiles/scripts/.local/share/nvim/lazy/LuaSnip/lua
[08:43:17.942][info] [#0:script/workspace/loading.lua:100]: Preload file at: file:///home/mikep/.dotfiles/scripts/.local/share/nvim/lazy/LuaSnip/lua/luasnip/loaders/types.lua , size = 0.731 KB
[08:43:17.942][info] [#0:script/workspace/loading.lua:112]: ++++As library of:	file:///home/mikep/.dotfiles/scripts/.local/share/nvim/lazy/LuaSnip/lua
[08:43:17.942][info] [#0:script/workspace/loading.lua:100]: Preload file at: file:///home/mikep/.dotfiles/scripts/.local/share/nvim/lazy/LuaSnip/lua/luasnip/loaders/util.lua , size = 8.358 KB
[08:43:17.944][info] [#0:script/workspace/loading.lua:112]: ++++As library of:	file:///home/mikep/.dotfiles/scripts/.local/share/nvim/lazy/LuaSnip/lua
[08:43:17.944][info] [#0:script/workspace/loading.lua:100]: Preload file at: file:///home/mikep/.dotfiles/scripts/.local/share/nvim/lazy/LuaSnip/lua/luasnip/loaders/from_lua.lua , size = 13.018 KB
[08:43:17.947][info] [#0:script/workspace/loading.lua:112]: ++++As library of:	file:///home/mikep/.dotfiles/scripts/.local/share/nvim/lazy/LuaSnip/lua
[08:43:17.947][info] [#0:script/workspace/loading.lua:100]: Preload file at: file:///home/mikep/.dotfiles/scripts/.local/share/nvim/lazy/LuaSnip/lua/luasnip/loaders/init.lua , size = 4.425 KB
[08:43:17.949][info] [#0:script/workspace/loading.lua:112]: ++++As library of:	file:///home/mikep/.dotfiles/scripts/.local/share/nvim/lazy/LuaSnip/lua
[08:43:17.949][info] [#0:script/workspace/loading.lua:100]: Preload file at: file:///home/mikep/.dotfiles/scripts/.local/share/nvim/lazy/LuaSnip/lua/luasnip/loaders/from_snipmate.lua , size = 15.168 KB
[08:43:17.953][info] [#0:script/workspace/loading.lua:112]: ++++As library of:	file:///home/mikep/.dotfiles/scripts/.local/share/nvim/lazy/LuaSnip/lua
[08:43:17.953][info] [#0:script/workspace/loading.lua:100]: Preload file at: file:///home/mikep/.dotfiles/scripts/.local/share/nvim/lazy/LuaSnip/lua/luasnip/util/jsonc.lua , size = 10.452 KB
[08:43:17.956][info] [#0:script/workspace/loading.lua:112]: ++++As library of:	file:///home/mikep/.dotfiles/scripts/.local/share/nvim/lazy/LuaSnip/lua
[08:43:17.956][info] [#0:script/workspace/loading.lua:100]: Preload file at: file:///home/mikep/.dotfiles/scripts/.local/share/nvim/lazy/LuaSnip/lua/luasnip/util/functions.lua , size = 0.890 KB
[08:43:17.956][info] [#0:script/workspace/loading.lua:112]: ++++As library of:	file:///home/mikep/.dotfiles/scripts/.local/share/nvim/lazy/LuaSnip/lua
[08:43:17.956][info] [#0:script/workspace/loading.lua:100]: Preload file at: file:///home/mikep/.dotfiles/scripts/.local/share/nvim/lazy/LuaSnip/lua/luasnip/util/time.lua , size = 0.396 KB
[08:43:17.956][info] [#0:script/workspace/loading.lua:112]: ++++As library of:	file:///home/mikep/.dotfiles/scripts/.local/share/nvim/lazy/LuaSnip/lua
[08:43:17.956][info] [#0:script/workspace/loading.lua:100]: Preload file at: file:///home/mikep/.dotfiles/scripts/.local/share/nvim/lazy/LuaSnip/lua/luasnip/util/mark.lua , size = 4.437 KB
[08:43:17.958][info] [#0:script/workspace/loading.lua:112]: ++++As library of:	file:///home/mikep/.dotfiles/scripts/.local/share/nvim/lazy/LuaSnip/lua
[08:43:17.958][info] [#0:script/workspace/loading.lua:100]: Preload file at: file:///home/mikep/.dotfiles/scripts/.local/share/nvim/lazy/LuaSnip/lua/luasnip/util/directed_graph.lua , size = 7.562 KB
[08:43:17.960][info] [#0:script/workspace/loading.lua:112]: ++++As library of:	file:///home/mikep/.dotfiles/scripts/.local/share/nvim/lazy/LuaSnip/lua
[08:43:17.962][info] [#0:script/workspace/loading.lua:100]: Preload file at: file:///home/mikep/.dotfiles/scripts/.local/share/nvim/lazy/LuaSnip/lua/luasnip/util/types.lua , size = 0.521 KB
[08:43:17.962][info] [#0:script/workspace/loading.lua:112]: ++++As library of:	file:///home/mikep/.dotfiles/scripts/.local/share/nvim/lazy/LuaSnip/lua
[08:43:17.962][info] [#0:script/workspace/loading.lua:100]: Preload file at: file:///home/mikep/.dotfiles/scripts/.local/share/nvim/lazy/LuaSnip/lua/luasnip/util/events.lua , size = 0.370 KB
[08:43:17.962][info] [#0:script/workspace/loading.lua:112]: ++++As library of:	file:///home/mikep/.dotfiles/scripts/.local/share/nvim/lazy/LuaSnip/lua
[08:43:17.962][info] [#0:script/workspace/loading.lua:100]: Preload file at: file:///home/mikep/.dotfiles/scripts/.local/share/nvim/lazy/LuaSnip/lua/luasnip/util/lazy_table.lua , size = 0.240 KB
[08:43:17.963][info] [#0:script/workspace/loading.lua:112]: ++++As library of:	file:///home/mikep/.dotfiles/scripts/.local/share/nvim/lazy/LuaSnip/lua
[08:43:17.963][info] [#0:script/workspace/loading.lua:100]: Preload file at: file:///home/mikep/.dotfiles/scripts/.local/share/nvim/lazy/LuaSnip/lua/luasnip/util/util.lua , size = 12.675 KB
[08:43:17.967][info] [#0:script/workspace/loading.lua:112]: ++++As library of:	file:///home/mikep/.dotfiles/scripts/.local/share/nvim/lazy/LuaSnip/lua
[08:43:17.967][info] [#0:script/workspace/loading.lua:100]: Preload file at: file:///home/mikep/.dotfiles/scripts/.local/share/nvim/lazy/LuaSnip/lua/luasnip/util/_builtin_vars.lua , size = 4.841 KB
[08:43:17.968][info] [#0:script/workspace/loading.lua:112]: ++++As library of:	file:///home/mikep/.dotfiles/scripts/.local/share/nvim/lazy/LuaSnip/lua
[08:43:17.968][info] [#0:script/workspace/loading.lua:100]: Preload file at: file:///home/mikep/.dotfiles/scripts/.local/share/nvim/lazy/LuaSnip/lua/luasnip/util/extend_decorator.lua , size = 2.584 KB
[08:43:17.969][info] [#0:script/workspace/loading.lua:112]: ++++As library of:	file:///home/mikep/.dotfiles/scripts/.local/share/nvim/lazy/LuaSnip/lua
[08:43:17.969][info] [#0:script/workspace/loading.lua:100]: Preload file at: file:///home/mikep/.dotfiles/scripts/.local/share/nvim/lazy/LuaSnip/lua/luasnip/util/ext_opts.lua , size = 4.381 KB
[08:43:17.970][info] [#0:script/workspace/loading.lua:112]: ++++As library of:	file:///home/mikep/.dotfiles/scripts/.local/share/nvim/lazy/LuaSnip/lua
[08:43:17.970][info] [#0:script/workspace/loading.lua:100]: Preload file at: file:///home/mikep/.dotfiles/scripts/.local/share/nvim/lazy/LuaSnip/lua/luasnip/util/jsregexp.lua , size = 1.496 KB
[08:43:17.971][info] [#0:script/workspace/loading.lua:112]: ++++As library of:	file:///home/mikep/.dotfiles/scripts/.local/share/nvim/lazy/LuaSnip/lua
[08:43:17.971][info] [#0:script/workspace/loading.lua:100]: Preload file at: file:///home/mikep/.dotfiles/scripts/.local/share/nvim/lazy/LuaSnip/lua/luasnip/util/select.lua , size = 4.234 KB
[08:43:17.972][info] [#0:script/workspace/loading.lua:112]: ++++As library of:	file:///home/mikep/.dotfiles/scripts/.local/share/nvim/lazy/LuaSnip/lua
[08:43:17.972][info] [#0:script/workspace/loading.lua:100]: Preload file at: file:///home/mikep/.dotfiles/scripts/.local/share/nvim/lazy/LuaSnip/lua/luasnip/util/auto_table.lua , size = 1.429 KB
[08:43:17.973][info] [#0:script/workspace/loading.lua:112]: ++++As library of:	file:///home/mikep/.dotfiles/scripts/.local/share/nvim/lazy/LuaSnip/lua
[08:43:17.973][info] [#0:script/workspace/loading.lua:100]: Preload file at: file:///home/mikep/.dotfiles/scripts/.local/share/nvim/lazy/LuaSnip/lua/luasnip/util/environ.lua , size = 3.968 KB
[08:43:17.974][info] [#0:script/workspace/loading.lua:112]: ++++As library of:	file:///home/mikep/.dotfiles/scripts/.local/share/nvim/lazy/LuaSnip/lua
[08:43:17.974][info] [#0:script/workspace/loading.lua:100]: Preload file at: file:///home/mikep/.dotfiles/scripts/.local/share/nvim/lazy/LuaSnip/lua/luasnip/util/str.lua , size = 3.385 KB
[08:43:17.975][info] [#0:script/workspace/loading.lua:112]: ++++As library of:	file:///home/mikep/.dotfiles/scripts/.local/share/nvim/lazy/LuaSnip/lua
[08:43:17.975][info] [#0:script/workspace/loading.lua:100]: Preload file at: file:///home/mikep/.dotfiles/scripts/.local/share/nvim/lazy/LuaSnip/lua/luasnip/util/log.lua , size = 3.018 KB
[08:43:17.976][info] [#0:script/workspace/loading.lua:112]: ++++As library of:	file:///home/mikep/.dotfiles/scripts/.local/share/nvim/lazy/LuaSnip/lua
[08:43:17.976][info] [#0:script/workspace/loading.lua:100]: Preload file at: file:///home/mikep/.dotfiles/scripts/.local/share/nvim/lazy/LuaSnip/lua/luasnip/util/dict.lua , size = 1.227 KB
[08:43:17.977][info] [#0:script/workspace/loading.lua:112]: ++++As library of:	file:///home/mikep/.dotfiles/scripts/.local/share/nvim/lazy/LuaSnip/lua
[08:43:17.978][info] [#0:script/workspace/loading.lua:100]: Preload file at: file:///home/mikep/.dotfiles/scripts/.local/share/nvim/lazy/LuaSnip/lua/luasnip/util/parser/neovim_ast.lua , size = 5.278 KB
[08:43:17.980][info] [#0:script/workspace/loading.lua:112]: ++++As library of:	file:///home/mikep/.dotfiles/scripts/.local/share/nvim/lazy/LuaSnip/lua
[08:43:17.980][info] [#0:script/workspace/loading.lua:100]: Preload file at: file:///home/mikep/.dotfiles/scripts/.local/share/nvim/lazy/LuaSnip/lua/luasnip/util/parser/ast_utils.lua , size = 13.752 KB
[08:43:17.983][info] [#0:script/workspace/loading.lua:112]: ++++As library of:	file:///home/mikep/.dotfiles/scripts/.local/share/nvim/lazy/LuaSnip/lua
[08:43:17.983][info] [#0:script/workspace/loading.lua:100]: Preload file at: file:///home/mikep/.dotfiles/scripts/.local/share/nvim/lazy/LuaSnip/lua/luasnip/util/parser/ast_parser.lua , size = 10.378 KB
[08:43:17.986][info] [#0:script/workspace/loading.lua:112]: ++++As library of:	file:///home/mikep/.dotfiles/scripts/.local/share/nvim/lazy/LuaSnip/lua
[08:43:17.986][info] [#0:script/workspace/loading.lua:100]: Preload file at: file:///home/mikep/.dotfiles/scripts/.local/share/nvim/lazy/LuaSnip/lua/luasnip/util/parser/init.lua , size = 3.884 KB
[08:43:17.987][info] [#0:script/workspace/loading.lua:112]: ++++As library of:	file:///home/mikep/.dotfiles/scripts/.local/share/nvim/lazy/LuaSnip/lua
[08:43:17.987][info] [#0:script/workspace/loading.lua:100]: Preload file at: file:///home/mikep/.dotfiles/scripts/.local/share/nvim/lazy/LuaSnip/lua/luasnip/util/parser/neovim_parser.lua , size = 8.948 KB
[08:43:17.990][info] [#0:script/workspace/loading.lua:112]: ++++As library of:	file:///home/mikep/.dotfiles/scripts/.local/share/nvim/lazy/LuaSnip/lua
[08:43:17.990][info] [#0:script/workspace/loading.lua:100]: Preload file at: file:///home/mikep/.dotfiles/scripts/.local/share/nvim/lazy/LuaSnip/lua/luasnip/util/table.lua , size = 0.694 KB
[08:43:17.991][info] [#0:script/workspace/loading.lua:112]: ++++As library of:	file:///home/mikep/.dotfiles/scripts/.local/share/nvim/lazy/LuaSnip/lua
[08:43:17.991][info] [#0:script/workspace/loading.lua:100]: Preload file at: file:///home/mikep/.dotfiles/scripts/.local/share/nvim/lazy/LuaSnip/lua/luasnip/util/pattern_tokenizer.lua , size = 3.092 KB
[08:43:17.992][info] [#0:script/workspace/loading.lua:112]: ++++As library of:	file:///home/mikep/.dotfiles/scripts/.local/share/nvim/lazy/LuaSnip/lua
[08:43:17.992][info] [#0:script/workspace/loading.lua:100]: Preload file at: file:///home/mikep/.dotfiles/scripts/.local/share/nvim/lazy/LuaSnip/lua/luasnip/session/enqueueable_operations.lua , size = 0.670 KB
[08:43:17.992][info] [#0:script/workspace/loading.lua:112]: ++++As library of:	file:///home/mikep/.dotfiles/scripts/.local/share/nvim/lazy/LuaSnip/lua
[08:43:17.992][info] [#0:script/workspace/loading.lua:100]: Preload file at: file:///home/mikep/.dotfiles/scripts/.local/share/nvim/lazy/LuaSnip/lua/luasnip/util/path.lua , size = 7.095 KB
[08:43:17.994][info] [#0:script/workspace/loading.lua:112]: ++++As library of:	file:///home/mikep/.dotfiles/scripts/.local/share/nvim/lazy/LuaSnip/lua
[08:43:17.994][info] [#0:script/workspace/loading.lua:100]: Preload file at: file:///home/mikep/.dotfiles/scripts/.local/share/nvim/lazy/LuaSnip/lua/luasnip/session/init.lua , size = 1.293 KB
[08:43:17.994][info] [#0:script/workspace/loading.lua:112]: ++++As library of:	file:///home/mikep/.dotfiles/scripts/.local/share/nvim/lazy/LuaSnip/lua
[08:43:17.994][info] [#0:script/workspace/loading.lua:100]: Preload file at: file:///home/mikep/.dotfiles/scripts/.local/share/nvim/lazy/LuaSnip/lua/luasnip/session/snippet_collection/source.lua , size = 0.750 KB
[08:43:17.995][info] [#0:script/workspace/loading.lua:112]: ++++As library of:	file:///home/mikep/.dotfiles/scripts/.local/share/nvim/lazy/LuaSnip/lua
[08:43:17.995][info] [#0:script/workspace/loading.lua:100]: Preload file at: file:///home/mikep/.dotfiles/scripts/.local/share/nvim/lazy/LuaSnip/lua/luasnip/session/snippet_collection/init.lua , size = 7.676 KB
[08:43:17.997][info] [#0:script/workspace/loading.lua:112]: ++++As library of:	file:///home/mikep/.dotfiles/scripts/.local/share/nvim/lazy/LuaSnip/lua
[08:43:17.997][info] [#0:script/workspace/loading.lua:100]: Preload file at: file:///home/mikep/.dotfiles/scripts/.local/share/nvim/lazy/LuaSnip/lua/luasnip/health.lua , size = 0.380 KB
[08:43:17.997][info] [#0:script/workspace/loading.lua:112]: ++++As library of:	file:///home/mikep/.dotfiles/scripts/.local/share/nvim/lazy/LuaSnip/lua
[08:43:17.998][info] [#0:script/workspace/loading.lua:88]: Skip loaded file: file:///home/mikep/.dotfiles/scripts/.local/share/nvim/mason/packages/lua-language-server/libexec/meta/LuaJIT%20en-us%20utf8/ffi.lua
[08:43:17.999][info] [#0:script/workspace/loading.lua:112]: ++++As library of:	file:///home/mikep/.dotfiles/scripts/.local/share/nvim/mason/packages/lua-language-server/libexec/meta/LuaJIT%20en-us%20utf8/ffi.lua
[08:43:17.999][info] [#0:script/workspace/loading.lua:100]: Preload file at: file:///home/mikep/.dotfiles/scripts/.local/share/nvim/lazy/indent-blankline.nvim/lua/indent_blankline.lua , size = 0.322 KB
[08:43:17.999][info] [#0:script/workspace/loading.lua:112]: ++++As library of:	file:///home/mikep/.dotfiles/scripts/.local/share/nvim/lazy/indent-blankline.nvim/lua
[08:43:17.999][info] [#0:script/workspace/loading.lua:100]: Preload file at: file:///home/mikep/.dotfiles/scripts/.local/share/nvim/lazy/indent-blankline.nvim/lua/ibl/highlights.lua , size = 3.449 KB
[08:43:18.000][info] [#0:script/workspace/loading.lua:112]: ++++As library of:	file:///home/mikep/.dotfiles/scripts/.local/share/nvim/lazy/indent-blankline.nvim/lua
[08:43:18.000][info] [#0:script/workspace/loading.lua:100]: Preload file at: file:///home/mikep/.dotfiles/scripts/.local/share/nvim/lazy/indent-blankline.nvim/lua/ibl/inlay_hints.lua , size = 2.345 KB
[08:43:18.001][info] [#0:script/workspace/loading.lua:112]: ++++As library of:	file:///home/mikep/.dotfiles/scripts/.local/share/nvim/lazy/indent-blankline.nvim/lua
[08:43:18.001][info] [#0:script/workspace/loading.lua:100]: Preload file at: file:///home/mikep/.dotfiles/scripts/.local/share/nvim/lazy/indent-blankline.nvim/lua/ibl/scope_languages.lua , size = 15.765 KB
[08:43:18.004][info] [#0:script/workspace/loading.lua:112]: ++++As library of:	file:///home/mikep/.dotfiles/scripts/.local/share/nvim/lazy/indent-blankline.nvim/lua
[08:43:18.004][info] [#0:script/workspace/loading.lua:100]: Preload file at: file:///home/mikep/.dotfiles/scripts/.local/share/nvim/lazy/indent-blankline.nvim/lua/ibl/init.lua , size = 17.126 KB
[08:43:18.056][info] [#0:script/workspace/loading.lua:112]: ++++As library of:	file:///home/mikep/.dotfiles/scripts/.local/share/nvim/lazy/indent-blankline.nvim/lua
[08:43:18.057][info] [#0:script/workspace/loading.lua:100]: Preload file at: file:///home/mikep/.dotfiles/scripts/.local/share/nvim/lazy/indent-blankline.nvim/lua/ibl/virt_text.lua , size = 4.349 KB
[08:43:18.058][info] [#0:script/workspace/loading.lua:112]: ++++As library of:	file:///home/mikep/.dotfiles/scripts/.local/share/nvim/lazy/indent-blankline.nvim/lua
[08:43:18.058][info] [#0:script/workspace/loading.lua:100]: Preload file at: file:///home/mikep/.dotfiles/scripts/.local/share/nvim/lazy/indent-blankline.nvim/lua/ibl/config.types.lua , size = 8.953 KB
[08:43:18.060][info] [#0:script/workspace/loading.lua:112]: ++++As library of:	file:///home/mikep/.dotfiles/scripts/.local/share/nvim/lazy/indent-blankline.nvim/lua
[08:43:18.060][info] [#0:script/workspace/loading.lua:100]: Preload file at: file:///home/mikep/.dotfiles/scripts/.local/share/nvim/lazy/indent-blankline.nvim/lua/ibl/indent.lua , size = 3.731 KB
[08:43:18.061][info] [#0:script/workspace/loading.lua:112]: ++++As library of:	file:///home/mikep/.dotfiles/scripts/.local/share/nvim/lazy/indent-blankline.nvim/lua
[08:43:18.061][info] [#0:script/workspace/loading.lua:100]: Preload file at: file:///home/mikep/.dotfiles/scripts/.local/share/nvim/lazy/indent-blankline.nvim/lua/ibl/config.lua , size = 10.411 KB
[08:43:18.064][info] [#0:script/workspace/loading.lua:112]: ++++As library of:	file:///home/mikep/.dotfiles/scripts/.local/share/nvim/lazy/indent-blankline.nvim/lua
[08:43:18.064][info] [#0:script/workspace/loading.lua:100]: Preload file at: file:///home/mikep/.dotfiles/scripts/.local/share/nvim/lazy/indent-blankline.nvim/lua/ibl/utils.lua , size = 13.517 KB
[08:43:18.069][info] [#0:script/workspace/loading.lua:112]: ++++As library of:	file:///home/mikep/.dotfiles/scripts/.local/share/nvim/lazy/indent-blankline.nvim/lua
[08:43:18.069][info] [#0:script/workspace/loading.lua:100]: Preload file at: file:///home/mikep/.dotfiles/scripts/.local/share/nvim/lazy/indent-blankline.nvim/lua/ibl/autocmds.lua , size = 1.694 KB
[08:43:18.069][info] [#0:script/workspace/loading.lua:112]: ++++As library of:	file:///home/mikep/.dotfiles/scripts/.local/share/nvim/lazy/indent-blankline.nvim/lua
[08:43:18.069][info] [#0:script/workspace/loading.lua:100]: Preload file at: file:///home/mikep/.dotfiles/scripts/.local/share/nvim/lazy/indent-blankline.nvim/lua/ibl/scope.lua , size = 2.498 KB
[08:43:18.070][info] [#0:script/workspace/loading.lua:112]: ++++As library of:	file:///home/mikep/.dotfiles/scripts/.local/share/nvim/lazy/indent-blankline.nvim/lua
[08:43:18.070][info] [#0:script/workspace/loading.lua:100]: Preload file at: file:///home/mikep/.dotfiles/scripts/.local/share/nvim/lazy/indent-blankline.nvim/lua/ibl/hooks.lua , size = 9.529 KB
[08:43:18.073][info] [#0:script/workspace/loading.lua:112]: ++++As library of:	file:///home/mikep/.dotfiles/scripts/.local/share/nvim/lazy/indent-blankline.nvim/lua
[08:43:18.074][info] [#0:script/workspace/loading.lua:100]: Preload file at: file:///home/mikep/.dotfiles/scripts/.local/share/nvim/lazy/nvim-cmp/lua/cmp/entry_spec.lua , size = 9.510 KB
[08:43:18.077][info] [#0:script/workspace/loading.lua:112]: ++++As library of:	file:///home/mikep/.dotfiles/scripts/.local/share/nvim/lazy/nvim-cmp/lua
[08:43:18.077][info] [#0:script/workspace/loading.lua:100]: Preload file at: file:///home/mikep/.dotfiles/scripts/.local/share/nvim/lazy/nvim-cmp/lua/cmp/context_spec.lua , size = 0.904 KB
[08:43:18.077][info] [#0:script/workspace/loading.lua:112]: ++++As library of:	file:///home/mikep/.dotfiles/scripts/.local/share/nvim/lazy/nvim-cmp/lua
[08:43:18.077][info] [#0:script/workspace/loading.lua:100]: Preload file at: file:///home/mikep/.dotfiles/scripts/.local/share/nvim/lazy/nvim-cmp/lua/cmp/vim_source.lua , size = 1.160 KB
[08:43:18.078][info] [#0:script/workspace/loading.lua:112]: ++++As library of:	file:///home/mikep/.dotfiles/scripts/.local/share/nvim/lazy/nvim-cmp/lua
[08:43:18.078][info] [#0:script/workspace/loading.lua:100]: Preload file at: file:///home/mikep/.dotfiles/scripts/.local/share/nvim/lazy/nvim-cmp/lua/cmp/source.lua , size = 11.928 KB
[08:43:18.081][info] [#0:script/workspace/loading.lua:112]: ++++As library of:	file:///home/mikep/.dotfiles/scripts/.local/share/nvim/lazy/nvim-cmp/lua
[08:43:18.081][info] [#0:script/workspace/loading.lua:100]: Preload file at: file:///home/mikep/.dotfiles/scripts/.local/share/nvim/lazy/nvim-cmp/lua/cmp/matcher.lua , size = 10.364 KB
[08:43:18.084][info] [#0:script/workspace/loading.lua:112]: ++++As library of:	file:///home/mikep/.dotfiles/scripts/.local/share/nvim/lazy/nvim-cmp/lua
[08:43:18.084][info] [#0:script/workspace/loading.lua:100]: Preload file at: file:///home/mikep/.dotfiles/scripts/.local/share/nvim/lazy/nvim-cmp/lua/cmp/matcher_spec.lua , size = 5.454 KB
[08:43:18.085][info] [#0:script/workspace/loading.lua:112]: ++++As library of:	file:///home/mikep/.dotfiles/scripts/.local/share/nvim/lazy/nvim-cmp/lua
[08:43:18.085][info] [#0:script/workspace/loading.lua:100]: Preload file at: file:///home/mikep/.dotfiles/scripts/.local/share/nvim/lazy/nvim-cmp/lua/cmp/view.lua , size = 8.694 KB
[08:43:18.088][info] [#0:script/workspace/loading.lua:112]: ++++As library of:	file:///home/mikep/.dotfiles/scripts/.local/share/nvim/lazy/nvim-cmp/lua
[08:43:18.088][info] [#0:script/workspace/loading.lua:100]: Preload file at: file:///home/mikep/.dotfiles/scripts/.local/share/nvim/lazy/nvim-cmp/lua/cmp/init.lua , size = 9.999 KB
[08:43:18.091][info] [#0:script/workspace/loading.lua:112]: ++++As library of:	file:///home/mikep/.dotfiles/scripts/.local/share/nvim/lazy/nvim-cmp/lua
[08:43:18.091][info] [#0:script/workspace/loading.lua:100]: Preload file at: file:///home/mikep/.dotfiles/scripts/.local/share/nvim/lazy/nvim-cmp/lua/cmp/core.lua , size = 15.895 KB
[08:43:18.096][info] [#0:script/workspace/loading.lua:112]: ++++As library of:	file:///home/mikep/.dotfiles/scripts/.local/share/nvim/lazy/nvim-cmp/lua
[08:43:18.096][info] [#0:script/workspace/loading.lua:100]: Preload file at: file:///home/mikep/.dotfiles/scripts/.local/share/nvim/lazy/nvim-cmp/lua/cmp/utils/keymap_spec.lua , size = 6.081 KB
[08:43:18.098][info] [#0:script/workspace/loading.lua:112]: ++++As library of:	file:///home/mikep/.dotfiles/scripts/.local/share/nvim/lazy/nvim-cmp/lua
[08:43:18.098][info] [#0:script/workspace/loading.lua:100]: Preload file at: file:///home/mikep/.dotfiles/scripts/.local/share/nvim/lazy/nvim-cmp/lua/cmp/utils/cache.lua , size = 1.104 KB
[08:43:18.099][info] [#0:script/workspace/loading.lua:112]: ++++As library of:	file:///home/mikep/.dotfiles/scripts/.local/share/nvim/lazy/nvim-cmp/lua
[08:43:18.099][info] [#0:script/workspace/loading.lua:100]: Preload file at: file:///home/mikep/.dotfiles/scripts/.local/share/nvim/lazy/nvim-cmp/lua/cmp/utils/api.lua , size = 1.808 KB
[08:43:18.100][info] [#0:script/workspace/loading.lua:112]: ++++As library of:	file:///home/mikep/.dotfiles/scripts/.local/share/nvim/lazy/nvim-cmp/lua
[08:43:18.100][info] [#0:script/workspace/loading.lua:100]: Preload file at: file:///home/mikep/.dotfiles/scripts/.local/share/nvim/lazy/nvim-cmp/lua/cmp/utils/misc.lua , size = 5.099 KB
[08:43:18.102][info] [#0:script/workspace/loading.lua:112]: ++++As library of:	file:///home/mikep/.dotfiles/scripts/.local/share/nvim/lazy/nvim-cmp/lua
[08:43:18.102][info] [#0:script/workspace/loading.lua:100]: Preload file at: file:///home/mikep/.dotfiles/scripts/.local/share/nvim/lazy/nvim-cmp/lua/cmp/utils/debug.lua , size = 0.371 KB
[08:43:18.102][info] [#0:script/workspace/loading.lua:112]: ++++As library of:	file:///home/mikep/.dotfiles/scripts/.local/share/nvim/lazy/nvim-cmp/lua
[08:43:18.104][info] [#0:script/workspace/loading.lua:100]: Preload file at: file:///home/mikep/.dotfiles/scripts/.local/share/nvim/lazy/nvim-cmp/lua/cmp/utils/feedkeys.lua , size = 1.823 KB
[08:43:18.104][info] [#0:script/workspace/loading.lua:112]: ++++As library of:	file:///home/mikep/.dotfiles/scripts/.local/share/nvim/lazy/nvim-cmp/lua
[08:43:18.104][info] [#0:script/workspace/loading.lua:100]: Preload file at: file:///home/mikep/.dotfiles/scripts/.local/share/nvim/lazy/nvim-cmp/lua/cmp/utils/highlight.lua , size = 0.608 KB
[08:43:18.105][info] [#0:script/workspace/loading.lua:112]: ++++As library of:	file:///home/mikep/.dotfiles/scripts/.local/share/nvim/lazy/nvim-cmp/lua
[08:43:18.105][info] [#0:script/workspace/loading.lua:100]: Preload file at: file:///home/mikep/.dotfiles/scripts/.local/share/nvim/lazy/nvim-cmp/lua/cmp/utils/misc_spec.lua , size = 0.981 KB
[08:43:18.105][info] [#0:script/workspace/loading.lua:112]: ++++As library of:	file:///home/mikep/.dotfiles/scripts/.local/share/nvim/lazy/nvim-cmp/lua
[08:43:18.105][info] [#0:script/workspace/loading.lua:100]: Preload file at: file:///home/mikep/.dotfiles/scripts/.local/share/nvim/lazy/nvim-cmp/lua/cmp/utils/autocmd.lua , size = 1.265 KB
[08:43:18.106][info] [#0:script/workspace/loading.lua:112]: ++++As library of:	file:///home/mikep/.dotfiles/scripts/.local/share/nvim/lazy/nvim-cmp/lua
[08:43:18.106][info] [#0:script/workspace/loading.lua:100]: Preload file at: file:///home/mikep/.dotfiles/scripts/.local/share/nvim/lazy/nvim-cmp/lua/cmp/utils/window.lua , size = 9.074 KB
[08:43:18.109][info] [#0:script/workspace/loading.lua:112]: ++++As library of:	file:///home/mikep/.dotfiles/scripts/.local/share/nvim/lazy/nvim-cmp/lua
[08:43:18.109][info] [#0:script/workspace/loading.lua:100]: Preload file at: file:///home/mikep/.dotfiles/scripts/.local/share/nvim/lazy/nvim-cmp/lua/cmp/utils/buffer.lua , size = 0.519 KB
[08:43:18.109][info] [#0:script/workspace/loading.lua:112]: ++++As library of:	file:///home/mikep/.dotfiles/scripts/.local/share/nvim/lazy/nvim-cmp/lua
[08:43:18.109][info] [#0:script/workspace/loading.lua:100]: Preload file at: file:///home/mikep/.dotfiles/scripts/.local/share/nvim/lazy/nvim-cmp/lua/cmp/utils/async_spec.lua , size = 1.542 KB
[08:43:18.110][info] [#0:script/workspace/loading.lua:112]: ++++As library of:	file:///home/mikep/.dotfiles/scripts/.local/share/nvim/lazy/nvim-cmp/lua
[08:43:18.110][info] [#0:script/workspace/loading.lua:100]: Preload file at: file:///home/mikep/.dotfiles/scripts/.local/share/nvim/lazy/nvim-cmp/lua/cmp/utils/api_spec.lua , size = 2.200 KB
[08:43:18.111][info] [#0:script/workspace/loading.lua:112]: ++++As library of:	file:///home/mikep/.dotfiles/scripts/.local/share/nvim/lazy/nvim-cmp/lua
[08:43:18.111][info] [#0:script/workspace/loading.lua:100]: Preload file at: file:///home/mikep/.dotfiles/scripts/.local/share/nvim/lazy/nvim-cmp/lua/cmp/utils/event.lua , size = 1.025 KB
[08:43:18.112][info] [#0:script/workspace/loading.lua:112]: ++++As library of:	file:///home/mikep/.dotfiles/scripts/.local/share/nvim/lazy/nvim-cmp/lua
[08:43:18.112][info] [#0:script/workspace/loading.lua:100]: Preload file at: file:///home/mikep/.dotfiles/scripts/.local/share/nvim/lazy/nvim-cmp/lua/cmp/utils/options.lua , size = 0.720 KB
[08:43:18.112][info] [#0:script/workspace/loading.lua:112]: ++++As library of:	file:///home/mikep/.dotfiles/scripts/.local/share/nvim/lazy/nvim-cmp/lua
[08:43:18.112][info] [#0:script/workspace/loading.lua:100]: Preload file at: file:///home/mikep/.dotfiles/scripts/.local/share/nvim/lazy/nvim-cmp/lua/cmp/utils/str.lua , size = 3.864 KB
[08:43:18.114][info] [#0:script/workspace/loading.lua:112]: ++++As library of:	file:///home/mikep/.dotfiles/scripts/.local/share/nvim/lazy/nvim-cmp/lua
[08:43:18.114][info] [#0:script/workspace/loading.lua:100]: Preload file at: file:///home/mikep/.dotfiles/scripts/.local/share/nvim/lazy/nvim-cmp/lua/cmp/utils/snippet.lua , size = 10.169 KB
[08:43:18.118][info] [#0:script/workspace/loading.lua:112]: ++++As library of:	file:///home/mikep/.dotfiles/scripts/.local/share/nvim/lazy/nvim-cmp/lua
[08:43:18.118][info] [#0:script/workspace/loading.lua:100]: Preload file at: file:///home/mikep/.dotfiles/scripts/.local/share/nvim/lazy/nvim-cmp/lua/cmp/utils/feedkeys_spec.lua , size = 1.579 KB
[08:43:18.118][info] [#0:script/workspace/loading.lua:112]: ++++As library of:	file:///home/mikep/.dotfiles/scripts/.local/share/nvim/lazy/nvim-cmp/lua
[08:43:18.118][info] [#0:script/workspace/loading.lua:100]: Preload file at: file:///home/mikep/.dotfiles/scripts/.local/share/nvim/lazy/nvim-cmp/lua/cmp/utils/binary.lua , size = 0.698 KB
[08:43:18.119][info] [#0:script/workspace/loading.lua:112]: ++++As library of:	file:///home/mikep/.dotfiles/scripts/.local/share/nvim/lazy/nvim-cmp/lua
[08:43:18.119][info] [#0:script/workspace/loading.lua:100]: Preload file at: file:///home/mikep/.dotfiles/scripts/.local/share/nvim/lazy/nvim-cmp/lua/cmp/utils/binary_spec.lua , size = 1.023 KB
[08:43:18.119][info] [#0:script/workspace/loading.lua:112]: ++++As library of:	file:///home/mikep/.dotfiles/scripts/.local/share/nvim/lazy/nvim-cmp/lua
[08:43:18.119][info] [#0:script/workspace/loading.lua:100]: Preload file at: file:///home/mikep/.dotfiles/scripts/.local/share/nvim/lazy/nvim-cmp/lua/cmp/utils/str_spec.lua , size = 1.383 KB
[08:43:18.120][info] [#0:script/workspace/loading.lua:112]: ++++As library of:	file:///home/mikep/.dotfiles/scripts/.local/share/nvim/lazy/nvim-cmp/lua
[08:43:18.121][info] [#0:script/workspace/loading.lua:100]: Preload file at: file:///home/mikep/.dotfiles/scripts/.local/share/nvim/lazy/nvim-cmp/lua/cmp/utils/pattern.lua , size = 0.481 KB
[08:43:18.121][info] [#0:script/workspace/loading.lua:112]: ++++As library of:	file:///home/mikep/.dotfiles/scripts/.local/share/nvim/lazy/nvim-cmp/lua
[08:43:18.121][info] [#0:script/workspace/loading.lua:100]: Preload file at: file:///home/mikep/.dotfiles/scripts/.local/share/nvim/lazy/nvim-cmp/lua/cmp/utils/async.lua , size = 6.562 KB
[08:43:18.124][info] [#0:script/workspace/loading.lua:112]: ++++As library of:	file:///home/mikep/.dotfiles/scripts/.local/share/nvim/lazy/nvim-cmp/lua
[08:43:18.124][info] [#0:script/workspace/loading.lua:100]: Preload file at: file:///home/mikep/.dotfiles/scripts/.local/share/nvim/lazy/nvim-cmp/lua/cmp/utils/spec.lua , size = 2.305 KB
[08:43:18.125][info] [#0:script/workspace/loading.lua:112]: ++++As library of:	file:///home/mikep/.dotfiles/scripts/.local/share/nvim/lazy/nvim-cmp/lua
[08:43:18.125][info] [#0:script/workspace/loading.lua:100]: Preload file at: file:///home/mikep/.dotfiles/scripts/.local/share/nvim/lazy/nvim-cmp/lua/cmp/utils/keymap.lua , size = 6.781 KB
[08:43:18.127][info] [#0:script/workspace/loading.lua:112]: ++++As library of:	file:///home/mikep/.dotfiles/scripts/.local/share/nvim/lazy/nvim-cmp/lua
[08:43:18.127][info] [#0:script/workspace/loading.lua:100]: Preload file at: file:///home/mikep/.dotfiles/scripts/.local/share/nvim/lazy/nvim-cmp/lua/cmp/config/default.lua , size = 3.114 KB
[08:43:18.128][info] [#0:script/workspace/loading.lua:112]: ++++As library of:	file:///home/mikep/.dotfiles/scripts/.local/share/nvim/lazy/nvim-cmp/lua
[08:43:18.128][info] [#0:script/workspace/loading.lua:100]: Preload file at: file:///home/mikep/.dotfiles/scripts/.local/share/nvim/lazy/nvim-cmp/lua/cmp/utils/char.lua , size = 2.398 KB
[08:43:18.130][info] [#0:script/workspace/loading.lua:112]: ++++As library of:	file:///home/mikep/.dotfiles/scripts/.local/share/nvim/lazy/nvim-cmp/lua
[08:43:18.130][info] [#0:script/workspace/loading.lua:100]: Preload file at: file:///home/mikep/.dotfiles/scripts/.local/share/nvim/lazy/nvim-cmp/lua/cmp/config/mapping.lua , size = 4.974 KB
[08:43:18.131][info] [#0:script/workspace/loading.lua:112]: ++++As library of:	file:///home/mikep/.dotfiles/scripts/.local/share/nvim/lazy/nvim-cmp/lua
[08:43:18.131][info] [#0:script/workspace/loading.lua:100]: Preload file at: file:///home/mikep/.dotfiles/scripts/.local/share/nvim/lazy/nvim-cmp/lua/cmp/config/sources.lua , size = 0.212 KB
[08:43:18.132][info] [#0:script/workspace/loading.lua:112]: ++++As library of:	file:///home/mikep/.dotfiles/scripts/.local/share/nvim/lazy/nvim-cmp/lua
[08:43:18.132][info] [#0:script/workspace/loading.lua:100]: Preload file at: file:///home/mikep/.dotfiles/scripts/.local/share/nvim/lazy/nvim-cmp/lua/cmp/config/window.lua , size = 0.464 KB
[08:43:18.132][info] [#0:script/workspace/loading.lua:112]: ++++As library of:	file:///home/mikep/.dotfiles/scripts/.local/share/nvim/lazy/nvim-cmp/lua
[08:43:18.132][info] [#0:script/workspace/loading.lua:100]: Preload file at: file:///home/mikep/.dotfiles/scripts/.local/share/nvim/lazy/nvim-cmp/lua/cmp/config/compare.lua , size = 8.744 KB
[08:43:18.135][info] [#0:script/workspace/loading.lua:112]: ++++As library of:	file:///home/mikep/.dotfiles/scripts/.local/share/nvim/lazy/nvim-cmp/lua
[08:43:18.135][info] [#0:script/workspace/loading.lua:100]: Preload file at: file:///home/mikep/.dotfiles/scripts/.local/share/nvim/lazy/nvim-cmp/lua/cmp/config/context.lua , size = 1.668 KB
[08:43:18.136][info] [#0:script/workspace/loading.lua:112]: ++++As library of:	file:///home/mikep/.dotfiles/scripts/.local/share/nvim/lazy/nvim-cmp/lua
[08:43:18.136][info] [#0:script/workspace/loading.lua:100]: Preload file at: file:///home/mikep/.dotfiles/scripts/.local/share/nvim/lazy/nvim-cmp/lua/cmp/config.lua , size = 6.479 KB
[08:43:18.138][info] [#0:script/workspace/loading.lua:112]: ++++As library of:	file:///home/mikep/.dotfiles/scripts/.local/share/nvim/lazy/nvim-cmp/lua
[08:43:18.138][info] [#0:script/workspace/loading.lua:100]: Preload file at: file:///home/mikep/.dotfiles/scripts/.local/share/nvim/lazy/nvim-cmp/lua/cmp/types/cmp.lua , size = 6.282 KB
[08:43:18.140][info] [#0:script/workspace/loading.lua:112]: ++++As library of:	file:///home/mikep/.dotfiles/scripts/.local/share/nvim/lazy/nvim-cmp/lua
[08:43:18.140][info] [#0:script/workspace/loading.lua:100]: Preload file at: file:///home/mikep/.dotfiles/scripts/.local/share/nvim/lazy/nvim-cmp/lua/cmp/types/init.lua , size = 0.140 KB
[08:43:18.140][info] [#0:script/workspace/loading.lua:112]: ++++As library of:	file:///home/mikep/.dotfiles/scripts/.local/share/nvim/lazy/nvim-cmp/lua
[08:43:18.140][info] [#0:script/workspace/loading.lua:100]: Preload file at: file:///home/mikep/.dotfiles/scripts/.local/share/nvim/lazy/nvim-cmp/lua/cmp/entry.lua , size = 20.833 KB
[08:43:18.146][info] [#0:script/workspace/loading.lua:112]: ++++As library of:	file:///home/mikep/.dotfiles/scripts/.local/share/nvim/lazy/nvim-cmp/lua
[08:43:18.147][info] [#0:script/workspace/loading.lua:88]: Skip loaded file: file:///home/mikep/.dotfiles/scripts/.local/share/nvim/mason/packages/lua-language-server/libexec/meta/LuaJIT%20en-us%20utf8/basic.lua
[08:43:18.147][info] [#0:script/workspace/loading.lua:112]: ++++As library of:	file:///home/mikep/.dotfiles/scripts/.local/share/nvim/mason/packages/lua-language-server/libexec/meta/LuaJIT%20en-us%20utf8/basic.lua
[08:43:18.148][info] [#0:script/workspace/loading.lua:100]: Preload file at: file:///home/mikep/.dotfiles/scripts/.local/share/nvim/lazy/nvim-cmp/lua/cmp/types/lsp_spec.lua , size = 1.686 KB
[08:43:18.149][info] [#0:script/workspace/loading.lua:112]: ++++As library of:	file:///home/mikep/.dotfiles/scripts/.local/share/nvim/lazy/nvim-cmp/lua
[08:43:18.149][info] [#0:script/workspace/loading.lua:100]: Preload file at: file:///home/mikep/.dotfiles/scripts/.local/share/nvim/lazy/nvim-cmp/lua/cmp/types/vim.lua , size = 0.564 KB
[08:43:18.149][info] [#0:script/workspace/loading.lua:112]: ++++As library of:	file:///home/mikep/.dotfiles/scripts/.local/share/nvim/lazy/nvim-cmp/lua
[08:43:18.149][info] [#0:script/workspace/loading.lua:100]: Preload file at: file:///home/mikep/.dotfiles/scripts/.local/share/nvim/lazy/nvim-cmp/lua/cmp/types/lsp.lua , size = 8.023 KB
[08:43:18.152][info] [#0:script/workspace/loading.lua:112]: ++++As library of:	file:///home/mikep/.dotfiles/scripts/.local/share/nvim/lazy/nvim-cmp/lua
[08:43:18.152][info] [#0:script/workspace/loading.lua:100]: Preload file at: file:///home/mikep/.dotfiles/scripts/.local/share/nvim/lazy/nvim-cmp/lua/cmp/core_spec.lua , size = 7.007 KB
[08:43:18.154][info] [#0:script/workspace/loading.lua:112]: ++++As library of:	file:///home/mikep/.dotfiles/scripts/.local/share/nvim/lazy/nvim-cmp/lua
[08:43:18.154][info] [#0:script/workspace/loading.lua:100]: Preload file at: file:///home/mikep/.dotfiles/scripts/.local/share/nvim/lazy/nvim-cmp/lua/cmp/source_spec.lua , size = 3.209 KB
[08:43:18.155][info] [#0:script/workspace/loading.lua:112]: ++++As library of:	file:///home/mikep/.dotfiles/scripts/.local/share/nvim/lazy/nvim-cmp/lua
[08:43:18.155][info] [#0:script/workspace/loading.lua:100]: Preload file at: file:///home/mikep/.dotfiles/scripts/.local/share/nvim/lazy/nvim-cmp/lua/cmp/view/docs_view.lua , size = 4.180 KB
[08:43:18.157][info] [#0:script/workspace/loading.lua:112]: ++++As library of:	file:///home/mikep/.dotfiles/scripts/.local/share/nvim/lazy/nvim-cmp/lua
[08:43:18.157][info] [#0:script/workspace/loading.lua:100]: Preload file at: file:///home/mikep/.dotfiles/scripts/.local/share/nvim/lazy/nvim-cmp/lua/cmp/view/wildmenu_entries_view.lua , size = 7.890 KB
[08:43:18.159][info] [#0:script/workspace/loading.lua:112]: ++++As library of:	file:///home/mikep/.dotfiles/scripts/.local/share/nvim/lazy/nvim-cmp/lua
[08:43:18.159][info] [#0:script/workspace/loading.lua:100]: Preload file at: file:///home/mikep/.dotfiles/scripts/.local/share/nvim/lazy/nvim-cmp/lua/cmp/view/custom_entries_view.lua , size = 15.427 KB
[08:43:18.165][info] [#0:script/workspace/loading.lua:112]: ++++As library of:	file:///home/mikep/.dotfiles/scripts/.local/share/nvim/lazy/nvim-cmp/lua
[08:43:18.165][info] [#0:script/workspace/loading.lua:100]: Preload file at: file:///home/mikep/.dotfiles/scripts/.local/share/nvim/lazy/nvim-cmp/lua/cmp/view/native_entries_view.lua , size = 4.987 KB
[08:43:18.167][info] [#0:script/workspace/loading.lua:112]: ++++As library of:	file:///home/mikep/.dotfiles/scripts/.local/share/nvim/lazy/nvim-cmp/lua
[08:43:18.167][info] [#0:script/workspace/loading.lua:100]: Preload file at: file:///home/mikep/.dotfiles/scripts/.local/share/nvim/lazy/nvim-cmp/lua/cmp/view/ghost_text_view.lua , size = 3.806 KB
[08:43:18.168][info] [#0:script/workspace/loading.lua:112]: ++++As library of:	file:///home/mikep/.dotfiles/scripts/.local/share/nvim/lazy/nvim-cmp/lua
[08:43:18.168][info] [#0:script/workspace/loading.lua:100]: Preload file at: file:///home/mikep/.dotfiles/scripts/.local/share/nvim/lazy/nvim-cmp/lua/cmp/context.lua , size = 3.052 KB
[08:43:18.170][info] [#0:script/workspace/loading.lua:112]: ++++As library of:	file:///home/mikep/.dotfiles/scripts/.local/share/nvim/lazy/nvim-cmp/lua
[08:43:18.170][info] [#0:script/workspace/loading.lua:100]: Preload file at: file:///home/mikep/.dotfiles/scripts/.local/share/nvim/lazy/vimtex/lua/vimtex/parser/bib.lua , size = 6.243 KB
[08:43:18.172][info] [#0:script/workspace/loading.lua:112]: ++++As library of:	file:///home/mikep/.dotfiles/scripts/.local/share/nvim/lazy/vimtex/lua
[08:43:18.172][info] [#0:script/workspace/loading.lua:100]: Preload file at: file:///squashfs-root/usr/share/nvim/runtime/lua/_vim9script.lua , size = 15.438 KB
[08:43:18.177][info] [#0:script/workspace/loading.lua:112]: ++++As library of:	file:///squashfs-root/usr/share/nvim/runtime/lua
[08:43:18.177][info] [#0:script/workspace/loading.lua:100]: Preload file at: file:///squashfs-root/usr/share/nvim/runtime/lua/editorconfig.lua , size = 7.480 KB
[08:43:18.180][info] [#0:script/workspace/loading.lua:112]: ++++As library of:	file:///squashfs-root/usr/share/nvim/runtime/lua
[08:43:18.180][info] [#0:script/workspace/loading.lua:100]: Preload file at: file:///squashfs-root/usr/share/nvim/runtime/lua/man.lua , size = 23.610 KB
[08:43:18.187][info] [#0:script/workspace/loading.lua:112]: ++++As library of:	file:///squashfs-root/usr/share/nvim/runtime/lua
[08:43:18.187][info] [#0:script/workspace/loading.lua:100]: Preload file at: file:///squashfs-root/usr/share/nvim/runtime/lua/vim/diagnostic.lua , size = 61.178 KB
[08:43:18.202][info] [#0:script/workspace/loading.lua:112]: ++++As library of:	file:///squashfs-root/usr/share/nvim/runtime/lua
[08:43:18.203][info] [#0:script/workspace/loading.lua:100]: Preload file at: file:///squashfs-root/usr/share/nvim/runtime/lua/vim/_inspector.lua , size = 7.822 KB
[08:43:18.206][info] [#0:script/workspace/loading.lua:112]: ++++As library of:	file:///squashfs-root/usr/share/nvim/runtime/lua
[08:43:18.206][info] [#0:script/workspace/loading.lua:100]: Preload file at: file:///squashfs-root/usr/share/nvim/runtime/lua/vim/filetype/options.lua , size = 2.559 KB
[08:43:18.207][info] [#0:script/workspace/loading.lua:112]: ++++As library of:	file:///squashfs-root/usr/share/nvim/runtime/lua
[08:43:18.207][info] [#0:script/workspace/loading.lua:100]: Preload file at: file:///squashfs-root/usr/share/nvim/runtime/lua/vim/filetype/detect.lua , size = 54.919 KB
[08:43:18.267][info] [#0:script/workspace/loading.lua:112]: ++++As library of:	file:///squashfs-root/usr/share/nvim/runtime/lua
[08:43:18.267][info] [#0:script/workspace/loading.lua:100]: Preload file at: file:///squashfs-root/usr/share/nvim/runtime/lua/vim/ui/clipboard/osc52.lua , size = 2.137 KB
[08:43:18.268][info] [#0:script/workspace/loading.lua:112]: ++++As library of:	file:///squashfs-root/usr/share/nvim/runtime/lua
[08:43:18.268][info] [#0:script/workspace/loading.lua:100]: Preload file at: file:///squashfs-root/usr/share/nvim/runtime/lua/vim/re.lua , size = 6.437 KB
[08:43:18.271][info] [#0:script/workspace/loading.lua:112]: ++++As library of:	file:///squashfs-root/usr/share/nvim/runtime/lua
[08:43:18.271][info] [#0:script/workspace/loading.lua:100]: Preload file at: file:///squashfs-root/usr/share/nvim/runtime/lua/vim/version.lua , size = 12.674 KB
[08:43:18.275][info] [#0:script/workspace/loading.lua:112]: ++++As library of:	file:///squashfs-root/usr/share/nvim/runtime/lua
[08:43:18.275][info] [#0:script/workspace/loading.lua:100]: Preload file at: file:///squashfs-root/usr/share/nvim/runtime/lua/vim/iter.lua , size = 25.229 KB
[08:43:18.281][info] [#0:script/workspace/loading.lua:112]: ++++As library of:	file:///squashfs-root/usr/share/nvim/runtime/lua
[08:43:18.281][info] [#0:script/workspace/loading.lua:100]: Preload file at: file:///squashfs-root/usr/share/nvim/runtime/lua/vim/text.lua , size = 0.738 KB
[08:43:18.282][info] [#0:script/workspace/loading.lua:112]: ++++As library of:	file:///squashfs-root/usr/share/nvim/runtime/lua
[08:43:18.282][info] [#0:script/workspace/loading.lua:100]: Preload file at: file:///squashfs-root/usr/share/nvim/runtime/lua/vim/lsp/diagnostic.lua , size = 14.120 KB
[08:43:18.285][info] [#0:script/workspace/loading.lua:112]: ++++As library of:	file:///squashfs-root/usr/share/nvim/runtime/lua
[08:43:18.285][info] [#0:script/workspace/loading.lua:100]: Preload file at: file:///squashfs-root/usr/share/nvim/runtime/lua/vim/lsp/_dynamic.lua , size = 2.962 KB
[08:43:18.287][info] [#0:script/workspace/loading.lua:112]: ++++As library of:	file:///squashfs-root/usr/share/nvim/runtime/lua
[08:43:18.287][info] [#0:script/workspace/loading.lua:100]: Preload file at: file:///squashfs-root/usr/share/nvim/runtime/lua/vim/lsp/codelens.lua , size = 8.655 KB
[08:43:18.289][info] [#0:script/workspace/loading.lua:112]: ++++As library of:	file:///squashfs-root/usr/share/nvim/runtime/lua
[08:43:18.289][info] [#0:script/workspace/loading.lua:100]: Preload file at: file:///squashfs-root/usr/share/nvim/runtime/lua/vim/lsp/protocol.lua , size = 49.693 KB
[08:43:18.294][info] [#0:script/workspace/loading.lua:112]: ++++As library of:	file:///squashfs-root/usr/share/nvim/runtime/lua
[08:43:18.294][info] [#0:script/workspace/loading.lua:100]: Preload file at: file:///squashfs-root/usr/share/nvim/runtime/lua/vim/lsp/_meta.lua , size = 0.653 KB
[08:43:18.294][info] [#0:script/workspace/loading.lua:112]: ++++As library of:	file:///squashfs-root/usr/share/nvim/runtime/lua
[08:43:18.294][info] [#0:script/workspace/loading.lua:100]: Preload file at: file:///squashfs-root/usr/share/nvim/runtime/lua/vim/lsp/_completion.lua , size = 7.540 KB
[08:43:18.296][info] [#0:script/workspace/loading.lua:112]: ++++As library of:	file:///squashfs-root/usr/share/nvim/runtime/lua
[08:43:18.296][info] [#0:script/workspace/loading.lua:100]: Preload file at: file:///squashfs-root/usr/share/nvim/runtime/lua/vim/lsp/util.lua , size = 73.660 KB
[08:43:18.315][info] [#0:script/workspace/loading.lua:112]: ++++As library of:	file:///squashfs-root/usr/share/nvim/runtime/lua
[08:43:18.315][info] [#0:script/workspace/loading.lua:100]: Preload file at: file:///squashfs-root/usr/share/nvim/runtime/lua/vim/lsp/semantic_tokens.lua , size = 26.588 KB
[08:43:18.322][info] [#0:script/workspace/loading.lua:112]: ++++As library of:	file:///squashfs-root/usr/share/nvim/runtime/lua
[08:43:18.323][info] [#0:script/workspace/loading.lua:100]: Preload file at: file:///squashfs-root/usr/share/nvim/runtime/lua/vim/lsp/tagfunc.lua , size = 2.787 KB
[08:43:18.324][info] [#0:script/workspace/loading.lua:112]: ++++As library of:	file:///squashfs-root/usr/share/nvim/runtime/lua
[08:43:18.325][info] [#0:script/workspace/loading.lua:100]: Preload file at: file:///squashfs-root/usr/share/nvim/runtime/lua/vim/lsp/_snippet_grammar.lua , size = 6.179 KB
[08:43:18.327][info] [#0:script/workspace/loading.lua:112]: ++++As library of:	file:///squashfs-root/usr/share/nvim/runtime/lua
[08:43:18.327][info] [#0:script/workspace/loading.lua:100]: Preload file at: file:///squashfs-root/usr/share/nvim/runtime/lua/vim/lsp/_watchfiles.lua , size = 6.648 KB
[08:43:18.330][info] [#0:script/workspace/loading.lua:112]: ++++As library of:	file:///squashfs-root/usr/share/nvim/runtime/lua
[08:43:18.330][info] [#0:script/workspace/loading.lua:100]: Preload file at: file:///squashfs-root/usr/share/nvim/runtime/lua/vim/lsp/rpc.lua , size = 27.278 KB
[08:43:18.337][info] [#0:script/workspace/loading.lua:112]: ++++As library of:	file:///squashfs-root/usr/share/nvim/runtime/lua
[08:43:18.337][info] [#0:script/workspace/loading.lua:100]: Preload file at: file:///squashfs-root/usr/share/nvim/runtime/lua/vim/lsp/inlay_hint.lua , size = 11.083 KB
[08:43:18.341][info] [#0:script/workspace/loading.lua:112]: ++++As library of:	file:///squashfs-root/usr/share/nvim/runtime/lua
[08:43:18.341][info] [#0:script/workspace/loading.lua:100]: Preload file at: file:///squashfs-root/usr/share/nvim/runtime/lua/vim/lsp/log.lua , size = 5.061 KB
[08:43:18.343][info] [#0:script/workspace/loading.lua:112]: ++++As library of:	file:///squashfs-root/usr/share/nvim/runtime/lua
[08:43:18.343][info] [#0:script/workspace/loading.lua:100]: Preload file at: file:///squashfs-root/usr/share/nvim/runtime/lua/vim/lsp/buf.lua , size = 29.260 KB
[08:43:18.350][info] [#0:script/workspace/loading.lua:112]: ++++As library of:	file:///squashfs-root/usr/share/nvim/runtime/lua
[08:43:18.351][info] [#0:script/workspace/loading.lua:100]: Preload file at: file:///squashfs-root/usr/share/nvim/runtime/lua/vim/lsp/_meta/protocol.lua , size = 174.596 KB
[08:43:18.379][info] [#0:script/workspace/loading.lua:112]: ++++As library of:	file:///squashfs-root/usr/share/nvim/runtime/lua
[08:43:18.379][info] [#0:script/workspace/loading.lua:100]: Preload file at: file:///squashfs-root/usr/share/nvim/runtime/lua/vim/lsp/handlers.lua , size = 24.284 KB
[08:43:18.386][info] [#0:script/workspace/loading.lua:112]: ++++As library of:	file:///squashfs-root/usr/share/nvim/runtime/lua
[08:43:18.386][info] [#0:script/workspace/loading.lua:100]: Preload file at: file:///squashfs-root/usr/share/nvim/runtime/lua/vim/lsp/_changetracking.lua , size = 11.472 KB
[08:43:18.389][info] [#0:script/workspace/loading.lua:112]: ++++As library of:	file:///squashfs-root/usr/share/nvim/runtime/lua
[08:43:18.389][info] [#0:script/workspace/loading.lua:100]: Preload file at: file:///squashfs-root/usr/share/nvim/runtime/lua/vim/lsp/health.lua , size = 1.412 KB
[08:43:18.390][info] [#0:script/workspace/loading.lua:112]: ++++As library of:	file:///squashfs-root/usr/share/nvim/runtime/lua
[08:43:18.390][info] [#0:script/workspace/loading.lua:100]: Preload file at: file:///squashfs-root/usr/share/nvim/runtime/lua/vim/lsp/sync.lua , size = 16.041 KB
[08:43:18.394][info] [#0:script/workspace/loading.lua:112]: ++++As library of:	file:///squashfs-root/usr/share/nvim/runtime/lua
[08:43:18.394][info] [#0:script/workspace/loading.lua:100]: Preload file at: file:///squashfs-root/usr/share/nvim/runtime/lua/vim/glob.lua , size = 2.973 KB
[08:43:18.395][info] [#0:script/workspace/loading.lua:112]: ++++As library of:	file:///squashfs-root/usr/share/nvim/runtime/lua
[08:43:18.395][info] [#0:script/workspace/loading.lua:100]: Preload file at: file:///squashfs-root/usr/share/nvim/runtime/lua/vim/_editor.lua , size = 32.959 KB
[08:43:18.404][info] [#0:script/workspace/loading.lua:112]: ++++As library of:	file:///squashfs-root/usr/share/nvim/runtime/lua
[08:43:18.404][info] [#0:script/workspace/loading.lua:100]: Preload file at: file:///squashfs-root/usr/share/nvim/runtime/lua/vim/loader.lua , size = 16.193 KB
[08:43:18.410][info] [#0:script/workspace/loading.lua:112]: ++++As library of:	file:///squashfs-root/usr/share/nvim/runtime/lua
[08:43:18.410][info] [#0:script/workspace/loading.lua:100]: Preload file at: file:///squashfs-root/usr/share/nvim/runtime/lua/vim/func/_memoize.lua , size = 1.284 KB
[08:43:18.411][info] [#0:script/workspace/loading.lua:112]: ++++As library of:	file:///squashfs-root/usr/share/nvim/runtime/lua
[08:43:18.412][info] [#0:script/workspace/loading.lua:100]: Preload file at: file:///squashfs-root/usr/share/nvim/runtime/lua/vim/termcap.lua , size = 3.104 KB
[08:43:18.414][info] [#0:script/workspace/loading.lua:112]: ++++As library of:	file:///squashfs-root/usr/share/nvim/runtime/lua
[08:43:18.414][info] [#0:script/workspace/loading.lua:100]: Preload file at: file:///squashfs-root/usr/share/nvim/runtime/lua/vim/inspect.lua , size = 8.864 KB
[08:43:18.417][info] [#0:script/workspace/loading.lua:112]: ++++As library of:	file:///squashfs-root/usr/share/nvim/runtime/lua
[08:43:18.417][info] [#0:script/workspace/loading.lua:100]: Preload file at: file:///squashfs-root/usr/share/nvim/runtime/lua/vim/ui.lua , size = 5.176 KB
[08:43:18.418][info] [#0:script/workspace/loading.lua:112]: ++++As library of:	file:///squashfs-root/usr/share/nvim/runtime/lua
[08:43:18.418][info] [#0:script/workspace/loading.lua:100]: Preload file at: file:///squashfs-root/usr/share/nvim/runtime/lua/vim/_meta.lua , size = 0.943 KB
[08:43:18.419][info] [#0:script/workspace/loading.lua:112]: ++++As library of:	file:///squashfs-root/usr/share/nvim/runtime/lua
[08:43:18.419][info] [#0:script/workspace/loading.lua:100]: Preload file at: file:///squashfs-root/usr/share/nvim/runtime/lua/vim/func.lua , size = 1.688 KB
[08:43:18.419][info] [#0:script/workspace/loading.lua:112]: ++++As library of:	file:///squashfs-root/usr/share/nvim/runtime/lua
[08:43:18.419][info] [#0:script/workspace/loading.lua:100]: Preload file at: file:///squashfs-root/usr/share/nvim/runtime/lua/vim/highlight.lua , size = 4.548 KB
[08:43:18.421][info] [#0:script/workspace/loading.lua:112]: ++++As library of:	file:///squashfs-root/usr/share/nvim/runtime/lua
[08:43:18.421][info] [#0:script/workspace/loading.lua:100]: Preload file at: file:///squashfs-root/usr/share/nvim/runtime/lua/vim/shared.lua , size = 27.087 KB
[08:43:18.429][info] [#0:script/workspace/loading.lua:112]: ++++As library of:	file:///squashfs-root/usr/share/nvim/runtime/lua
[08:43:18.429][info] [#0:script/workspace/loading.lua:100]: Preload file at: file:///squashfs-root/usr/share/nvim/runtime/lua/vim/_options.lua , size = 24.568 KB
[08:43:18.435][info] [#0:script/workspace/loading.lua:112]: ++++As library of:	file:///squashfs-root/usr/share/nvim/runtime/lua
[08:43:18.435][info] [#0:script/workspace/loading.lua:100]: Preload file at: file:///squashfs-root/usr/share/nvim/runtime/lua/vim/_watch.lua , size = 7.082 KB
[08:43:18.437][info] [#0:script/workspace/loading.lua:112]: ++++As library of:	file:///squashfs-root/usr/share/nvim/runtime/lua
[08:43:18.437][info] [#0:script/workspace/loading.lua:100]: Preload file at: file:///squashfs-root/usr/share/nvim/runtime/lua/vim/uri.lua , size = 3.457 KB
[08:43:18.439][info] [#0:script/workspace/loading.lua:112]: ++++As library of:	file:///squashfs-root/usr/share/nvim/runtime/lua
[08:43:18.439][info] [#0:script/workspace/loading.lua:100]: Preload file at: file:///squashfs-root/usr/share/nvim/runtime/lua/vim/treesitter.lua , size = 16.017 KB
[08:43:18.444][info] [#0:script/workspace/loading.lua:112]: ++++As library of:	file:///squashfs-root/usr/share/nvim/runtime/lua
[08:43:18.444][info] [#0:script/workspace/loading.lua:100]: Preload file at: file:///squashfs-root/usr/share/nvim/runtime/lua/vim/treesitter/highlighter.lua , size = 9.692 KB
[08:43:18.448][info] [#0:script/workspace/loading.lua:112]: ++++As library of:	file:///squashfs-root/usr/share/nvim/runtime/lua
[08:43:18.448][info] [#0:script/workspace/loading.lua:100]: Preload file at: file:///squashfs-root/usr/share/nvim/runtime/lua/vim/treesitter/_meta.lua , size = 3.602 KB
[08:43:18.450][info] [#0:script/workspace/loading.lua:112]: ++++As library of:	file:///squashfs-root/usr/share/nvim/runtime/lua
[08:43:18.450][info] [#0:script/workspace/loading.lua:100]: Preload file at: file:///squashfs-root/usr/share/nvim/runtime/lua/vim/treesitter/query.lua , size = 25.197 KB
[08:43:18.517][info] [#0:script/workspace/loading.lua:112]: ++++As library of:	file:///squashfs-root/usr/share/nvim/runtime/lua
[08:43:18.517][info] [#0:script/workspace/loading.lua:100]: Preload file at: file:///squashfs-root/usr/share/nvim/runtime/lua/vim/treesitter/languagetree.lua , size = 32.479 KB
[08:43:18.529][info] [#0:script/workspace/loading.lua:112]: ++++As library of:	file:///squashfs-root/usr/share/nvim/runtime/lua
[08:43:18.530][info] [#0:script/workspace/loading.lua:100]: Preload file at: file:///squashfs-root/usr/share/nvim/runtime/lua/vim/treesitter/_query_linter.lua , size = 7.371 KB
[08:43:18.534][info] [#0:script/workspace/loading.lua:112]: ++++As library of:	file:///squashfs-root/usr/share/nvim/runtime/lua
[08:43:18.534][info] [#0:script/workspace/loading.lua:100]: Preload file at: file:///squashfs-root/usr/share/nvim/runtime/lua/vim/treesitter/dev.lua , size = 19.087 KB
[08:43:18.541][info] [#0:script/workspace/loading.lua:112]: ++++As library of:	file:///squashfs-root/usr/share/nvim/runtime/lua
[08:43:18.541][info] [#0:script/workspace/loading.lua:100]: Preload file at: file:///squashfs-root/usr/share/nvim/runtime/lua/vim/treesitter/_fold.lua , size = 15.103 KB
[08:43:18.546][info] [#0:script/workspace/loading.lua:112]: ++++As library of:	file:///squashfs-root/usr/share/nvim/runtime/lua
[08:43:18.546][info] [#0:script/workspace/loading.lua:100]: Preload file at: file:///squashfs-root/usr/share/nvim/runtime/lua/vim/treesitter/_range.lua , size = 3.869 KB
[08:43:18.547][info] [#0:script/workspace/loading.lua:112]: ++++As library of:	file:///squashfs-root/usr/share/nvim/runtime/lua
[08:43:18.547][info] [#0:script/workspace/loading.lua:100]: Preload file at: file:///squashfs-root/usr/share/nvim/runtime/lua/vim/treesitter/language.lua , size = 3.971 KB
[08:43:18.549][info] [#0:script/workspace/loading.lua:112]: ++++As library of:	file:///squashfs-root/usr/share/nvim/runtime/lua
[08:43:18.549][info] [#0:script/workspace/loading.lua:100]: Preload file at: file:///squashfs-root/usr/share/nvim/runtime/lua/vim/treesitter/health.lua , size = 0.867 KB
[08:43:18.549][info] [#0:script/workspace/loading.lua:112]: ++++As library of:	file:///squashfs-root/usr/share/nvim/runtime/lua
[08:43:18.549][info] [#0:script/workspace/loading.lua:100]: Preload file at: file:///squashfs-root/usr/share/nvim/runtime/lua/vim/vimhelp.lua , size = 0.967 KB
[08:43:18.550][info] [#0:script/workspace/loading.lua:112]: ++++As library of:	file:///squashfs-root/usr/share/nvim/runtime/lua
[08:43:18.550][info] [#0:script/workspace/loading.lua:100]: Preload file at: file:///squashfs-root/usr/share/nvim/runtime/lua/vim/_init_packages.lua , size = 2.853 KB
[08:43:18.551][info] [#0:script/workspace/loading.lua:112]: ++++As library of:	file:///squashfs-root/usr/share/nvim/runtime/lua
[08:43:18.551][info] [#0:script/workspace/loading.lua:100]: Preload file at: file:///squashfs-root/usr/share/nvim/runtime/lua/vim/filetype.lua , size = 64.810 KB
[08:43:18.565][info] [#0:script/workspace/loading.lua:112]: ++++As library of:	file:///squashfs-root/usr/share/nvim/runtime/lua
[08:43:18.565][info] [#0:script/workspace/loading.lua:100]: Preload file at: file:///squashfs-root/usr/share/nvim/runtime/lua/vim/_defaults.lua , size = 14.695 KB
[08:43:18.569][info] [#0:script/workspace/loading.lua:112]: ++++As library of:	file:///squashfs-root/usr/share/nvim/runtime/lua
[08:43:18.569][info] [#0:script/workspace/loading.lua:100]: Preload file at: file:///squashfs-root/usr/share/nvim/runtime/lua/vim/_system.lua , size = 9.030 KB
[08:43:18.572][info] [#0:script/workspace/loading.lua:112]: ++++As library of:	file:///squashfs-root/usr/share/nvim/runtime/lua
[08:43:18.572][info] [#0:script/workspace/loading.lua:100]: Preload file at: file:///squashfs-root/usr/share/nvim/runtime/lua/vim/fs.lua , size = 10.973 KB
[08:43:18.575][info] [#0:script/workspace/loading.lua:112]: ++++As library of:	file:///squashfs-root/usr/share/nvim/runtime/lua
[08:43:18.575][info] [#0:script/workspace/loading.lua:100]: Preload file at: file:///squashfs-root/usr/share/nvim/runtime/lua/vim/snippet.lua , size = 18.555 KB
[08:43:18.580][info] [#0:script/workspace/loading.lua:112]: ++++As library of:	file:///squashfs-root/usr/share/nvim/runtime/lua
[08:43:18.580][info] [#0:script/workspace/loading.lua:100]: Preload file at: file:///squashfs-root/usr/share/nvim/runtime/lua/vim/_meta/base64.lua , size = 0.303 KB
[08:43:18.581][info] [#0:script/workspace/loading.lua:112]: ++++As library of:	file:///squashfs-root/usr/share/nvim/runtime/lua
[08:43:18.581][info] [#0:script/workspace/loading.lua:100]: Preload file at: file:///squashfs-root/usr/share/nvim/runtime/lua/vim/_meta/misc.lua , size = 0.274 KB
[08:43:18.581][info] [#0:script/workspace/loading.lua:112]: ++++As library of:	file:///squashfs-root/usr/share/nvim/runtime/lua
[08:43:18.581][info] [#0:script/workspace/loading.lua:100]: Preload file at: file:///squashfs-root/usr/share/nvim/runtime/lua/vim/_meta/api.lua , size = 93.585 KB
[08:43:18.596][info] [#0:script/workspace/loading.lua:112]: ++++As library of:	file:///squashfs-root/usr/share/nvim/runtime/lua
[08:43:18.598][info] [#0:script/workspace/loading.lua:100]: Preload file at: file:///squashfs-root/usr/share/nvim/runtime/lua/vim/_meta/spell.lua , size = 0.922 KB
[08:43:18.598][info] [#0:script/workspace/loading.lua:112]: ++++As library of:	file:///squashfs-root/usr/share/nvim/runtime/lua
[08:43:18.598][info] [#0:script/workspace/loading.lua:100]: Preload file at: file:///squashfs-root/usr/share/nvim/runtime/lua/vim/_meta/json.lua , size = 1.371 KB
[08:43:18.599][info] [#0:script/workspace/loading.lua:112]: ++++As library of:	file:///squashfs-root/usr/share/nvim/runtime/lua
[08:43:18.599][info] [#0:script/workspace/loading.lua:100]: Preload file at: file:///squashfs-root/usr/share/nvim/runtime/lua/vim/_meta/api_keysets.lua , size = 7.373 KB
[08:43:18.601][info] [#0:script/workspace/loading.lua:112]: ++++As library of:	file:///squashfs-root/usr/share/nvim/runtime/lua
[08:43:18.601][info] [#0:script/workspace/loading.lua:100]: Preload file at: file:///squashfs-root/usr/share/nvim/runtime/lua/vim/_meta/regex.lua , size = 1.363 KB
[08:43:18.602][info] [#0:script/workspace/loading.lua:112]: ++++As library of:	file:///squashfs-root/usr/share/nvim/runtime/lua
[08:43:18.602][info] [#0:script/workspace/loading.lua:100]: Preload file at: file:///squashfs-root/usr/share/nvim/runtime/lua/vim/_meta/mpack.lua , size = 0.438 KB
[08:43:18.602][info] [#0:script/workspace/loading.lua:112]: ++++As library of:	file:///squashfs-root/usr/share/nvim/runtime/lua
[08:43:18.602][info] [#0:script/workspace/loading.lua:100]: Preload file at: file:///squashfs-root/usr/share/nvim/runtime/lua/vim/_meta/builtin.lua , size = 11.127 KB
[08:43:18.604][info] [#0:script/workspace/loading.lua:112]: ++++As library of:	file:///squashfs-root/usr/share/nvim/runtime/lua
[08:43:18.604][info] [#0:script/workspace/loading.lua:100]: Preload file at: file:///squashfs-root/usr/share/nvim/runtime/lua/vim/_meta/vimfn.lua , size = 390.065 KB
[08:43:18.664][info] [#0:script/workspace/loading.lua:112]: ++++As library of:	file:///squashfs-root/usr/share/nvim/runtime/lua
[08:43:18.664][info] [#0:script/workspace/loading.lua:100]: Preload file at: file:///squashfs-root/usr/share/nvim/runtime/lua/vim/_meta/diff.lua , size = 2.486 KB
[08:43:18.665][info] [#0:script/workspace/loading.lua:112]: ++++As library of:	file:///squashfs-root/usr/share/nvim/runtime/lua
[08:43:18.665][info] [#0:script/workspace/loading.lua:100]: Preload file at: file:///squashfs-root/usr/share/nvim/runtime/lua/vim/_meta/options.lua , size = 322.278 KB
[08:43:18.731][info] [#0:script/workspace/loading.lua:112]: ++++As library of:	file:///squashfs-root/usr/share/nvim/runtime/lua
[08:43:18.731][info] [#0:script/workspace/loading.lua:100]: Preload file at: file:///squashfs-root/usr/share/nvim/runtime/lua/vim/_meta/builtin_types.lua , size = 3.156 KB
[08:43:18.733][info] [#0:script/workspace/loading.lua:112]: ++++As library of:	file:///squashfs-root/usr/share/nvim/runtime/lua
[08:43:18.733][info] [#0:script/workspace/loading.lua:100]: Preload file at: file:///squashfs-root/usr/share/nvim/runtime/lua/vim/_meta/vvars.lua , size = 24.952 KB
[08:43:18.738][info] [#0:script/workspace/loading.lua:112]: ++++As library of:	file:///squashfs-root/usr/share/nvim/runtime/lua
[08:43:18.738][info] [#0:script/workspace/loading.lua:100]: Preload file at: file:///squashfs-root/usr/share/nvim/runtime/lua/vim/_meta/lpeg.lua , size = 14.272 KB
[08:43:18.741][info] [#0:script/workspace/loading.lua:112]: ++++As library of:	file:///squashfs-root/usr/share/nvim/runtime/lua
[08:43:18.741][info] [#0:script/workspace/loading.lua:100]: Preload file at: file:///squashfs-root/usr/share/nvim/runtime/lua/vim/F.lua , size = 1.066 KB
[08:43:18.741][info] [#0:script/workspace/loading.lua:112]: ++++As library of:	file:///squashfs-root/usr/share/nvim/runtime/lua
[08:43:18.741][info] [#0:script/workspace/loading.lua:100]: Preload file at: file:///squashfs-root/usr/share/nvim/runtime/lua/vim/lsp.lua , size = 76.689 KB
[08:43:18.761][info] [#0:script/workspace/loading.lua:112]: ++++As library of:	file:///squashfs-root/usr/share/nvim/runtime/lua
[08:43:18.763][info] [#0:script/workspace/loading.lua:100]: Preload file at: file:///squashfs-root/usr/share/nvim/runtime/lua/vim/secure.lua , size = 5.041 KB
[08:43:18.765][info] [#0:script/workspace/loading.lua:112]: ++++As library of:	file:///squashfs-root/usr/share/nvim/runtime/lua
[08:43:18.765][info] [#0:script/workspace/loading.lua:100]: Preload file at: file:///squashfs-root/usr/share/nvim/runtime/lua/vim/keymap.lua , size = 3.743 KB
[08:43:18.766][info] [#0:script/workspace/loading.lua:112]: ++++As library of:	file:///squashfs-root/usr/share/nvim/runtime/lua
[08:43:18.767][info] [#0:script/workspace/loading.lua:100]: Preload file at: file:///squashfs-root/usr/share/nvim/runtime/lua/vim/health.lua , size = 13.736 KB
[08:43:18.772][info] [#0:script/workspace/loading.lua:112]: ++++As library of:	file:///squashfs-root/usr/share/nvim/runtime/lua
[08:43:18.772][info] [#0:script/workspace/loading.lua:100]: Preload file at: file:///squashfs-root/usr/share/nvim/runtime/lua/provider/perl/health.lua , size = 2.899 KB
[08:43:18.773][info] [#0:script/workspace/loading.lua:112]: ++++As library of:	file:///squashfs-root/usr/share/nvim/runtime/lua
[08:43:18.773][info] [#0:script/workspace/loading.lua:100]: Preload file at: file:///squashfs-root/usr/share/nvim/runtime/lua/provider/python/health.lua , size = 16.235 KB
[08:43:18.778][info] [#0:script/workspace/loading.lua:112]: ++++As library of:	file:///squashfs-root/usr/share/nvim/runtime/lua
[08:43:18.778][info] [#0:script/workspace/loading.lua:100]: Preload file at: file:///squashfs-root/usr/share/nvim/runtime/lua/provider/node/health.lua , size = 3.298 KB
[08:43:18.779][info] [#0:script/workspace/loading.lua:112]: ++++As library of:	file:///squashfs-root/usr/share/nvim/runtime/lua
[08:43:18.779][info] [#0:script/workspace/loading.lua:100]: Preload file at: file:///squashfs-root/usr/share/nvim/runtime/lua/provider/clipboard/health.lua , size = 1.164 KB
[08:43:18.779][info] [#0:script/workspace/loading.lua:112]: ++++As library of:	file:///squashfs-root/usr/share/nvim/runtime/lua
[08:43:18.779][info] [#0:script/workspace/loading.lua:100]: Preload file at: file:///squashfs-root/usr/share/nvim/runtime/lua/provider/ruby/health.lua , size = 2.269 KB
[08:43:18.780][info] [#0:script/workspace/loading.lua:112]: ++++As library of:	file:///squashfs-root/usr/share/nvim/runtime/lua
[08:43:18.780][info] [#0:script/workspace/loading.lua:100]: Preload file at: file:///squashfs-root/usr/share/nvim/runtime/lua/coxpcall.lua , size = 3.451 KB
[08:43:18.781][info] [#0:script/workspace/loading.lua:112]: ++++As library of:	file:///squashfs-root/usr/share/nvim/runtime/lua
[08:43:18.781][info] [#0:script/workspace/loading.lua:100]: Preload file at: file:///squashfs-root/usr/share/nvim/runtime/lua/nvim/health.lua , size = 12.245 KB
[08:43:18.785][info] [#0:script/workspace/loading.lua:112]: ++++As library of:	file:///squashfs-root/usr/share/nvim/runtime/lua
[08:43:18.785][info] [#0:script/workspace/loading.lua:100]: Preload file at: file:///squashfs-root/usr/share/nvim/runtime/lua/jit/dis_arm64be.lua , size = 0.604 KB
[08:43:18.785][info] [#0:script/workspace/loading.lua:112]: ++++As library of:	file:///squashfs-root/usr/share/nvim/runtime/lua
[08:43:18.785][info] [#0:script/workspace/loading.lua:100]: Preload file at: file:///squashfs-root/usr/share/nvim/runtime/lua/jit/vmdef.lua , size = 7.920 KB
[08:43:18.787][info] [#0:script/workspace/loading.lua:112]: ++++As library of:	file:///squashfs-root/usr/share/nvim/runtime/lua
[08:43:18.787][info] [#0:script/workspace/loading.lua:100]: Preload file at: file:///squashfs-root/usr/share/nvim/runtime/lua/jit/dis_mips64r6el.lua , size = 0.711 KB
[08:43:18.788][info] [#0:script/workspace/loading.lua:112]: ++++As library of:	file:///squashfs-root/usr/share/nvim/runtime/lua
[08:43:18.788][info] [#0:script/workspace/loading.lua:100]: Preload file at: file:///squashfs-root/usr/share/nvim/runtime/lua/jit/dis_mips64.lua , size = 0.689 KB
[08:43:18.788][info] [#0:script/workspace/loading.lua:112]: ++++As library of:	file:///squashfs-root/usr/share/nvim/runtime/lua
[08:43:18.788][info] [#0:script/workspace/loading.lua:100]: Preload file at: file:///squashfs-root/usr/share/nvim/runtime/lua/jit/dis_arm64.lua , size = 29.441 KB
[08:43:18.885][info] [#0:script/workspace/loading.lua:112]: ++++As library of:	file:///squashfs-root/usr/share/nvim/runtime/lua
[08:43:18.885][info] [#0:script/workspace/loading.lua:100]: Preload file at: file:///squashfs-root/usr/share/nvim/runtime/lua/jit/dis_x86.lua , size = 33.033 KB
[08:43:18.897][info] [#0:script/workspace/loading.lua:112]: ++++As library of:	file:///squashfs-root/usr/share/nvim/runtime/lua
[08:43:18.897][info] [#0:script/workspace/loading.lua:100]: Preload file at: file:///squashfs-root/usr/share/nvim/runtime/lua/jit/dis_mipsel.lua , size = 0.698 KB
[08:43:18.897][info] [#0:script/workspace/loading.lua:112]: ++++As library of:	file:///squashfs-root/usr/share/nvim/runtime/lua
[08:43:18.897][info] [#0:script/workspace/loading.lua:100]: Preload file at: file:///squashfs-root/usr/share/nvim/runtime/lua/jit/dis_mips.lua , size = 21.494 KB
[08:43:18.905][info] [#0:script/workspace/loading.lua:112]: ++++As library of:	file:///squashfs-root/usr/share/nvim/runtime/lua
[08:43:18.907][info] [#0:script/workspace/loading.lua:100]: Preload file at: file:///squashfs-root/usr/share/nvim/runtime/lua/jit/p.lua , size = 8.891 KB
[08:43:18.911][info] [#0:script/workspace/loading.lua:112]: ++++As library of:	file:///squashfs-root/usr/share/nvim/runtime/lua
[08:43:18.911][info] [#0:script/workspace/loading.lua:100]: Preload file at: file:///squashfs-root/usr/share/nvim/runtime/lua/jit/bcsave.lua , size = 19.108 KB
[08:43:18.918][info] [#0:script/workspace/loading.lua:112]: ++++As library of:	file:///squashfs-root/usr/share/nvim/runtime/lua
[08:43:18.919][info] [#0:script/workspace/loading.lua:100]: Preload file at: file:///squashfs-root/usr/share/nvim/runtime/lua/jit/zone.lua , size = 0.979 KB
[08:43:18.920][info] [#0:script/workspace/loading.lua:112]: ++++As library of:	file:///squashfs-root/usr/share/nvim/runtime/lua
[08:43:18.920][info] [#0:script/workspace/loading.lua:100]: Preload file at: file:///squashfs-root/usr/share/nvim/runtime/lua/jit/dis_mips64el.lua , size = 0.700 KB
[08:43:18.920][info] [#0:script/workspace/loading.lua:112]: ++++As library of:	file:///squashfs-root/usr/share/nvim/runtime/lua
[08:43:18.920][info] [#0:script/workspace/loading.lua:100]: Preload file at: file:///squashfs-root/usr/share/nvim/runtime/lua/jit/dis_ppc.lua , size = 19.825 KB
[08:43:18.926][info] [#0:script/workspace/loading.lua:112]: ++++As library of:	file:///squashfs-root/usr/share/nvim/runtime/lua
[08:43:18.926][info] [#0:script/workspace/loading.lua:100]: Preload file at: file:///squashfs-root/usr/share/nvim/runtime/lua/jit/dump.lua , size = 20.130 KB
[08:43:18.933][info] [#0:script/workspace/loading.lua:112]: ++++As library of:	file:///squashfs-root/usr/share/nvim/runtime/lua
[08:43:18.933][info] [#0:script/workspace/loading.lua:100]: Preload file at: file:///squashfs-root/usr/share/nvim/runtime/lua/jit/dis_mips64r6.lua , size = 0.700 KB
[08:43:18.934][info] [#0:script/workspace/loading.lua:112]: ++++As library of:	file:///squashfs-root/usr/share/nvim/runtime/lua
[08:43:18.934][info] [#0:script/workspace/loading.lua:100]: Preload file at: file:///squashfs-root/usr/share/nvim/runtime/lua/jit/v.lua , size = 5.576 KB
[08:43:18.935][info] [#0:script/workspace/loading.lua:112]: ++++As library of:	file:///squashfs-root/usr/share/nvim/runtime/lua
[08:43:18.935][info] [#0:script/workspace/loading.lua:100]: Preload file at: file:///squashfs-root/usr/share/nvim/runtime/lua/jit/bc.lua , size = 5.417 KB
[08:43:18.937][info] [#0:script/workspace/loading.lua:112]: ++++As library of:	file:///squashfs-root/usr/share/nvim/runtime/lua
[08:43:18.937][info] [#0:script/workspace/loading.lua:100]: Preload file at: file:///squashfs-root/usr/share/nvim/runtime/lua/jit/dis_x64.lua , size = 0.695 KB
[08:43:18.938][info] [#0:script/workspace/loading.lua:112]: ++++As library of:	file:///squashfs-root/usr/share/nvim/runtime/lua
[08:43:18.938][info] [#0:script/workspace/loading.lua:100]: Preload file at: file:///squashfs-root/usr/share/nvim/runtime/lua/jit/dis_arm.lua , size = 18.891 KB
[08:43:18.944][info] [#0:script/workspace/loading.lua:112]: ++++As library of:	file:///squashfs-root/usr/share/nvim/runtime/lua
[08:43:18.944][info] [#0:script/workspace/loading.lua:100]: Preload file at: file:///home/mikep/.dotfiles/scripts/.local/share/nvim/lazy/harpoon/lua/harpoon/mark.lua , size = 10.832 KB
[08:43:18.947][info] [#0:script/workspace/loading.lua:112]: ++++As library of:	file:///home/mikep/.dotfiles/scripts/.local/share/nvim/lazy/harpoon/lua
[08:43:18.949][info] [#0:script/workspace/loading.lua:100]: Preload file at: file:///home/mikep/.dotfiles/scripts/.local/share/nvim/lazy/harpoon/lua/harpoon/test/manage_cmd_spec.lua , size = 3.900 KB
[08:43:18.950][info] [#0:script/workspace/loading.lua:112]: ++++As library of:	file:///home/mikep/.dotfiles/scripts/.local/share/nvim/lazy/harpoon/lua
[08:43:18.950][info] [#0:script/workspace/loading.lua:100]: Preload file at: file:///home/mikep/.dotfiles/scripts/.local/share/nvim/lazy/harpoon/lua/harpoon/tmux.lua , size = 5.452 KB
[08:43:18.952][info] [#0:script/workspace/loading.lua:112]: ++++As library of:	file:///home/mikep/.dotfiles/scripts/.local/share/nvim/lazy/harpoon/lua
[08:43:18.952][info] [#0:script/workspace/loading.lua:100]: Preload file at: file:///home/mikep/.dotfiles/scripts/.local/share/nvim/lazy/harpoon/lua/harpoon/ui.lua , size = 8.111 KB
[08:43:18.954][info] [#0:script/workspace/loading.lua:112]: ++++As library of:	file:///home/mikep/.dotfiles/scripts/.local/share/nvim/lazy/harpoon/lua
[08:43:18.954][info] [#0:script/workspace/loading.lua:100]: Preload file at: file:///home/mikep/.dotfiles/scripts/.local/share/nvim/lazy/harpoon/lua/harpoon/test/manage-a-mark.lua , size = 0.089 KB
[08:43:18.954][info] [#0:script/workspace/loading.lua:112]: ++++As library of:	file:///home/mikep/.dotfiles/scripts/.local/share/nvim/lazy/harpoon/lua
[08:43:18.954][info] [#0:script/workspace/loading.lua:100]: Preload file at: file:///home/mikep/.dotfiles/scripts/.local/share/nvim/lazy/harpoon/lua/harpoon/tabline.lua , size = 2.650 KB
[08:43:18.955][info] [#0:script/workspace/loading.lua:112]: ++++As library of:	file:///home/mikep/.dotfiles/scripts/.local/share/nvim/lazy/harpoon/lua
[08:43:18.955][info] [#0:script/workspace/loading.lua:100]: Preload file at: file:///home/mikep/.dotfiles/scripts/.local/share/nvim/lazy/harpoon/lua/harpoon/init.lua , size = 8.728 KB
[08:43:18.957][info] [#0:script/workspace/loading.lua:112]: ++++As library of:	file:///home/mikep/.dotfiles/scripts/.local/share/nvim/lazy/harpoon/lua
[08:43:18.957][info] [#0:script/workspace/loading.lua:100]: Preload file at: file:///home/mikep/.dotfiles/scripts/.local/share/nvim/lazy/harpoon/lua/harpoon/dev.lua , size = 1.048 KB
[08:43:18.958][info] [#0:script/workspace/loading.lua:112]: ++++As library of:	file:///home/mikep/.dotfiles/scripts/.local/share/nvim/lazy/harpoon/lua
[08:43:18.958][info] [#0:script/workspace/loading.lua:100]: Preload file at: file:///home/mikep/.dotfiles/scripts/.local/share/nvim/lazy/harpoon/lua/harpoon/term.lua , size = 3.745 KB
[08:43:18.959][info] [#0:script/workspace/loading.lua:112]: ++++As library of:	file:///home/mikep/.dotfiles/scripts/.local/share/nvim/lazy/harpoon/lua
[08:43:18.959][info] [#0:script/workspace/loading.lua:100]: Preload file at: file:///home/mikep/.dotfiles/scripts/.local/share/nvim/lazy/harpoon/lua/harpoon/utils.lua , size = 1.818 KB
[08:43:18.960][info] [#0:script/workspace/loading.lua:112]: ++++As library of:	file:///home/mikep/.dotfiles/scripts/.local/share/nvim/lazy/harpoon/lua
[08:43:18.960][info] [#0:script/workspace/loading.lua:100]: Preload file at: file:///home/mikep/.dotfiles/scripts/.local/share/nvim/lazy/harpoon/lua/harpoon/cmd-ui.lua , size = 4.300 KB
[08:43:18.961][info] [#0:script/workspace/loading.lua:112]: ++++As library of:	file:///home/mikep/.dotfiles/scripts/.local/share/nvim/lazy/harpoon/lua
[08:43:18.961][info] [#0:script/workspace/loading.lua:88]: Skip loaded file: file:///home/mikep/.dotfiles/scripts/.local/share/nvim/mason/packages/lua-language-server/libexec/meta/LuaJIT%20en-us%20utf8/jit.lua
[08:43:18.961][info] [#0:script/workspace/loading.lua:112]: ++++As library of:	file:///home/mikep/.dotfiles/scripts/.local/share/nvim/mason/packages/lua-language-server/libexec/meta/LuaJIT%20en-us%20utf8/jit.lua
[08:43:18.961][info] [#0:script/workspace/loading.lua:100]: Preload file at: file:///home/mikep/.dotfiles/scripts/.local/share/nvim/lazy/harpoon/lua/telescope/_extensions/harpoon.lua , size = 0.271 KB
[08:43:18.962][info] [#0:script/workspace/loading.lua:112]: ++++As library of:	file:///home/mikep/.dotfiles/scripts/.local/share/nvim/lazy/harpoon/lua
[08:43:18.962][info] [#0:script/workspace/loading.lua:100]: Preload file at: file:///home/mikep/.dotfiles/scripts/.local/share/nvim/lazy/harpoon/lua/telescope/_extensions/marks.lua , size = 4.113 KB
[08:43:18.963][info] [#0:script/workspace/loading.lua:112]: ++++As library of:	file:///home/mikep/.dotfiles/scripts/.local/share/nvim/lazy/harpoon/lua
[08:43:18.963][info] [#0:script/workspace/loading.lua:100]: Preload file at: file:///home/mikep/.dotfiles/scripts/.local/share/nvim/lazy/cmp-nvim-lsp/lua/cmp_nvim_lsp/source.lua , size = 4.343 KB
[08:43:18.965][info] [#0:script/workspace/loading.lua:112]: ++++As library of:	file:///home/mikep/.dotfiles/scripts/.local/share/nvim/lazy/cmp-nvim-lsp/lua
[08:43:18.965][info] [#0:script/workspace/loading.lua:100]: Preload file at: file:///home/mikep/.dotfiles/scripts/.local/share/nvim/lazy/cmp-nvim-lsp/lua/cmp_nvim_lsp/init.lua , size = 4.303 KB
[08:43:18.966][info] [#0:script/workspace/loading.lua:112]: ++++As library of:	file:///home/mikep/.dotfiles/scripts/.local/share/nvim/lazy/cmp-nvim-lsp/lua
[08:43:18.966][info] [#0:script/workspace/loading.lua:100]: Preload file at: file:///home/mikep/.dotfiles/scripts/.local/share/nvim/lazy/cmp_luasnip/lua/cmp_luasnip/init.lua , size = 4.805 KB
[08:43:18.968][info] [#0:script/workspace/loading.lua:112]: ++++As library of:	file:///home/mikep/.dotfiles/scripts/.local/share/nvim/lazy/cmp_luasnip/lua
[08:43:18.968][info] [#0:script/workspace/loading.lua:88]: Skip loaded file: file:///home/mikep/.dotfiles/scripts/.local/share/nvim/mason/packages/lua-language-server/libexec/meta/LuaJIT%20en-us%20utf8/jit/profile.lua
[08:43:18.968][info] [#0:script/workspace/loading.lua:112]: ++++As library of:	file:///home/mikep/.dotfiles/scripts/.local/share/nvim/mason/packages/lua-language-server/libexec/meta/LuaJIT%20en-us%20utf8/jit/profile.lua
[08:43:18.969][info] [#0:script/workspace/loading.lua:100]: Preload file at: file:///home/mikep/.dotfiles/scripts/.local/share/nvim/lazy/telescope.nvim/lua/telescope/previewers/init.lua , size = 15.021 KB
[08:43:18.971][info] [#0:script/workspace/loading.lua:112]: ++++As library of:	file:///home/mikep/.dotfiles/scripts/.local/share/nvim/lazy/telescope.nvim/lua
[08:43:18.971][info] [#0:script/workspace/loading.lua:100]: Preload file at: file:///home/mikep/.dotfiles/scripts/.local/share/nvim/lazy/telescope.nvim/lua/telescope/make_entry.lua , size = 34.126 KB
[08:43:18.980][info] [#0:script/workspace/loading.lua:112]: ++++As library of:	file:///home/mikep/.dotfiles/scripts/.local/share/nvim/lazy/telescope.nvim/lua
[08:43:18.980][info] [#0:script/workspace/loading.lua:100]: Preload file at: file:///home/mikep/.dotfiles/scripts/.local/share/nvim/lazy/telescope.nvim/lua/telescope/previewers/utils.lua , size = 6.700 KB
[08:43:18.982][info] [#0:script/workspace/loading.lua:112]: ++++As library of:	file:///home/mikep/.dotfiles/scripts/.local/share/nvim/lazy/telescope.nvim/lua
[08:43:18.982][info] [#0:script/workspace/loading.lua:100]: Preload file at: file:///home/mikep/.dotfiles/scripts/.local/share/nvim/lazy/telescope.nvim/lua/telescope/previewers/buffer_previewer.lua , size = 34.656 KB
[08:43:18.992][info] [#0:script/workspace/loading.lua:112]: ++++As library of:	file:///home/mikep/.dotfiles/scripts/.local/share/nvim/lazy/telescope.nvim/lua
[08:43:18.992][info] [#0:script/workspace/loading.lua:100]: Preload file at: file:///home/mikep/.dotfiles/scripts/.local/share/nvim/lazy/telescope.nvim/lua/telescope/previewers/term_previewer.lua , size = 8.495 KB
[08:43:18.994][info] [#0:script/workspace/loading.lua:112]: ++++As library of:	file:///home/mikep/.dotfiles/scripts/.local/share/nvim/lazy/telescope.nvim/lua
[08:43:18.994][info] [#0:script/workspace/loading.lua:100]: Preload file at: file:///home/mikep/.dotfiles/scripts/.local/share/nvim/lazy/telescope.nvim/lua/telescope/previewers/previewer.lua , size = 2.095 KB
[08:43:18.995][info] [#0:script/workspace/loading.lua:112]: ++++As library of:	file:///home/mikep/.dotfiles/scripts/.local/share/nvim/lazy/telescope.nvim/lua
[08:43:18.995][info] [#0:script/workspace/loading.lua:100]: Preload file at: file:///home/mikep/.dotfiles/scripts/.local/share/nvim/lazy/telescope.nvim/lua/telescope/testharness/init.lua , size = 2.910 KB
[08:43:18.996][info] [#0:script/workspace/loading.lua:112]: ++++As library of:	file:///home/mikep/.dotfiles/scripts/.local/share/nvim/lazy/telescope.nvim/lua
[08:43:18.997][info] [#0:script/workspace/loading.lua:100]: Preload file at: file:///home/mikep/.dotfiles/scripts/.local/share/nvim/lazy/telescope.nvim/lua/telescope/testharness/runner.lua , size = 3.100 KB
[08:43:18.999][info] [#0:script/workspace/loading.lua:112]: ++++As library of:	file:///home/mikep/.dotfiles/scripts/.local/share/nvim/lazy/telescope.nvim/lua
[08:43:18.999][info] [#0:script/workspace/loading.lua:100]: Preload file at: file:///home/mikep/.dotfiles/scripts/.local/share/nvim/lazy/telescope.nvim/lua/telescope/testharness/helpers.lua , size = 1.629 KB
[08:43:18.999][info] [#0:script/workspace/loading.lua:112]: ++++As library of:	file:///home/mikep/.dotfiles/scripts/.local/share/nvim/lazy/telescope.nvim/lua
[08:43:18.999][info] [#0:script/workspace/loading.lua:100]: Preload file at: file:///home/mikep/.dotfiles/scripts/.local/share/nvim/lazy/telescope.nvim/lua/telescope/algos/fzy.lua , size = 4.909 KB
[08:43:19.001][info] [#0:script/workspace/loading.lua:112]: ++++As library of:	file:///home/mikep/.dotfiles/scripts/.local/share/nvim/lazy/telescope.nvim/lua
[08:43:19.001][info] [#0:script/workspace/loading.lua:100]: Preload file at: file:///home/mikep/.dotfiles/scripts/.local/share/nvim/lazy/telescope.nvim/lua/telescope/command.lua , size = 6.891 KB
[08:43:19.002][info] [#0:script/workspace/loading.lua:112]: ++++As library of:	file:///home/mikep/.dotfiles/scripts/.local/share/nvim/lazy/telescope.nvim/lua
[08:43:19.003][info] [#0:script/workspace/loading.lua:100]: Preload file at: file:///home/mikep/.dotfiles/scripts/.local/share/nvim/lazy/telescope.nvim/lua/telescope/algos/string_distance.lua , size = 0.910 KB
[08:43:19.004][info] [#0:script/workspace/loading.lua:112]: ++++As library of:	file:///home/mikep/.dotfiles/scripts/.local/share/nvim/lazy/telescope.nvim/lua
[08:43:19.004][info] [#0:script/workspace/loading.lua:100]: Preload file at: file:///home/mikep/.dotfiles/scripts/.local/share/nvim/lazy/telescope.nvim/lua/telescope/algos/linked_list.lua , size = 5.003 KB
[08:43:19.006][info] [#0:script/workspace/loading.lua:112]: ++++As library of:	file:///home/mikep/.dotfiles/scripts/.local/share/nvim/lazy/telescope.nvim/lua
[08:43:19.006][info] [#0:script/workspace/loading.lua:100]: Preload file at: file:///home/mikep/.dotfiles/scripts/.local/share/nvim/lazy/telescope.nvim/lua/telescope/finders.lua , size = 5.548 KB
[08:43:19.008][info] [#0:script/workspace/loading.lua:112]: ++++As library of:	file:///home/mikep/.dotfiles/scripts/.local/share/nvim/lazy/telescope.nvim/lua
[08:43:19.008][info] [#0:script/workspace/loading.lua:100]: Preload file at: file:///home/mikep/.dotfiles/scripts/.local/share/nvim/lazy/telescope.nvim/lua/telescope/from_entry.lua , size = 1.348 KB
[08:43:19.008][info] [#0:script/workspace/loading.lua:112]: ++++As library of:	file:///home/mikep/.dotfiles/scripts/.local/share/nvim/lazy/telescope.nvim/lua
[08:43:19.009][info] [#0:script/workspace/loading.lua:100]: Preload file at: file:///home/mikep/.dotfiles/scripts/.local/share/nvim/lazy/telescope.nvim/lua/telescope/mappings.lua , size = 9.537 KB
[08:43:19.011][info] [#0:script/workspace/loading.lua:112]: ++++As library of:	file:///home/mikep/.dotfiles/scripts/.local/share/nvim/lazy/telescope.nvim/lua
[08:43:19.011][info] [#0:script/workspace/loading.lua:100]: Preload file at: file:///home/mikep/.dotfiles/scripts/.local/share/nvim/lazy/telescope.nvim/lua/telescope/init.lua , size = 7.562 KB
[08:43:19.012][info] [#0:script/workspace/loading.lua:112]: ++++As library of:	file:///home/mikep/.dotfiles/scripts/.local/share/nvim/lazy/telescope.nvim/lua
[08:43:19.012][info] [#0:script/workspace/loading.lua:100]: Preload file at: file:///home/mikep/.dotfiles/scripts/.local/share/nvim/lazy/telescope.nvim/lua/telescope/sorters.lua , size = 16.044 KB
[08:43:19.016][info] [#0:script/workspace/loading.lua:112]: ++++As library of:	file:///home/mikep/.dotfiles/scripts/.local/share/nvim/lazy/telescope.nvim/lua
[08:43:19.016][info] [#0:script/workspace/loading.lua:100]: Preload file at: file:///home/mikep/.dotfiles/scripts/.local/share/nvim/lazy/telescope.nvim/lua/telescope/entry_manager.lua , size = 4.259 KB
[08:43:19.018][info] [#0:script/workspace/loading.lua:112]: ++++As library of:	file:///home/mikep/.dotfiles/scripts/.local/share/nvim/lazy/telescope.nvim/lua
[08:43:19.018][info] [#0:script/workspace/loading.lua:100]: Preload file at: file:///home/mikep/.dotfiles/scripts/.local/share/nvim/lazy/telescope.nvim/lua/telescope/config/resolve.lua , size = 8.430 KB
[08:43:19.019][info] [#0:script/workspace/loading.lua:112]: ++++As library of:	file:///home/mikep/.dotfiles/scripts/.local/share/nvim/lazy/telescope.nvim/lua
[08:43:19.020][info] [#0:script/workspace/loading.lua:100]: Preload file at: file:///home/mikep/.dotfiles/scripts/.local/share/nvim/lazy/telescope.nvim/lua/telescope/actions/layout.lua , size = 6.077 KB
[08:43:19.021][info] [#0:script/workspace/loading.lua:112]: ++++As library of:	file:///home/mikep/.dotfiles/scripts/.local/share/nvim/lazy/telescope.nvim/lua
[08:43:19.022][info] [#0:script/workspace/loading.lua:100]: Preload file at: file:///home/mikep/.dotfiles/scripts/.local/share/nvim/lazy/telescope.nvim/lua/telescope/actions/history.lua , size = 6.214 KB
[08:43:19.024][info] [#0:script/workspace/loading.lua:112]: ++++As library of:	file:///home/mikep/.dotfiles/scripts/.local/share/nvim/lazy/telescope.nvim/lua
[08:43:19.024][info] [#0:script/workspace/loading.lua:100]: Preload file at: file:///home/mikep/.dotfiles/scripts/.local/share/nvim/lazy/telescope.nvim/lua/telescope/actions/mt.lua , size = 5.731 KB
[08:43:19.026][info] [#0:script/workspace/loading.lua:112]: ++++As library of:	file:///home/mikep/.dotfiles/scripts/.local/share/nvim/lazy/telescope.nvim/lua
[08:43:19.026][info] [#0:script/workspace/loading.lua:100]: Preload file at: file:///home/mikep/.dotfiles/scripts/.local/share/nvim/lazy/telescope.nvim/lua/telescope/actions/set.lua , size = 7.793 KB
[08:43:19.028][info] [#0:script/workspace/loading.lua:112]: ++++As library of:	file:///home/mikep/.dotfiles/scripts/.local/share/nvim/lazy/telescope.nvim/lua
[08:43:19.028][info] [#0:script/workspace/loading.lua:100]: Preload file at: file:///home/mikep/.dotfiles/scripts/.local/share/nvim/lazy/telescope.nvim/lua/telescope/actions/init.lua , size = 46.178 KB
[08:43:19.040][info] [#0:script/workspace/loading.lua:112]: ++++As library of:	file:///home/mikep/.dotfiles/scripts/.local/share/nvim/lazy/telescope.nvim/lua
[08:43:19.040][info] [#0:script/workspace/loading.lua:100]: Preload file at: file:///home/mikep/.dotfiles/scripts/.local/share/nvim/lazy/telescope.nvim/lua/telescope/actions/state.lua , size = 1.506 KB
[08:43:19.040][info] [#0:script/workspace/loading.lua:112]: ++++As library of:	file:///home/mikep/.dotfiles/scripts/.local/share/nvim/lazy/telescope.nvim/lua
[08:43:19.040][info] [#0:script/workspace/loading.lua:100]: Preload file at: file:///home/mikep/.dotfiles/scripts/.local/share/nvim/lazy/telescope.nvim/lua/telescope/actions/utils.lua , size = 5.302 KB
[08:43:19.042][info] [#0:script/workspace/loading.lua:112]: ++++As library of:	file:///home/mikep/.dotfiles/scripts/.local/share/nvim/lazy/telescope.nvim/lua
[08:43:19.042][info] [#0:script/workspace/loading.lua:100]: Preload file at: file:///home/mikep/.dotfiles/scripts/.local/share/nvim/lazy/telescope.nvim/lua/telescope/actions/generate.lua , size = 5.014 KB
[08:43:19.043][info] [#0:script/workspace/loading.lua:112]: ++++As library of:	file:///home/mikep/.dotfiles/scripts/.local/share/nvim/lazy/telescope.nvim/lua
[08:43:19.043][info] [#0:script/workspace/loading.lua:100]: Preload file at: file:///home/mikep/.dotfiles/scripts/.local/share/nvim/lazy/telescope.nvim/lua/telescope/pickers/highlights.lua , size = 3.708 KB
[08:43:19.045][info] [#0:script/workspace/loading.lua:112]: ++++As library of:	file:///home/mikep/.dotfiles/scripts/.local/share/nvim/lazy/telescope.nvim/lua
[08:43:19.045][info] [#0:script/workspace/loading.lua:100]: Preload file at: file:///home/mikep/.dotfiles/scripts/.local/share/nvim/lazy/telescope.nvim/lua/telescope/pickers/window.lua , size = 1.193 KB
[08:43:19.045][info] [#0:script/workspace/loading.lua:112]: ++++As library of:	file:///home/mikep/.dotfiles/scripts/.local/share/nvim/lazy/telescope.nvim/lua
[08:43:19.045][info] [#0:script/workspace/loading.lua:100]: Preload file at: file:///home/mikep/.dotfiles/scripts/.local/share/nvim/lazy/telescope.nvim/lua/telescope/pickers/entry_display.lua , size = 5.569 KB
[08:43:19.046][info] [#0:script/workspace/loading.lua:112]: ++++As library of:	file:///home/mikep/.dotfiles/scripts/.local/share/nvim/lazy/telescope.nvim/lua
[08:43:19.046][info] [#0:script/workspace/loading.lua:100]: Preload file at: file:///home/mikep/.dotfiles/scripts/.local/share/nvim/lazy/telescope.nvim/lua/telescope/pickers/multi.lua , size = 0.960 KB
[08:43:19.047][info] [#0:script/workspace/loading.lua:112]: ++++As library of:	file:///home/mikep/.dotfiles/scripts/.local/share/nvim/lazy/telescope.nvim/lua
[08:43:19.047][info] [#0:script/workspace/loading.lua:100]: Preload file at: file:///home/mikep/.dotfiles/scripts/.local/share/nvim/lazy/telescope.nvim/lua/telescope/pickers/scroller.lua , size = 2.926 KB
[08:43:19.048][info] [#0:script/workspace/loading.lua:112]: ++++As library of:	file:///home/mikep/.dotfiles/scripts/.local/share/nvim/lazy/telescope.nvim/lua
[08:43:19.048][info] [#0:script/workspace/loading.lua:100]: Preload file at: file:///home/mikep/.dotfiles/scripts/.local/share/nvim/lazy/telescope.nvim/lua/telescope/pickers/layout_strategies.lua , size = 37.067 KB
[08:43:19.056][info] [#0:script/workspace/loading.lua:112]: ++++As library of:	file:///home/mikep/.dotfiles/scripts/.local/share/nvim/lazy/telescope.nvim/lua
[08:43:19.056][info] [#0:script/workspace/loading.lua:100]: Preload file at: file:///home/mikep/.dotfiles/scripts/.local/share/nvim/lazy/telescope.nvim/lua/telescope/pickers.lua , size = 51.797 KB
[08:43:19.071][info] [#0:script/workspace/loading.lua:112]: ++++As library of:	file:///home/mikep/.dotfiles/scripts/.local/share/nvim/lazy/telescope.nvim/lua
[08:43:19.071][info] [#0:script/workspace/loading.lua:100]: Preload file at: file:///home/mikep/.dotfiles/scripts/.local/share/nvim/lazy/telescope.nvim/lua/telescope/finders/async_oneshot_finder.lua , size = 2.382 KB
[08:43:19.072][info] [#0:script/workspace/loading.lua:112]: ++++As library of:	file:///home/mikep/.dotfiles/scripts/.local/share/nvim/lazy/telescope.nvim/lua
[08:43:19.072][info] [#0:script/workspace/loading.lua:100]: Preload file at: file:///home/mikep/.dotfiles/scripts/.local/share/nvim/lazy/telescope.nvim/lua/telescope/finders/async_static_finder.lua , size = 0.907 KB
[08:43:19.073][info] [#0:script/workspace/loading.lua:112]: ++++As library of:	file:///home/mikep/.dotfiles/scripts/.local/share/nvim/lazy/telescope.nvim/lua
[08:43:19.074][info] [#0:script/workspace/loading.lua:100]: Preload file at: file:///home/mikep/.dotfiles/scripts/.local/share/nvim/lazy/telescope.nvim/lua/telescope/finders/async_job_finder.lua , size = 1.745 KB
[08:43:19.075][info] [#0:script/workspace/loading.lua:112]: ++++As library of:	file:///home/mikep/.dotfiles/scripts/.local/share/nvim/lazy/telescope.nvim/lua
[08:43:19.075][info] [#0:script/workspace/loading.lua:100]: Preload file at: file:///home/mikep/.dotfiles/scripts/.local/share/nvim/lazy/telescope.nvim/lua/telescope/debounce.lua , size = 4.741 KB
[08:43:19.077][info] [#0:script/workspace/loading.lua:112]: ++++As library of:	file:///home/mikep/.dotfiles/scripts/.local/share/nvim/lazy/telescope.nvim/lua
[08:43:19.077][info] [#0:script/workspace/loading.lua:100]: Preload file at: file:///home/mikep/.dotfiles/scripts/.local/share/nvim/lazy/telescope.nvim/lua/telescope/log.lua , size = 0.078 KB
[08:43:19.077][info] [#0:script/workspace/loading.lua:112]: ++++As library of:	file:///home/mikep/.dotfiles/scripts/.local/share/nvim/lazy/telescope.nvim/lua
[08:43:19.077][info] [#0:script/workspace/loading.lua:100]: Preload file at: file:///home/mikep/.dotfiles/scripts/.local/share/nvim/lazy/telescope.nvim/lua/telescope/builtin/__git.lua , size = 12.274 KB
[08:43:19.080][info] [#0:script/workspace/loading.lua:112]: ++++As library of:	file:///home/mikep/.dotfiles/scripts/.local/share/nvim/lazy/telescope.nvim/lua
[08:43:19.080][info] [#0:script/workspace/loading.lua:100]: Preload file at: file:///home/mikep/.dotfiles/scripts/.local/share/nvim/lazy/telescope.nvim/lua/telescope/builtin/__lsp.lua , size = 12.222 KB
[08:43:19.084][info] [#0:script/workspace/loading.lua:112]: ++++As library of:	file:///home/mikep/.dotfiles/scripts/.local/share/nvim/lazy/telescope.nvim/lua
[08:43:19.084][info] [#0:script/workspace/loading.lua:100]: Preload file at: file:///home/mikep/.dotfiles/scripts/.local/share/nvim/lazy/telescope.nvim/lua/telescope/builtin/init.lua , size = 31.586 KB
[08:43:19.091][info] [#0:script/workspace/loading.lua:112]: ++++As library of:	file:///home/mikep/.dotfiles/scripts/.local/share/nvim/lazy/telescope.nvim/lua
[08:43:19.091][info] [#0:script/workspace/loading.lua:100]: Preload file at: file:///home/mikep/.dotfiles/scripts/.local/share/nvim/lazy/telescope.nvim/lua/telescope/builtin/__files.lua , size = 17.355 KB
[08:43:19.096][info] [#0:script/workspace/loading.lua:112]: ++++As library of:	file:///home/mikep/.dotfiles/scripts/.local/share/nvim/lazy/telescope.nvim/lua
[08:43:19.096][info] [#0:script/workspace/loading.lua:100]: Preload file at: file:///home/mikep/.dotfiles/scripts/.local/share/nvim/lazy/telescope.nvim/lua/telescope/builtin/__diagnostics.lua , size = 4.415 KB
[08:43:19.098][info] [#0:script/workspace/loading.lua:112]: ++++As library of:	file:///home/mikep/.dotfiles/scripts/.local/share/nvim/lazy/telescope.nvim/lua
[08:43:19.098][info] [#0:script/workspace/loading.lua:100]: Preload file at: file:///home/mikep/.dotfiles/scripts/.local/share/nvim/lazy/telescope.nvim/lua/telescope/builtin/__internal.lua , size = 41.392 KB
[08:43:19.111][info] [#0:script/workspace/loading.lua:112]: ++++As library of:	file:///home/mikep/.dotfiles/scripts/.local/share/nvim/lazy/telescope.nvim/lua
[08:43:19.111][info] [#0:script/workspace/loading.lua:100]: Preload file at: file:///home/mikep/.dotfiles/scripts/.local/share/nvim/lazy/telescope.nvim/lua/telescope/config.lua , size = 26.492 KB
[08:43:19.115][info] [#0:script/workspace/loading.lua:112]: ++++As library of:	file:///home/mikep/.dotfiles/scripts/.local/share/nvim/lazy/telescope.nvim/lua
[08:43:19.115][info] [#0:script/workspace/loading.lua:100]: Preload file at: file:///home/mikep/.dotfiles/scripts/.local/share/nvim/lazy/telescope.nvim/lua/telescope/themes.lua , size = 3.802 KB
[08:43:19.116][info] [#0:script/workspace/loading.lua:112]: ++++As library of:	file:///home/mikep/.dotfiles/scripts/.local/share/nvim/lazy/telescope.nvim/lua
[08:43:19.116][info] [#0:script/workspace/loading.lua:100]: Preload file at: file:///home/mikep/.dotfiles/scripts/.local/share/nvim/lazy/telescope.nvim/lua/telescope/state.lua , size = 0.860 KB
[08:43:19.116][info] [#0:script/workspace/loading.lua:112]: ++++As library of:	file:///home/mikep/.dotfiles/scripts/.local/share/nvim/lazy/telescope.nvim/lua
[08:43:19.116][info] [#0:script/workspace/loading.lua:100]: Preload file at: file:///home/mikep/.dotfiles/scripts/.local/share/nvim/lazy/telescope.nvim/lua/telescope/utils.lua , size = 17.881 KB
[08:43:19.122][info] [#0:script/workspace/loading.lua:112]: ++++As library of:	file:///home/mikep/.dotfiles/scripts/.local/share/nvim/lazy/telescope.nvim/lua
[08:43:19.123][info] [#0:script/workspace/loading.lua:100]: Preload file at: file:///home/mikep/.dotfiles/scripts/.local/share/nvim/lazy/telescope.nvim/lua/telescope/_extensions/init.lua , size = 2.229 KB
[08:43:19.124][info] [#0:script/workspace/loading.lua:112]: ++++As library of:	file:///home/mikep/.dotfiles/scripts/.local/share/nvim/lazy/telescope.nvim/lua
[08:43:19.124][info] [#0:script/workspace/loading.lua:100]: Preload file at: file:///home/mikep/.dotfiles/scripts/.local/share/nvim/lazy/telescope.nvim/lua/telescope/deprecated.lua , size = 0.320 KB
[08:43:19.124][info] [#0:script/workspace/loading.lua:112]: ++++As library of:	file:///home/mikep/.dotfiles/scripts/.local/share/nvim/lazy/telescope.nvim/lua
[08:43:19.124][info] [#0:script/workspace/loading.lua:100]: Preload file at: file:///home/mikep/.dotfiles/scripts/.local/share/nvim/lazy/telescope.nvim/lua/telescope/_.lua , size = 6.651 KB
[08:43:19.127][info] [#0:script/workspace/loading.lua:112]: ++++As library of:	file:///home/mikep/.dotfiles/scripts/.local/share/nvim/lazy/telescope.nvim/lua
[08:43:19.127][info] [#0:script/workspace/loading.lua:100]: Preload file at: file:///home/mikep/.dotfiles/scripts/.local/share/nvim/lazy/telescope.nvim/lua/telescope/health.lua , size = 3.567 KB
[08:43:19.128][info] [#0:script/workspace/loading.lua:112]: ++++As library of:	file:///home/mikep/.dotfiles/scripts/.local/share/nvim/lazy/telescope.nvim/lua
[08:43:19.129][info] [#0:script/workspace/loading.lua:100]: Preload file at: file:///home/mikep/.dotfiles/scripts/.local/share/nvim/lazy/telescope.nvim/lua/tests/pickers/find_files__readme.lua , size = 0.211 KB
[08:43:19.129][info] [#0:script/workspace/loading.lua:112]: ++++As library of:	file:///home/mikep/.dotfiles/scripts/.local/share/nvim/lazy/telescope.nvim/lua
[08:43:19.129][info] [#0:script/workspace/loading.lua:100]: Preload file at: file:///home/mikep/.dotfiles/scripts/.local/share/nvim/lazy/telescope.nvim/lua/tests/pickers/find_files__scrolling_descending_cycle.lua , size = 0.352 KB
[08:43:19.130][info] [#0:script/workspace/loading.lua:112]: ++++As library of:	file:///home/mikep/.dotfiles/scripts/.local/share/nvim/lazy/telescope.nvim/lua
[08:43:19.130][info] [#0:script/workspace/loading.lua:100]: Preload file at: file:///home/mikep/.dotfiles/scripts/.local/share/nvim/lazy/telescope.nvim/lua/tests/helpers.lua , size = 2.022 KB
[08:43:19.130][info] [#0:script/workspace/loading.lua:112]: ++++As library of:	file:///home/mikep/.dotfiles/scripts/.local/share/nvim/lazy/telescope.nvim/lua
[08:43:19.130][info] [#0:script/workspace/loading.lua:100]: Preload file at: file:///home/mikep/.dotfiles/scripts/.local/share/nvim/lazy/telescope.nvim/lua/tests/automated/linked_list_spec.lua , size = 2.893 KB
[08:43:19.132][info] [#0:script/workspace/loading.lua:112]: ++++As library of:	file:///home/mikep/.dotfiles/scripts/.local/share/nvim/lazy/telescope.nvim/lua
[08:43:19.132][info] [#0:script/workspace/loading.lua:100]: Preload file at: file:///home/mikep/.dotfiles/scripts/.local/share/nvim/lazy/telescope.nvim/lua/tests/automated/layout_strategies_spec.lua , size = 3.916 KB
[08:43:19.133][info] [#0:script/workspace/loading.lua:112]: ++++As library of:	file:///home/mikep/.dotfiles/scripts/.local/share/nvim/lazy/telescope.nvim/lua
[08:43:19.133][info] [#0:script/workspace/loading.lua:100]: Preload file at: file:///home/mikep/.dotfiles/scripts/.local/share/nvim/lazy/telescope.nvim/lua/tests/automated/entry_manager_spec.lua , size = 5.007 KB
[08:43:19.134][info] [#0:script/workspace/loading.lua:112]: ++++As library of:	file:///home/mikep/.dotfiles/scripts/.local/share/nvim/lazy/telescope.nvim/lua
[08:43:19.135][info] [#0:script/workspace/loading.lua:100]: Preload file at: file:///home/mikep/.dotfiles/scripts/.local/share/nvim/lazy/telescope.nvim/lua/tests/automated/pickers/find_files_spec.lua , size = 3.845 KB
[08:43:19.135][info] [#0:script/workspace/loading.lua:112]: ++++As library of:	file:///home/mikep/.dotfiles/scripts/.local/share/nvim/lazy/telescope.nvim/lua
[08:43:19.135][info] [#0:script/workspace/loading.lua:100]: Preload file at: file:///home/mikep/.dotfiles/scripts/.local/share/nvim/lazy/telescope.nvim/lua/tests/automated/entry_display_spec.lua , size = 1.850 KB
[08:43:19.136][info] [#0:script/workspace/loading.lua:112]: ++++As library of:	file:///home/mikep/.dotfiles/scripts/.local/share/nvim/lazy/telescope.nvim/lua
[08:43:19.136][info] [#0:script/workspace/loading.lua:100]: Preload file at: file:///home/mikep/.dotfiles/scripts/.local/share/nvim/lazy/telescope.nvim/lua/tests/automated/scroller_spec.lua , size = 4.629 KB
[08:43:19.137][info] [#0:script/workspace/loading.lua:112]: ++++As library of:	file:///home/mikep/.dotfiles/scripts/.local/share/nvim/lazy/telescope.nvim/lua
[08:43:19.138][info] [#0:script/workspace/loading.lua:100]: Preload file at: file:///home/mikep/.dotfiles/scripts/.local/share/nvim/lazy/telescope.nvim/lua/tests/automated/utils_spec.lua , size = 7.081 KB
[08:43:19.140][info] [#0:script/workspace/loading.lua:112]: ++++As library of:	file:///home/mikep/.dotfiles/scripts/.local/share/nvim/lazy/telescope.nvim/lua
[08:43:19.140][info] [#0:script/workspace/loading.lua:100]: Preload file at: file:///home/mikep/.dotfiles/scripts/.local/share/nvim/lazy/telescope.nvim/lua/tests/automated/action_spec.lua , size = 9.890 KB
[08:43:19.142][info] [#0:script/workspace/loading.lua:112]: ++++As library of:	file:///home/mikep/.dotfiles/scripts/.local/share/nvim/lazy/telescope.nvim/lua
[08:43:19.142][info] [#0:script/workspace/loading.lua:100]: Preload file at: file:///home/mikep/.dotfiles/scripts/.local/share/nvim/lazy/telescope.nvim/lua/tests/automated/command_spec.lua , size = 3.155 KB
[08:43:19.143][info] [#0:script/workspace/loading.lua:112]: ++++As library of:	file:///home/mikep/.dotfiles/scripts/.local/share/nvim/lazy/telescope.nvim/lua
[08:43:19.143][info] [#0:script/workspace/loading.lua:100]: Preload file at: file:///home/mikep/.dotfiles/scripts/.local/share/nvim/lazy/telescope.nvim/lua/tests/automated/telescope_spec.lua , size = 7.896 KB
[08:43:19.145][info] [#0:script/workspace/loading.lua:112]: ++++As library of:	file:///home/mikep/.dotfiles/scripts/.local/share/nvim/lazy/telescope.nvim/lua
[08:43:19.146][info] [#0:script/workspace/loading.lua:100]: Preload file at: file:///home/mikep/.dotfiles/scripts/.local/share/nvim/lazy/mason-lspconfig.nvim/lua/mason-lspconfig/version.lua , size = 0.208 KB
[08:43:19.146][info] [#0:script/workspace/loading.lua:112]: ++++As library of:	file:///home/mikep/.dotfiles/scripts/.local/share/nvim/lazy/mason-lspconfig.nvim/lua
[08:43:19.146][info] [#0:script/workspace/loading.lua:100]: Preload file at: file:///home/mikep/.dotfiles/scripts/.local/share/nvim/lazy/telescope.nvim/lua/tests/automated/resolver_spec.lua , size = 7.110 KB
[08:43:19.149][info] [#0:script/workspace/loading.lua:112]: ++++As library of:	file:///home/mikep/.dotfiles/scripts/.local/share/nvim/lazy/telescope.nvim/lua
[08:43:19.149][info] [#0:script/workspace/loading.lua:100]: Preload file at: file:///home/mikep/.dotfiles/scripts/.local/share/nvim/lazy/mason-lspconfig.nvim/lua/mason-lspconfig/settings.lua , size = 1.280 KB
[08:43:19.150][info] [#0:script/workspace/loading.lua:112]: ++++As library of:	file:///home/mikep/.dotfiles/scripts/.local/share/nvim/lazy/mason-lspconfig.nvim/lua
[08:43:19.150][info] [#0:script/workspace/loading.lua:100]: Preload file at: file:///home/mikep/.dotfiles/scripts/.local/share/nvim/lazy/mason-lspconfig.nvim/lua/mason-lspconfig/install.lua , size = 0.954 KB
[08:43:19.150][info] [#0:script/workspace/loading.lua:112]: ++++As library of:	file:///home/mikep/.dotfiles/scripts/.local/share/nvim/lazy/mason-lspconfig.nvim/lua
[08:43:19.150][info] [#0:script/workspace/loading.lua:100]: Preload file at: file:///home/mikep/.dotfiles/scripts/.local/share/nvim/lazy/mason-lspconfig.nvim/lua/mason-lspconfig/notify.lua , size = 0.166 KB
[08:43:19.150][info] [#0:script/workspace/loading.lua:112]: ++++As library of:	file:///home/mikep/.dotfiles/scripts/.local/share/nvim/lazy/mason-lspconfig.nvim/lua
[08:43:19.151][info] [#0:script/workspace/loading.lua:100]: Preload file at: file:///home/mikep/.dotfiles/scripts/.local/share/nvim/lazy/mason-lspconfig.nvim/lua/mason-lspconfig/init.lua , size = 5.813 KB
[08:43:19.153][info] [#0:script/workspace/loading.lua:112]: ++++As library of:	file:///home/mikep/.dotfiles/scripts/.local/share/nvim/lazy/mason-lspconfig.nvim/lua
[08:43:19.153][info] [#0:script/workspace/loading.lua:100]: Preload file at: file:///home/mikep/.dotfiles/scripts/.local/share/nvim/lazy/mason-lspconfig.nvim/lua/mason-lspconfig/server_configurations/angularls/init.lua , size = 1.089 KB
[08:43:19.154][info] [#0:script/workspace/loading.lua:112]: ++++As library of:	file:///home/mikep/.dotfiles/scripts/.local/share/nvim/lazy/mason-lspconfig.nvim/lua
[08:43:19.154][info] [#0:script/workspace/loading.lua:100]: Preload file at: file:///home/mikep/.dotfiles/scripts/.local/share/nvim/lazy/mason-lspconfig.nvim/lua/mason-lspconfig/server_configurations/cobol_ls/init.lua , size = 0.493 KB
[08:43:19.154][info] [#0:script/workspace/loading.lua:112]: ++++As library of:	file:///home/mikep/.dotfiles/scripts/.local/share/nvim/lazy/mason-lspconfig.nvim/lua
[08:43:19.154][info] [#0:script/workspace/loading.lua:100]: Preload file at: file:///home/mikep/.dotfiles/scripts/.local/share/nvim/lazy/mason-lspconfig.nvim/lua/mason-lspconfig/server_configurations/visualforce_ls/init.lua , size = 0.099 KB
[08:43:19.154][info] [#0:script/workspace/loading.lua:112]: ++++As library of:	file:///home/mikep/.dotfiles/scripts/.local/share/nvim/lazy/mason-lspconfig.nvim/lua
[08:43:19.154][info] [#0:script/workspace/loading.lua:100]: Preload file at: file:///home/mikep/.dotfiles/scripts/.local/share/nvim/lazy/mason-lspconfig.nvim/lua/mason-lspconfig/server_configurations/perlnavigator/init.lua , size = 0.085 KB
[08:43:19.154][info] [#0:script/workspace/loading.lua:112]: ++++As library of:	file:///home/mikep/.dotfiles/scripts/.local/share/nvim/lazy/mason-lspconfig.nvim/lua
[08:43:19.155][info] [#0:script/workspace/loading.lua:100]: Preload file at: file:///home/mikep/.dotfiles/scripts/.local/share/nvim/lazy/mason-lspconfig.nvim/lua/mason-lspconfig/server_configurations/lexical/init.lua , size = 0.068 KB
[08:43:19.155][info] [#0:script/workspace/loading.lua:112]: ++++As library of:	file:///home/mikep/.dotfiles/scripts/.local/share/nvim/lazy/mason-lspconfig.nvim/lua
[08:43:19.155][info] [#0:script/workspace/loading.lua:100]: Preload file at: file:///home/mikep/.dotfiles/scripts/.local/share/nvim/lazy/mason-lspconfig.nvim/lua/mason-lspconfig/server_configurations/volar/init.lua , size = 0.414 KB
[08:43:19.155][info] [#0:script/workspace/loading.lua:112]: ++++As library of:	file:///home/mikep/.dotfiles/scripts/.local/share/nvim/lazy/mason-lspconfig.nvim/lua
[08:43:19.155][info] [#0:script/workspace/loading.lua:100]: Preload file at: file:///home/mikep/.dotfiles/scripts/.local/share/nvim/lazy/mason-lspconfig.nvim/lua/mason-lspconfig/server_configurations/snakeskin_ls/init.lua , size = 0.092 KB
[08:43:19.155][info] [#0:script/workspace/loading.lua:112]: ++++As library of:	file:///home/mikep/.dotfiles/scripts/.local/share/nvim/lazy/mason-lspconfig.nvim/lua
[08:43:19.155][info] [#0:script/workspace/loading.lua:100]: Preload file at: file:///home/mikep/.dotfiles/scripts/.local/share/nvim/lazy/mason-lspconfig.nvim/lua/mason-lspconfig/server_configurations/java_language_server/init.lua , size = 0.081 KB
[08:43:19.155][info] [#0:script/workspace/loading.lua:112]: ++++As library of:	file:///home/mikep/.dotfiles/scripts/.local/share/nvim/lazy/mason-lspconfig.nvim/lua
[08:43:19.155][info] [#0:script/workspace/loading.lua:100]: Preload file at: file:///home/mikep/.dotfiles/scripts/.local/share/nvim/lazy/mason-lspconfig.nvim/lua/mason-lspconfig/server_configurations/powershell_es/init.lua , size = 0.113 KB
[08:43:19.156][info] [#0:script/workspace/loading.lua:112]: ++++As library of:	file:///home/mikep/.dotfiles/scripts/.local/share/nvim/lazy/mason-lspconfig.nvim/lua
[08:43:19.156][info] [#0:script/workspace/loading.lua:100]: Preload file at: file:///home/mikep/.dotfiles/scripts/.local/share/nvim/lazy/mason-lspconfig.nvim/lua/mason-lspconfig/server_configurations/nextls/init.lua , size = 0.078 KB
[08:43:19.156][info] [#0:script/workspace/loading.lua:112]: ++++As library of:	file:///home/mikep/.dotfiles/scripts/.local/share/nvim/lazy/mason-lspconfig.nvim/lua
[08:43:19.156][info] [#0:script/workspace/loading.lua:100]: Preload file at: file:///home/mikep/.dotfiles/scripts/.local/share/nvim/lazy/mason-lspconfig.nvim/lua/mason-lspconfig/server_configurations/bsl_ls/init.lua , size = 0.080 KB
[08:43:19.156][info] [#0:script/workspace/loading.lua:112]: ++++As library of:	file:///home/mikep/.dotfiles/scripts/.local/share/nvim/lazy/mason-lspconfig.nvim/lua
[08:43:19.156][info] [#0:script/workspace/loading.lua:100]: Preload file at: file:///home/mikep/.dotfiles/scripts/.local/share/nvim/lazy/mason-lspconfig.nvim/lua/mason-lspconfig/server_configurations/esbonio/init.lua , size = 0.068 KB
[08:43:19.157][info] [#0:script/workspace/loading.lua:112]: ++++As library of:	file:///home/mikep/.dotfiles/scripts/.local/share/nvim/lazy/mason-lspconfig.nvim/lua
[08:43:19.157][info] [#0:script/workspace/loading.lua:100]: Preload file at: file:///home/mikep/.dotfiles/scripts/.local/share/nvim/lazy/mason-lspconfig.nvim/lua/mason-lspconfig/server_configurations/bicep/init.lua , size = 0.070 KB
[08:43:19.157][info] [#0:script/workspace/loading.lua:112]: ++++As library of:	file:///home/mikep/.dotfiles/scripts/.local/share/nvim/lazy/mason-lspconfig.nvim/lua
[08:43:19.157][info] [#0:script/workspace/loading.lua:100]: Preload file at: file:///home/mikep/.dotfiles/scripts/.local/share/nvim/lazy/mason-lspconfig.nvim/lua/mason-lspconfig/server_configurations/groovyls/init.lua , size = 0.070 KB
[08:43:19.157][info] [#0:script/workspace/loading.lua:112]: ++++As library of:	file:///home/mikep/.dotfiles/scripts/.local/share/nvim/lazy/mason-lspconfig.nvim/lua
[08:43:19.157][info] [#0:script/workspace/loading.lua:100]: Preload file at: file:///home/mikep/.dotfiles/scripts/.local/share/nvim/lazy/mason-lspconfig.nvim/lua/mason-lspconfig/server_configurations/ltex/init.lua , size = 0.068 KB
[08:43:19.157][info] [#0:script/workspace/loading.lua:112]: ++++As library of:	file:///home/mikep/.dotfiles/scripts/.local/share/nvim/lazy/mason-lspconfig.nvim/lua
[08:43:19.157][info] [#0:script/workspace/loading.lua:100]: Preload file at: file:///home/mikep/.dotfiles/scripts/.local/share/nvim/lazy/mason-lspconfig.nvim/lua/mason-lspconfig/server_configurations/apex_ls/init.lua , size = 0.132 KB
[08:43:19.157][info] [#0:script/workspace/loading.lua:112]: ++++As library of:	file:///home/mikep/.dotfiles/scripts/.local/share/nvim/lazy/mason-lspconfig.nvim/lua
[08:43:19.158][info] [#0:script/workspace/loading.lua:100]: Preload file at: file:///home/mikep/.dotfiles/scripts/.local/share/nvim/lazy/mason-lspconfig.nvim/lua/mason-lspconfig/server_configurations/pylsp/init.lua , size = 1.771 KB
[08:43:19.158][info] [#0:script/workspace/loading.lua:112]: ++++As library of:	file:///home/mikep/.dotfiles/scripts/.local/share/nvim/lazy/mason-lspconfig.nvim/lua
[08:43:19.159][info] [#0:script/workspace/loading.lua:100]: Preload file at: file:///home/mikep/.dotfiles/scripts/.local/share/nvim/lazy/mason-lspconfig.nvim/lua/mason-lspconfig/server_configurations/psalm/init.lua , size = 0.082 KB
[08:43:19.159][info] [#0:script/workspace/loading.lua:112]: ++++As library of:	file:///home/mikep/.dotfiles/scripts/.local/share/nvim/lazy/mason-lspconfig.nvim/lua
[08:43:19.159][info] [#0:script/workspace/loading.lua:100]: Preload file at: file:///home/mikep/.dotfiles/scripts/.local/share/nvim/lazy/mason-lspconfig.nvim/lua/mason-lspconfig/server_configurations/astro/init.lua , size = 0.435 KB
[08:43:19.159][info] [#0:script/workspace/loading.lua:112]: ++++As library of:	file:///home/mikep/.dotfiles/scripts/.local/share/nvim/lazy/mason-lspconfig.nvim/lua
[08:43:19.159][info] [#0:script/workspace/loading.lua:100]: Preload file at: file:///home/mikep/.dotfiles/scripts/.local/share/nvim/lazy/mason-lspconfig.nvim/lua/mason-lspconfig/server_configurations/omnisharp/init.lua , size = 0.070 KB
[08:43:19.159][info] [#0:script/workspace/loading.lua:112]: ++++As library of:	file:///home/mikep/.dotfiles/scripts/.local/share/nvim/lazy/mason-lspconfig.nvim/lua
[08:43:19.159][info] [#0:script/workspace/loading.lua:100]: Preload file at: file:///home/mikep/.dotfiles/scripts/.local/share/nvim/lazy/mason-lspconfig.nvim/lua/mason-lspconfig/server_configurations/r_language_server/init.lua , size = 0.077 KB
[08:43:19.160][info] [#0:script/workspace/loading.lua:112]: ++++As library of:	file:///home/mikep/.dotfiles/scripts/.local/share/nvim/lazy/mason-lspconfig.nvim/lua
[08:43:19.160][info] [#0:script/workspace/loading.lua:100]: Preload file at: file:///home/mikep/.dotfiles/scripts/.local/share/nvim/lazy/mason-lspconfig.nvim/lua/mason-lspconfig/server_configurations/gradle_ls/init.lua , size = 0.083 KB
[08:43:19.160][info] [#0:script/workspace/loading.lua:112]: ++++As library of:	file:///home/mikep/.dotfiles/scripts/.local/share/nvim/lazy/mason-lspconfig.nvim/lua
[08:43:19.160][info] [#0:script/workspace/loading.lua:100]: Preload file at: file:///home/mikep/.dotfiles/scripts/.local/share/nvim/lazy/mason-lspconfig.nvim/lua/mason-lspconfig/server_configurations/julials/init.lua , size = 1.519 KB
[08:43:19.160][info] [#0:script/workspace/loading.lua:112]: ++++As library of:	file:///home/mikep/.dotfiles/scripts/.local/share/nvim/lazy/mason-lspconfig.nvim/lua
[08:43:19.160][info] [#0:script/workspace/loading.lua:100]: Preload file at: file:///home/mikep/.dotfiles/scripts/.local/share/nvim/lazy/mason-lspconfig.nvim/lua/mason-lspconfig/server_configurations/omnisharp_mono/init.lua , size = 0.075 KB
[08:43:19.160][info] [#0:script/workspace/loading.lua:112]: ++++As library of:	file:///home/mikep/.dotfiles/scripts/.local/share/nvim/lazy/mason-lspconfig.nvim/lua
[08:43:19.161][info] [#0:script/workspace/loading.lua:100]: Preload file at: file:///home/mikep/.dotfiles/scripts/.local/share/nvim/lazy/mason-lspconfig.nvim/lua/mason-lspconfig/server_configurations/solang/init.lua , size = 0.451 KB
[08:43:19.161][info] [#0:script/workspace/loading.lua:112]: ++++As library of:	file:///home/mikep/.dotfiles/scripts/.local/share/nvim/lazy/mason-lspconfig.nvim/lua
[08:43:19.161][info] [#0:script/workspace/loading.lua:100]: Preload file at: file:///home/mikep/.dotfiles/scripts/.local/share/nvim/lazy/mason-lspconfig.nvim/lua/mason-lspconfig/server_configurations/kotlin_language_server/init.lua , size = 0.083 KB
[08:43:19.161][info] [#0:script/workspace/loading.lua:112]: ++++As library of:	file:///home/mikep/.dotfiles/scripts/.local/share/nvim/lazy/mason-lspconfig.nvim/lua
[08:43:19.161][info] [#0:script/workspace/loading.lua:100]: Preload file at: file:///home/mikep/.dotfiles/scripts/.local/share/nvim/lazy/mason-lspconfig.nvim/lua/mason-lspconfig/server_configurations/drools_lsp/init.lua , size = 0.239 KB
[08:43:19.162][info] [#0:script/workspace/loading.lua:112]: ++++As library of:	file:///home/mikep/.dotfiles/scripts/.local/share/nvim/lazy/mason-lspconfig.nvim/lua
[08:43:19.162][info] [#0:script/workspace/loading.lua:100]: Preload file at: file:///home/mikep/.dotfiles/scripts/.local/share/nvim/lazy/mason-lspconfig.nvim/lua/mason-lspconfig/server_configurations/raku_navigator/init.lua , size = 0.086 KB
[08:43:19.162][info] [#0:script/workspace/loading.lua:112]: ++++As library of:	file:///home/mikep/.dotfiles/scripts/.local/share/nvim/lazy/mason-lspconfig.nvim/lua
[08:43:19.162][info] [#0:script/workspace/loading.lua:100]: Preload file at: file:///home/mikep/.dotfiles/scripts/.local/share/nvim/lazy/mason-lspconfig.nvim/lua/mason-lspconfig/server_configurations/elixirls/init.lua , size = 0.070 KB
[08:43:19.162][info] [#0:script/workspace/loading.lua:112]: ++++As library of:	file:///home/mikep/.dotfiles/scripts/.local/share/nvim/lazy/mason-lspconfig.nvim/lua
[08:43:19.162][info] [#0:script/workspace/loading.lua:100]: Preload file at: file:///home/mikep/.dotfiles/scripts/.local/share/nvim/lazy/mason-lspconfig.nvim/lua/mason-lspconfig/typescript.lua , size = 1.724 KB
[08:43:19.163][info] [#0:script/workspace/loading.lua:112]: ++++As library of:	file:///home/mikep/.dotfiles/scripts/.local/share/nvim/lazy/mason-lspconfig.nvim/lua
[08:43:19.163][info] [#0:script/workspace/loading.lua:100]: Preload file at: file:///home/mikep/.dotfiles/scripts/.local/share/nvim/lazy/mason-lspconfig.nvim/lua/mason-lspconfig/api/command.lua , size = 6.195 KB
[08:43:19.165][info] [#0:script/workspace/loading.lua:112]: ++++As library of:	file:///home/mikep/.dotfiles/scripts/.local/share/nvim/lazy/mason-lspconfig.nvim/lua
[08:43:19.165][info] [#0:script/workspace/loading.lua:100]: Preload file at: file:///home/mikep/.dotfiles/scripts/.local/share/nvim/lazy/mason-lspconfig.nvim/lua/mason-lspconfig/mappings/server.lua , size = 8.310 KB
[08:43:19.166][info] [#0:script/workspace/loading.lua:112]: ++++As library of:	file:///home/mikep/.dotfiles/scripts/.local/share/nvim/lazy/mason-lspconfig.nvim/lua
[08:43:19.166][info] [#0:script/workspace/loading.lua:100]: Preload file at: file:///home/mikep/.dotfiles/scripts/.local/share/nvim/lazy/mason-lspconfig.nvim/lua/mason-lspconfig/mappings/filetype.lua , size = 10.466 KB
[08:43:19.168][info] [#0:script/workspace/loading.lua:112]: ++++As library of:	file:///home/mikep/.dotfiles/scripts/.local/share/nvim/lazy/mason-lspconfig.nvim/lua
[08:43:19.169][info] [#0:script/workspace/loading.lua:100]: Preload file at: file:///home/mikep/.dotfiles/scripts/.local/share/nvim/lazy/mason-lspconfig.nvim/lua/mason-lspconfig/mappings/language.lua , size = 0.754 KB
[08:43:19.169][info] [#0:script/workspace/loading.lua:112]: ++++As library of:	file:///home/mikep/.dotfiles/scripts/.local/share/nvim/lazy/mason-lspconfig.nvim/lua
[08:43:19.169][info] [#0:script/workspace/loading.lua:100]: Preload file at: file:///home/mikep/.dotfiles/scripts/.local/share/nvim/lazy/mason-lspconfig.nvim/lua/mason-lspconfig/lspconfig_hook.lua , size = 3.458 KB
[08:43:19.170][info] [#0:script/workspace/loading.lua:112]: ++++As library of:	file:///home/mikep/.dotfiles/scripts/.local/share/nvim/lazy/mason-lspconfig.nvim/lua
[08:43:19.170][info] [#0:script/workspace/loading.lua:100]: Preload file at: file:///home/mikep/.dotfiles/scripts/.local/share/nvim/lazy/mason-lspconfig.nvim/lua/mason-lspconfig/ensure_installed.lua , size = 1.646 KB
[08:43:19.171][info] [#0:script/workspace/loading.lua:112]: ++++As library of:	file:///home/mikep/.dotfiles/scripts/.local/share/nvim/lazy/mason-lspconfig.nvim/lua
[08:43:19.171][info] [#0:script/workspace/loading.lua:100]: Preload file at: file:///home/mikep/.dotfiles/scripts/.local/share/nvim/lazy/mason-lspconfig.nvim/lua/mason-lspconfig/server_config_extensions.lua , size = 0.148 KB
[08:43:19.171][info] [#0:script/workspace/loading.lua:112]: ++++As library of:	file:///home/mikep/.dotfiles/scripts/.local/share/nvim/lazy/mason-lspconfig.nvim/lua
[08:43:19.171][info] [#0:script/workspace/loading.lua:100]: Preload file at: file:///home/mikep/.dotfiles/scripts/.local/share/nvim/lazy/plenary.nvim/lua/luassert/mock.lua , size = 1.573 KB
[08:43:19.172][info] [#0:script/workspace/loading.lua:112]: ++++As library of:	file:///home/mikep/.dotfiles/scripts/.local/share/nvim/lazy/plenary.nvim/lua
[08:43:19.172][info] [#0:script/workspace/loading.lua:100]: Preload file at: file:///home/mikep/.dotfiles/scripts/.local/share/nvim/lazy/plenary.nvim/lua/luassert/util.lua , size = 11.194 KB
[08:43:19.175][info] [#0:script/workspace/loading.lua:112]: ++++As library of:	file:///home/mikep/.dotfiles/scripts/.local/share/nvim/lazy/plenary.nvim/lua
[08:43:19.176][info] [#0:script/workspace/loading.lua:100]: Preload file at: file:///home/mikep/.dotfiles/scripts/.local/share/nvim/lazy/plenary.nvim/lua/luassert/namespaces.lua , size = 0.042 KB
[08:43:19.176][info] [#0:script/workspace/loading.lua:112]: ++++As library of:	file:///home/mikep/.dotfiles/scripts/.local/share/nvim/lazy/plenary.nvim/lua
[08:43:19.176][info] [#0:script/workspace/loading.lua:100]: Preload file at: file:///home/mikep/.dotfiles/scripts/.local/share/nvim/lazy/plenary.nvim/lua/luassert/init.lua , size = 0.498 KB
[08:43:19.176][info] [#0:script/workspace/loading.lua:112]: ++++As library of:	file:///home/mikep/.dotfiles/scripts/.local/share/nvim/lazy/plenary.nvim/lua
[08:43:19.176][info] [#0:script/workspace/loading.lua:100]: Preload file at: file:///home/mikep/.dotfiles/scripts/.local/share/nvim/lazy/plenary.nvim/lua/luassert/match.lua , size = 1.870 KB
[08:43:19.177][info] [#0:script/workspace/loading.lua:112]: ++++As library of:	file:///home/mikep/.dotfiles/scripts/.local/share/nvim/lazy/plenary.nvim/lua
[08:43:19.177][info] [#0:script/workspace/loading.lua:100]: Preload file at: file:///home/mikep/.dotfiles/scripts/.local/share/nvim/lazy/plenary.nvim/lua/luassert/modifiers.lua , size = 0.531 KB
[08:43:19.177][info] [#0:script/workspace/loading.lua:112]: ++++As library of:	file:///home/mikep/.dotfiles/scripts/.local/share/nvim/lazy/plenary.nvim/lua
[08:43:19.177][info] [#0:script/workspace/loading.lua:100]: Preload file at: file:///home/mikep/.dotfiles/scripts/.local/share/nvim/lazy/plenary.nvim/lua/luassert/formatters/binarystring.lua , size = 0.760 KB
[08:43:19.178][info] [#0:script/workspace/loading.lua:112]: ++++As library of:	file:///home/mikep/.dotfiles/scripts/.local/share/nvim/lazy/plenary.nvim/lua
[08:43:19.178][info] [#0:script/workspace/loading.lua:100]: Preload file at: file:///home/mikep/.dotfiles/scripts/.local/share/nvim/lazy/plenary.nvim/lua/luassert/formatters/init.lua , size = 6.502 KB
[08:43:19.180][info] [#0:script/workspace/loading.lua:112]: ++++As library of:	file:///home/mikep/.dotfiles/scripts/.local/share/nvim/lazy/plenary.nvim/lua
[08:43:19.181][info] [#0:script/workspace/loading.lua:100]: Preload file at: file:///home/mikep/.dotfiles/scripts/.local/share/nvim/lazy/plenary.nvim/lua/luassert/assert.lua , size = 4.762 KB
[08:43:19.182][info] [#0:script/workspace/loading.lua:112]: ++++As library of:	file:///home/mikep/.dotfiles/scripts/.local/share/nvim/lazy/plenary.nvim/lua
[08:43:19.182][info] [#0:script/workspace/loading.lua:100]: Preload file at: file:///home/mikep/.dotfiles/scripts/.local/share/nvim/lazy/plenary.nvim/lua/luassert/compatibility.lua , size = 0.291 KB
[08:43:19.182][info] [#0:script/workspace/loading.lua:112]: ++++As library of:	file:///home/mikep/.dotfiles/scripts/.local/share/nvim/lazy/plenary.nvim/lua
[08:43:19.182][info] [#0:script/workspace/loading.lua:100]: Preload file at: file:///home/mikep/.dotfiles/scripts/.local/share/nvim/lazy/plenary.nvim/lua/luassert/array.lua , size = 2.443 KB
[08:43:19.183][info] [#0:script/workspace/loading.lua:112]: ++++As library of:	file:///home/mikep/.dotfiles/scripts/.local/share/nvim/lazy/plenary.nvim/lua
[08:43:19.184][info] [#0:script/workspace/loading.lua:100]: Preload file at: file:///home/mikep/.dotfiles/scripts/.local/share/nvim/lazy/plenary.nvim/lua/luassert/state.lua , size = 2.978 KB
[08:43:19.185][info] [#0:script/workspace/loading.lua:112]: ++++As library of:	file:///home/mikep/.dotfiles/scripts/.local/share/nvim/lazy/plenary.nvim/lua
[08:43:19.185][info] [#0:script/workspace/loading.lua:100]: Preload file at: file:///home/mikep/.dotfiles/scripts/.local/share/nvim/lazy/plenary.nvim/lua/luassert/spy.lua , size = 6.927 KB
[08:43:19.187][info] [#0:script/workspace/loading.lua:112]: ++++As library of:	file:///home/mikep/.dotfiles/scripts/.local/share/nvim/lazy/plenary.nvim/lua
[08:43:19.187][info] [#0:script/workspace/loading.lua:100]: Preload file at: file:///home/mikep/.dotfiles/scripts/.local/share/nvim/lazy/plenary.nvim/lua/luassert/assertions.lua , size = 14.024 KB
[08:43:19.191][info] [#0:script/workspace/loading.lua:112]: ++++As library of:	file:///home/mikep/.dotfiles/scripts/.local/share/nvim/lazy/plenary.nvim/lua
[08:43:19.191][info] [#0:script/workspace/loading.lua:100]: Preload file at: file:///home/mikep/.dotfiles/scripts/.local/share/nvim/lazy/plenary.nvim/lua/luassert/languages/en.lua , size = 3.159 KB
[08:43:19.192][info] [#0:script/workspace/loading.lua:112]: ++++As library of:	file:///home/mikep/.dotfiles/scripts/.local/share/nvim/lazy/plenary.nvim/lua
[08:43:19.192][info] [#0:script/workspace/loading.lua:100]: Preload file at: file:///home/mikep/.dotfiles/scripts/.local/share/nvim/lazy/plenary.nvim/lua/luassert/matchers/composite.lua , size = 1.782 KB
[08:43:19.192][info] [#0:script/workspace/loading.lua:112]: ++++As library of:	file:///home/mikep/.dotfiles/scripts/.local/share/nvim/lazy/plenary.nvim/lua
[08:43:19.193][info] [#0:script/workspace/loading.lua:100]: Preload file at: file:///home/mikep/.dotfiles/scripts/.local/share/nvim/lazy/plenary.nvim/lua/luassert/matchers/init.lua , size = 0.093 KB
[08:43:19.193][info] [#0:script/workspace/loading.lua:112]: ++++As library of:	file:///home/mikep/.dotfiles/scripts/.local/share/nvim/lazy/plenary.nvim/lua
[08:43:19.193][info] [#0:script/workspace/loading.lua:100]: Preload file at: file:///home/mikep/.dotfiles/scripts/.local/share/nvim/lazy/plenary.nvim/lua/luassert/stub.lua , size = 2.926 KB
[08:43:19.194][info] [#0:script/workspace/loading.lua:112]: ++++As library of:	file:///home/mikep/.dotfiles/scripts/.local/share/nvim/lazy/plenary.nvim/lua
[08:43:19.194][info] [#0:script/workspace/loading.lua:100]: Preload file at: file:///home/mikep/.dotfiles/scripts/.local/share/nvim/lazy/plenary.nvim/lua/luassert/matchers/core.lua , size = 6.277 KB
[08:43:19.196][info] [#0:script/workspace/loading.lua:112]: ++++As library of:	file:///home/mikep/.dotfiles/scripts/.local/share/nvim/lazy/plenary.nvim/lua
[08:43:19.196][info] [#0:script/workspace/loading.lua:100]: Preload file at: file:///home/mikep/.dotfiles/scripts/.local/share/nvim/lazy/plenary.nvim/lua/plenary/test_harness.lua , size = 6.257 KB
[08:43:19.199][info] [#0:script/workspace/loading.lua:112]: ++++As library of:	file:///home/mikep/.dotfiles/scripts/.local/share/nvim/lazy/plenary.nvim/lua
[08:43:19.199][info] [#0:script/workspace/loading.lua:100]: Preload file at: file:///home/mikep/.dotfiles/scripts/.local/share/nvim/lazy/plenary.nvim/lua/say.lua , size = 1.314 KB
[08:43:19.199][info] [#0:script/workspace/loading.lua:112]: ++++As library of:	file:///home/mikep/.dotfiles/scripts/.local/share/nvim/lazy/plenary.nvim/lua
[08:43:19.199][info] [#0:script/workspace/loading.lua:100]: Preload file at: file:///home/mikep/.dotfiles/scripts/.local/share/nvim/lazy/plenary.nvim/lua/plenary/neorocks/init.lua , size = 0.099 KB
[08:43:19.199][info] [#0:script/workspace/loading.lua:112]: ++++As library of:	file:///home/mikep/.dotfiles/scripts/.local/share/nvim/lazy/plenary.nvim/lua
[08:43:19.199][info] [#0:script/workspace/loading.lua:100]: Preload file at: file:///home/mikep/.dotfiles/scripts/.local/share/nvim/lazy/plenary.nvim/lua/plenary/operators.lua , size = 2.154 KB
[08:43:19.200][info] [#0:script/workspace/loading.lua:112]: ++++As library of:	file:///home/mikep/.dotfiles/scripts/.local/share/nvim/lazy/plenary.nvim/lua
[08:43:19.201][info] [#0:script/workspace/loading.lua:100]: Preload file at: file:///home/mikep/.dotfiles/scripts/.local/share/nvim/lazy/plenary.nvim/lua/plenary/nvim_meta.lua , size = 0.412 KB
[08:43:19.201][info] [#0:script/workspace/loading.lua:112]: ++++As library of:	file:///home/mikep/.dotfiles/scripts/.local/share/nvim/lazy/plenary.nvim/lua
[08:43:19.201][info] [#0:script/workspace/loading.lua:100]: Preload file at: file:///home/mikep/.dotfiles/scripts/.local/share/nvim/lazy/plenary.nvim/lua/plenary/reload.lua , size = 0.825 KB
[08:43:19.201][info] [#0:script/workspace/loading.lua:112]: ++++As library of:	file:///home/mikep/.dotfiles/scripts/.local/share/nvim/lazy/plenary.nvim/lua
[08:43:19.201][info] [#0:script/workspace/loading.lua:100]: Preload file at: file:///home/mikep/.dotfiles/scripts/.local/share/nvim/lazy/plenary.nvim/lua/plenary/bit.lua , size = 8.881 KB
[08:43:19.204][info] [#0:script/workspace/loading.lua:112]: ++++As library of:	file:///home/mikep/.dotfiles/scripts/.local/share/nvim/lazy/plenary.nvim/lua
[08:43:19.204][info] [#0:script/workspace/loading.lua:100]: Preload file at: file:///home/mikep/.dotfiles/scripts/.local/share/nvim/lazy/plenary.nvim/lua/plenary/curl.lua , size = 8.446 KB
[08:43:19.207][info] [#0:script/workspace/loading.lua:112]: ++++As library of:	file:///home/mikep/.dotfiles/scripts/.local/share/nvim/lazy/plenary.nvim/lua
[08:43:19.208][info] [#0:script/workspace/loading.lua:100]: Preload file at: file:///home/mikep/.dotfiles/scripts/.local/share/nvim/lazy/plenary.nvim/lua/plenary/strings.lua , size = 4.998 KB
[08:43:19.210][info] [#0:script/workspace/loading.lua:112]: ++++As library of:	file:///home/mikep/.dotfiles/scripts/.local/share/nvim/lazy/plenary.nvim/lua
[08:43:19.210][info] [#0:script/workspace/loading.lua:100]: Preload file at: file:///home/mikep/.dotfiles/scripts/.local/share/nvim/lazy/plenary.nvim/lua/plenary/lsp/override.lua , size = 0.692 KB
[08:43:19.211][info] [#0:script/workspace/loading.lua:112]: ++++As library of:	file:///home/mikep/.dotfiles/scripts/.local/share/nvim/lazy/plenary.nvim/lua
[08:43:19.211][info] [#0:script/workspace/loading.lua:100]: Preload file at: file:///home/mikep/.dotfiles/scripts/.local/share/nvim/lazy/plenary.nvim/lua/plenary/context_manager.lua , size = 1.446 KB
[08:43:19.211][info] [#0:script/workspace/loading.lua:112]: ++++As library of:	file:///home/mikep/.dotfiles/scripts/.local/share/nvim/lazy/plenary.nvim/lua
[08:43:19.211][info] [#0:script/workspace/loading.lua:100]: Preload file at: file:///home/mikep/.dotfiles/scripts/.local/share/nvim/lazy/plenary.nvim/lua/plenary/profile/p.lua , size = 9.007 KB
[08:43:19.214][info] [#0:script/workspace/loading.lua:112]: ++++As library of:	file:///home/mikep/.dotfiles/scripts/.local/share/nvim/lazy/plenary.nvim/lua
[08:43:19.214][info] [#0:script/workspace/loading.lua:100]: Preload file at: file:///home/mikep/.dotfiles/scripts/.local/share/nvim/lazy/plenary.nvim/lua/plenary/profile/memory_profiler.lua , size = 37.303 KB
[08:43:19.222][info] [#0:script/workspace/loading.lua:112]: ++++As library of:	file:///home/mikep/.dotfiles/scripts/.local/share/nvim/lazy/plenary.nvim/lua
[08:43:19.224][info] [#0:script/workspace/loading.lua:100]: Preload file at: file:///home/mikep/.dotfiles/scripts/.local/share/nvim/lazy/plenary.nvim/lua/plenary/profile/lua_profiler.lua , size = 6.548 KB
[08:43:19.226][info] [#0:script/workspace/loading.lua:112]: ++++As library of:	file:///home/mikep/.dotfiles/scripts/.local/share/nvim/lazy/plenary.nvim/lua
[08:43:19.226][info] [#0:script/workspace/loading.lua:100]: Preload file at: file:///home/mikep/.dotfiles/scripts/.local/share/nvim/lazy/plenary.nvim/lua/plenary/json.lua , size = 3.680 KB
[08:43:19.227][info] [#0:script/workspace/loading.lua:112]: ++++As library of:	file:///home/mikep/.dotfiles/scripts/.local/share/nvim/lazy/plenary.nvim/lua
[08:43:19.227][info] [#0:script/workspace/loading.lua:100]: Preload file at: file:///home/mikep/.dotfiles/scripts/.local/share/nvim/lazy/plenary.nvim/lua/plenary/enum.lua , size = 4.297 KB
[08:43:19.228][info] [#0:script/workspace/loading.lua:112]: ++++As library of:	file:///home/mikep/.dotfiles/scripts/.local/share/nvim/lazy/plenary.nvim/lua
[08:43:19.228][info] [#0:script/workspace/loading.lua:100]: Preload file at: file:///home/mikep/.dotfiles/scripts/.local/share/nvim/lazy/plenary.nvim/lua/plenary/job.lua , size = 16.107 KB
[08:43:19.234][info] [#0:script/workspace/loading.lua:112]: ++++As library of:	file:///home/mikep/.dotfiles/scripts/.local/share/nvim/lazy/plenary.nvim/lua
[08:43:19.234][info] [#0:script/workspace/loading.lua:100]: Preload file at: file:///home/mikep/.dotfiles/scripts/.local/share/nvim/lazy/plenary.nvim/lua/plenary/vararg/init.lua , size = 0.054 KB
[08:43:19.234][info] [#0:script/workspace/loading.lua:112]: ++++As library of:	file:///home/mikep/.dotfiles/scripts/.local/share/nvim/lazy/plenary.nvim/lua
[08:43:19.234][info] [#0:script/workspace/loading.lua:100]: Preload file at: file:///home/mikep/.dotfiles/scripts/.local/share/nvim/lazy/plenary.nvim/lua/plenary/class.lua , size = 1.709 KB
[08:43:19.235][info] [#0:script/workspace/loading.lua:112]: ++++As library of:	file:///home/mikep/.dotfiles/scripts/.local/share/nvim/lazy/plenary.nvim/lua
[08:43:19.235][info] [#0:script/workspace/loading.lua:100]: Preload file at: file:///home/mikep/.dotfiles/scripts/.local/share/nvim/lazy/plenary.nvim/lua/plenary/fun.lua , size = 0.376 KB
[08:43:19.236][info] [#0:script/workspace/loading.lua:112]: ++++As library of:	file:///home/mikep/.dotfiles/scripts/.local/share/nvim/lazy/plenary.nvim/lua
[08:43:19.236][info] [#0:script/workspace/loading.lua:100]: Preload file at: file:///home/mikep/.dotfiles/scripts/.local/share/nvim/lazy/plenary.nvim/lua/plenary/vararg/rotate.lua , size = 2.047 KB
[08:43:19.237][info] [#0:script/workspace/loading.lua:112]: ++++As library of:	file:///home/mikep/.dotfiles/scripts/.local/share/nvim/lazy/plenary.nvim/lua
[08:43:19.237][info] [#0:script/workspace/loading.lua:100]: Preload file at: file:///home/mikep/.dotfiles/scripts/.local/share/nvim/lazy/plenary.nvim/lua/plenary/collections/py_list.lua , size = 9.732 KB
[08:43:19.241][info] [#0:script/workspace/loading.lua:112]: ++++As library of:	file:///home/mikep/.dotfiles/scripts/.local/share/nvim/lazy/plenary.nvim/lua
[08:43:19.241][info] [#0:script/workspace/loading.lua:100]: Preload file at: file:///home/mikep/.dotfiles/scripts/.local/share/nvim/lazy/plenary.nvim/lua/plenary/init.lua , size = 0.251 KB
[08:43:19.241][info] [#0:script/workspace/loading.lua:112]: ++++As library of:	file:///home/mikep/.dotfiles/scripts/.local/share/nvim/lazy/plenary.nvim/lua
[08:43:19.241][info] [#0:script/workspace/loading.lua:100]: Preload file at: file:///home/mikep/.dotfiles/scripts/.local/share/nvim/lazy/plenary.nvim/lua/plenary/async/uv_async.lua , size = 1.500 KB
[08:43:19.242][info] [#0:script/workspace/loading.lua:112]: ++++As library of:	file:///home/mikep/.dotfiles/scripts/.local/share/nvim/lazy/plenary.nvim/lua
[08:43:19.242][info] [#0:script/workspace/loading.lua:100]: Preload file at: file:///home/mikep/.dotfiles/scripts/.local/share/nvim/lazy/plenary.nvim/lua/plenary/async/api.lua , size = 0.286 KB
[08:43:19.242][info] [#0:script/workspace/loading.lua:112]: ++++As library of:	file:///home/mikep/.dotfiles/scripts/.local/share/nvim/lazy/plenary.nvim/lua
[08:43:19.242][info] [#0:script/workspace/loading.lua:100]: Preload file at: file:///home/mikep/.dotfiles/scripts/.local/share/nvim/lazy/plenary.nvim/lua/plenary/async/structs.lua , size = 2.243 KB
[08:43:19.243][info] [#0:script/workspace/loading.lua:112]: ++++As library of:	file:///home/mikep/.dotfiles/scripts/.local/share/nvim/lazy/plenary.nvim/lua
[08:43:19.243][info] [#0:script/workspace/loading.lua:100]: Preload file at: file:///home/mikep/.dotfiles/scripts/.local/share/nvim/lazy/plenary.nvim/lua/plenary/async/util.lua , size = 3.267 KB
[08:43:19.244][info] [#0:script/workspace/loading.lua:112]: ++++As library of:	file:///home/mikep/.dotfiles/scripts/.local/share/nvim/lazy/plenary.nvim/lua
[08:43:19.244][info] [#0:script/workspace/loading.lua:100]: Preload file at: file:///home/mikep/.dotfiles/scripts/.local/share/nvim/lazy/plenary.nvim/lua/plenary/async/init.lua , size = 1.373 KB
[08:43:19.245][info] [#0:script/workspace/loading.lua:112]: ++++As library of:	file:///home/mikep/.dotfiles/scripts/.local/share/nvim/lazy/plenary.nvim/lua
[08:43:19.245][info] [#0:script/workspace/loading.lua:100]: Preload file at: file:///home/mikep/.dotfiles/scripts/.local/share/nvim/lazy/plenary.nvim/lua/plenary/async/control.lua , size = 4.937 KB
[08:43:19.246][info] [#0:script/workspace/loading.lua:112]: ++++As library of:	file:///home/mikep/.dotfiles/scripts/.local/share/nvim/lazy/plenary.nvim/lua
[08:43:19.248][info] [#0:script/workspace/loading.lua:100]: Preload file at: file:///home/mikep/.dotfiles/scripts/.local/share/nvim/lazy/plenary.nvim/lua/plenary/async/tests.lua , size = 0.464 KB
[08:43:19.248][info] [#0:script/workspace/loading.lua:112]: ++++As library of:	file:///home/mikep/.dotfiles/scripts/.local/share/nvim/lazy/plenary.nvim/lua
[08:43:19.248][info] [#0:script/workspace/loading.lua:100]: Preload file at: file:///home/mikep/.dotfiles/scripts/.local/share/nvim/lazy/plenary.nvim/lua/plenary/async/lsp.lua , size = 0.366 KB
[08:43:19.249][info] [#0:script/workspace/loading.lua:112]: ++++As library of:	file:///home/mikep/.dotfiles/scripts/.local/share/nvim/lazy/plenary.nvim/lua
[08:43:19.249][info] [#0:script/workspace/loading.lua:100]: Preload file at: file:///home/mikep/.dotfiles/scripts/.local/share/nvim/lazy/plenary.nvim/lua/plenary/async/async.lua , size = 3.297 KB
[08:43:19.250][info] [#0:script/workspace/loading.lua:112]: ++++As library of:	file:///home/mikep/.dotfiles/scripts/.local/share/nvim/lazy/plenary.nvim/lua
[08:43:19.250][info] [#0:script/workspace/loading.lua:100]: Preload file at: file:///home/mikep/.dotfiles/scripts/.local/share/nvim/lazy/plenary.nvim/lua/plenary/window/init.lua , size = 0.316 KB
[08:43:19.250][info] [#0:script/workspace/loading.lua:112]: ++++As library of:	file:///home/mikep/.dotfiles/scripts/.local/share/nvim/lazy/plenary.nvim/lua
[08:43:19.250][info] [#0:script/workspace/loading.lua:100]: Preload file at: file:///home/mikep/.dotfiles/scripts/.local/share/nvim/lazy/plenary.nvim/lua/plenary/window/border.lua , size = 9.414 KB
[08:43:19.253][info] [#0:script/workspace/loading.lua:112]: ++++As library of:	file:///home/mikep/.dotfiles/scripts/.local/share/nvim/lazy/plenary.nvim/lua
[08:43:19.253][info] [#0:script/workspace/loading.lua:100]: Preload file at: file:///home/mikep/.dotfiles/scripts/.local/share/nvim/lazy/plenary.nvim/lua/plenary/window/float.lua , size = 6.232 KB
[08:43:19.255][info] [#0:script/workspace/loading.lua:112]: ++++As library of:	file:///home/mikep/.dotfiles/scripts/.local/share/nvim/lazy/plenary.nvim/lua
[08:43:19.255][info] [#0:script/workspace/loading.lua:100]: Preload file at: file:///home/mikep/.dotfiles/scripts/.local/share/nvim/lazy/plenary.nvim/lua/plenary/filetype.lua , size = 4.739 KB
[08:43:19.257][info] [#0:script/workspace/loading.lua:112]: ++++As library of:	file:///home/mikep/.dotfiles/scripts/.local/share/nvim/lazy/plenary.nvim/lua
[08:43:19.257][info] [#0:script/workspace/loading.lua:100]: Preload file at: file:///home/mikep/.dotfiles/scripts/.local/share/nvim/lazy/plenary.nvim/lua/plenary/errors.lua , size = 0.320 KB
[08:43:19.257][info] [#0:script/workspace/loading.lua:112]: ++++As library of:	file:///home/mikep/.dotfiles/scripts/.local/share/nvim/lazy/plenary.nvim/lua
[08:43:19.257][info] [#0:script/workspace/loading.lua:100]: Preload file at: file:///home/mikep/.dotfiles/scripts/.local/share/nvim/lazy/plenary.nvim/lua/plenary/iterators.lua , size = 18.141 KB
[08:43:19.263][info] [#0:script/workspace/loading.lua:112]: ++++As library of:	file:///home/mikep/.dotfiles/scripts/.local/share/nvim/lazy/plenary.nvim/lua
[08:43:19.263][info] [#0:script/workspace/loading.lua:100]: Preload file at: file:///home/mikep/.dotfiles/scripts/.local/share/nvim/lazy/plenary.nvim/lua/plenary/popup/utils.lua , size = 0.495 KB
[08:43:19.264][info] [#0:script/workspace/loading.lua:112]: ++++As library of:	file:///home/mikep/.dotfiles/scripts/.local/share/nvim/lazy/plenary.nvim/lua
[08:43:19.264][info] [#0:script/workspace/loading.lua:100]: Preload file at: file:///home/mikep/.dotfiles/scripts/.local/share/nvim/lazy/plenary.nvim/lua/plenary/popup/init.lua , size = 16.139 KB
[08:43:19.268][info] [#0:script/workspace/loading.lua:112]: ++++As library of:	file:///home/mikep/.dotfiles/scripts/.local/share/nvim/lazy/plenary.nvim/lua
[08:43:19.268][info] [#0:script/workspace/loading.lua:100]: Preload file at: file:///home/mikep/.dotfiles/scripts/.local/share/nvim/lazy/plenary.nvim/lua/plenary/log.lua , size = 6.782 KB
[08:43:19.270][info] [#0:script/workspace/loading.lua:112]: ++++As library of:	file:///home/mikep/.dotfiles/scripts/.local/share/nvim/lazy/plenary.nvim/lua
[08:43:19.270][info] [#0:script/workspace/loading.lua:100]: Preload file at: file:///home/mikep/.dotfiles/scripts/.local/share/nvim/lazy/plenary.nvim/lua/plenary/functional.lua , size = 1.212 KB
[08:43:19.271][info] [#0:script/workspace/loading.lua:112]: ++++As library of:	file:///home/mikep/.dotfiles/scripts/.local/share/nvim/lazy/plenary.nvim/lua
[08:43:19.272][info] [#0:script/workspace/loading.lua:100]: Preload file at: file:///home/mikep/.dotfiles/scripts/.local/share/nvim/lazy/plenary.nvim/lua/plenary/busted.lua , size = 6.011 KB
[08:43:19.275][info] [#0:script/workspace/loading.lua:112]: ++++As library of:	file:///home/mikep/.dotfiles/scripts/.local/share/nvim/lazy/plenary.nvim/lua
[08:43:19.275][info] [#0:script/workspace/loading.lua:100]: Preload file at: file:///home/mikep/.dotfiles/scripts/.local/share/nvim/lazy/plenary.nvim/lua/plenary/_meta/_luassert.lua , size = 11.515 KB
[08:43:19.278][info] [#0:script/workspace/loading.lua:112]: ++++As library of:	file:///home/mikep/.dotfiles/scripts/.local/share/nvim/lazy/plenary.nvim/lua
[08:43:19.278][info] [#0:script/workspace/loading.lua:100]: Preload file at: file:///home/mikep/.dotfiles/scripts/.local/share/nvim/lazy/plenary.nvim/lua/plenary/compat.lua , size = 0.279 KB
[08:43:19.278][info] [#0:script/workspace/loading.lua:112]: ++++As library of:	file:///home/mikep/.dotfiles/scripts/.local/share/nvim/lazy/plenary.nvim/lua
[08:43:19.278][info] [#0:script/workspace/loading.lua:100]: Preload file at: file:///home/mikep/.dotfiles/scripts/.local/share/nvim/lazy/plenary.nvim/lua/plenary/benchmark/init.lua , size = 3.443 KB
[08:43:19.280][info] [#0:script/workspace/loading.lua:112]: ++++As library of:	file:///home/mikep/.dotfiles/scripts/.local/share/nvim/lazy/plenary.nvim/lua
[08:43:19.280][info] [#0:script/workspace/loading.lua:100]: Preload file at: file:///home/mikep/.dotfiles/scripts/.local/share/nvim/lazy/plenary.nvim/lua/plenary/benchmark/stat.lua , size = 1.585 KB
[08:43:19.281][info] [#0:script/workspace/loading.lua:112]: ++++As library of:	file:///home/mikep/.dotfiles/scripts/.local/share/nvim/lazy/plenary.nvim/lua
[08:43:19.281][info] [#0:script/workspace/loading.lua:100]: Preload file at: file:///home/mikep/.dotfiles/scripts/.local/share/nvim/lazy/plenary.nvim/lua/plenary/async_lib/api.lua , size = 0.329 KB
[08:43:19.281][info] [#0:script/workspace/loading.lua:112]: ++++As library of:	file:///home/mikep/.dotfiles/scripts/.local/share/nvim/lazy/plenary.nvim/lua
[08:43:19.281][info] [#0:script/workspace/loading.lua:100]: Preload file at: file:///home/mikep/.dotfiles/scripts/.local/share/nvim/lazy/plenary.nvim/lua/plenary/async_lib/uv_async.lua , size = 1.504 KB
[08:43:19.282][info] [#0:script/workspace/loading.lua:112]: ++++As library of:	file:///home/mikep/.dotfiles/scripts/.local/share/nvim/lazy/plenary.nvim/lua
[08:43:19.282][info] [#0:script/workspace/loading.lua:100]: Preload file at: file:///home/mikep/.dotfiles/scripts/.local/share/nvim/lazy/plenary.nvim/lua/plenary/async_lib/structs.lua , size = 2.237 KB
[08:43:19.283][info] [#0:script/workspace/loading.lua:112]: ++++As library of:	file:///home/mikep/.dotfiles/scripts/.local/share/nvim/lazy/plenary.nvim/lua
[08:43:19.283][info] [#0:script/workspace/loading.lua:100]: Preload file at: file:///home/mikep/.dotfiles/scripts/.local/share/nvim/lazy/plenary.nvim/lua/plenary/async_lib/util.lua , size = 7.329 KB
[08:43:19.285][info] [#0:script/workspace/loading.lua:112]: ++++As library of:	file:///home/mikep/.dotfiles/scripts/.local/share/nvim/lazy/plenary.nvim/lua
[08:43:19.286][info] [#0:script/workspace/loading.lua:100]: Preload file at: file:///home/mikep/.dotfiles/scripts/.local/share/nvim/lazy/plenary.nvim/lua/plenary/async_lib/init.lua , size = 1.117 KB
[08:43:19.286][info] [#0:script/workspace/loading.lua:112]: ++++As library of:	file:///home/mikep/.dotfiles/scripts/.local/share/nvim/lazy/plenary.nvim/lua
[08:43:19.286][info] [#0:script/workspace/loading.lua:100]: Preload file at: file:///home/mikep/.dotfiles/scripts/.local/share/nvim/lazy/plenary.nvim/lua/plenary/async_lib/tests.lua , size = 0.262 KB
[08:43:19.286][info] [#0:script/workspace/loading.lua:112]: ++++As library of:	file:///home/mikep/.dotfiles/scripts/.local/share/nvim/lazy/plenary.nvim/lua
[08:43:19.286][info] [#0:script/workspace/loading.lua:100]: Preload file at: file:///home/mikep/.dotfiles/scripts/.local/share/nvim/lazy/plenary.nvim/lua/plenary/async_lib/lsp.lua , size = 0.483 KB
[08:43:19.287][info] [#0:script/workspace/loading.lua:112]: ++++As library of:	file:///home/mikep/.dotfiles/scripts/.local/share/nvim/lazy/plenary.nvim/lua
[08:43:19.287][info] [#0:script/workspace/loading.lua:100]: Preload file at: file:///home/mikep/.dotfiles/scripts/.local/share/nvim/lazy/plenary.nvim/lua/plenary/async_lib/async.lua , size = 5.573 KB
[08:43:19.289][info] [#0:script/workspace/loading.lua:112]: ++++As library of:	file:///home/mikep/.dotfiles/scripts/.local/share/nvim/lazy/plenary.nvim/lua
[08:43:19.289][info] [#0:script/workspace/loading.lua:100]: Preload file at: file:///home/mikep/.dotfiles/scripts/.local/share/nvim/lazy/plenary.nvim/lua/plenary/tbl.lua , size = 0.715 KB
[08:43:19.289][info] [#0:script/workspace/loading.lua:112]: ++++As library of:	file:///home/mikep/.dotfiles/scripts/.local/share/nvim/lazy/plenary.nvim/lua
[08:43:19.289][info] [#0:script/workspace/loading.lua:100]: Preload file at: file:///home/mikep/.dotfiles/scripts/.local/share/nvim/lazy/plenary.nvim/lua/plenary/scandir.lua , size = 17.658 KB
[08:43:19.294][info] [#0:script/workspace/loading.lua:112]: ++++As library of:	file:///home/mikep/.dotfiles/scripts/.local/share/nvim/lazy/plenary.nvim/lua
[08:43:19.295][info] [#0:script/workspace/loading.lua:88]: Skip loaded file: file:///home/mikep/.dotfiles/scripts/.local/share/nvim/mason/packages/lua-language-server/libexec/meta/LuaJIT%20en-us%20utf8/math.lua
[08:43:19.295][info] [#0:script/workspace/loading.lua:112]: ++++As library of:	file:///home/mikep/.dotfiles/scripts/.local/share/nvim/mason/packages/lua-language-server/libexec/meta/LuaJIT%20en-us%20utf8/math.lua
[08:43:19.295][info] [#0:script/workspace/loading.lua:88]: Skip loaded file: file:///home/mikep/.dotfiles/scripts/.local/share/nvim/mason/packages/lua-language-server/libexec/meta/LuaJIT%20en-us%20utf8/jit/util.lua
[08:43:19.295][info] [#0:script/workspace/loading.lua:112]: ++++As library of:	file:///home/mikep/.dotfiles/scripts/.local/share/nvim/mason/packages/lua-language-server/libexec/meta/LuaJIT%20en-us%20utf8/jit/util.lua
[08:43:19.295][info] [#0:script/workspace/loading.lua:88]: Skip loaded file: file:///home/mikep/.dotfiles/scripts/.local/share/nvim/mason/packages/lua-language-server/libexec/meta/LuaJIT%20en-us%20utf8/debug.lua
[08:43:19.295][info] [#0:script/workspace/loading.lua:112]: ++++As library of:	file:///home/mikep/.dotfiles/scripts/.local/share/nvim/mason/packages/lua-language-server/libexec/meta/LuaJIT%20en-us%20utf8/debug.lua
[08:43:19.295][info] [#0:script/workspace/loading.lua:100]: Preload file at: file:///home/mikep/.dotfiles/scripts/.local/share/nvim/lazy/plenary.nvim/lua/plenary/profile.lua , size = 0.876 KB
[08:43:19.296][info] [#0:script/workspace/loading.lua:112]: ++++As library of:	file:///home/mikep/.dotfiles/scripts/.local/share/nvim/lazy/plenary.nvim/lua
[08:43:19.296][info] [#0:script/workspace/loading.lua:100]: Preload file at: file:///home/mikep/.dotfiles/scripts/.local/share/nvim/lazy/plenary.nvim/lua/plenary/debug_utils.lua , size = 0.276 KB
[08:43:19.296][info] [#0:script/workspace/loading.lua:112]: ++++As library of:	file:///home/mikep/.dotfiles/scripts/.local/share/nvim/lazy/plenary.nvim/lua
[08:43:19.296][info] [#0:script/workspace/loading.lua:100]: Preload file at: file:///home/mikep/.dotfiles/scripts/.local/share/nvim/lazy/plenary.nvim/lua/plenary/run.lua , size = 0.539 KB
[08:43:19.297][info] [#0:script/workspace/loading.lua:112]: ++++As library of:	file:///home/mikep/.dotfiles/scripts/.local/share/nvim/lazy/plenary.nvim/lua
[08:43:19.297][info] [#0:script/workspace/loading.lua:100]: Preload file at: file:///home/mikep/.dotfiles/scripts/.local/share/nvim/lazy/plenary.nvim/lua/plenary/path.lua , size = 22.657 KB
[08:43:19.305][info] [#0:script/workspace/loading.lua:112]: ++++As library of:	file:///home/mikep/.dotfiles/scripts/.local/share/nvim/lazy/plenary.nvim/lua
[08:43:19.305][info] [#0:script/workspace/loading.lua:100]: Preload file at: file:///home/mikep/.dotfiles/scripts/.local/share/nvim/lazy/neodev.nvim/types/nightly/alias.lua , size = 0.217 KB
[08:43:19.306][info] [#0:script/workspace/loading.lua:112]: ++++As library of:	file:///home/mikep/.dotfiles/scripts/.local/share/nvim/lazy/neodev.nvim/types/nightly
[08:43:19.306][info] [#0:script/workspace/loading.lua:100]: Preload file at: file:///home/mikep/.dotfiles/scripts/.local/share/nvim/lazy/neodev.nvim/types/nightly/cmd.lua , size = 66.965 KB
[08:43:19.327][info] [#0:script/workspace/loading.lua:112]: ++++As library of:	file:///home/mikep/.dotfiles/scripts/.local/share/nvim/lazy/neodev.nvim/types/nightly
[08:43:19.327][info] [#0:script/workspace/loading.lua:100]: Preload file at: file:///home/mikep/.dotfiles/scripts/.local/share/nvim/lazy/neodev.nvim/types/nightly/vim.lua , size = 1.169 KB
[08:43:19.328][info] [#0:script/workspace/loading.lua:112]: ++++As library of:	file:///home/mikep/.dotfiles/scripts/.local/share/nvim/lazy/neodev.nvim/types/nightly
[08:43:19.328][info] [#0:script/workspace/loading.lua:100]: Preload file at: file:///home/mikep/.dotfiles/scripts/.local/share/nvim/lazy/neodev.nvim/types/nightly/uv.lua , size = 138.289 KB
[08:43:19.363][info] [#0:script/workspace/loading.lua:112]: ++++As library of:	file:///home/mikep/.dotfiles/scripts/.local/share/nvim/lazy/neodev.nvim/types/nightly
[08:43:19.363][info] [#0:script/workspace/loading.lua:100]: Preload file at: file:///home/mikep/.dotfiles/scripts/.local/share/nvim/lazy/lualine.nvim/lua/lualine/highlight.lua , size = 17.687 KB
[08:43:19.368][info] [#0:script/workspace/loading.lua:112]: ++++As library of:	file:///home/mikep/.dotfiles/scripts/.local/share/nvim/lazy/lualine.nvim/lua
[08:43:19.368][info] [#0:script/workspace/loading.lua:100]: Preload file at: file:///home/mikep/.dotfiles/scripts/.local/share/nvim/lazy/lualine.nvim/lua/lualine/utils/fn_store.lua , size = 0.783 KB
[08:43:19.369][info] [#0:script/workspace/loading.lua:112]: ++++As library of:	file:///home/mikep/.dotfiles/scripts/.local/share/nvim/lazy/lualine.nvim/lua
[08:43:19.369][info] [#0:script/workspace/loading.lua:100]: Preload file at: file:///home/mikep/.dotfiles/scripts/.local/share/nvim/lazy/lualine.nvim/lua/lualine/utils/job.lua , size = 1.456 KB
[08:43:19.370][info] [#0:script/workspace/loading.lua:112]: ++++As library of:	file:///home/mikep/.dotfiles/scripts/.local/share/nvim/lazy/lualine.nvim/lua
[08:43:19.370][info] [#0:script/workspace/loading.lua:100]: Preload file at: file:///home/mikep/.dotfiles/scripts/.local/share/nvim/lazy/lualine.nvim/lua/lualine/utils/loader.lua , size = 8.544 KB
[08:43:19.480][warn] [#0:script/files.lua:556]: Parse LuaDoc of [file:///home/mikep/.dotfiles/scripts/.local/share/nvim/lazy/lualine.nvim/lua/lualine/utils/loader.lua] takes [0.109] sec, size [8.749] kb.
[08:43:19.482][info] [#0:script/workspace/loading.lua:112]: ++++As library of:	file:///home/mikep/.dotfiles/scripts/.local/share/nvim/lazy/lualine.nvim/lua
[08:43:19.491][info] [#0:script/workspace/loading.lua:100]: Preload file at: file:///home/mikep/.dotfiles/scripts/.local/share/nvim/lazy/lualine.nvim/lua/lualine/utils/color_utils.lua , size = 9.583 KB
[08:43:19.496][info] [#0:script/workspace/loading.lua:112]: ++++As library of:	file:///home/mikep/.dotfiles/scripts/.local/share/nvim/lazy/lualine.nvim/lua
[08:43:19.497][info] [#0:script/workspace/loading.lua:100]: Preload file at: file:///home/mikep/.dotfiles/scripts/.local/share/nvim/lazy/lualine.nvim/lua/lualine/utils/notices.lua , size = 2.561 KB
[08:43:19.498][info] [#0:script/workspace/loading.lua:112]: ++++As library of:	file:///home/mikep/.dotfiles/scripts/.local/share/nvim/lazy/lualine.nvim/lua
[08:43:19.498][info] [#0:script/workspace/loading.lua:100]: Preload file at: file:///home/mikep/.dotfiles/scripts/.local/share/nvim/lazy/lualine.nvim/lua/lualine/utils/class.lua , size = 0.769 KB
[08:43:19.499][info] [#0:script/workspace/loading.lua:112]: ++++As library of:	file:///home/mikep/.dotfiles/scripts/.local/share/nvim/lazy/lualine.nvim/lua
[08:43:19.499][info] [#0:script/workspace/loading.lua:100]: Preload file at: file:///home/mikep/.dotfiles/scripts/.local/share/nvim/lazy/lualine.nvim/lua/lualine/utils/section.lua , size = 4.507 KB
[08:43:19.500][info] [#0:script/workspace/loading.lua:112]: ++++As library of:	file:///home/mikep/.dotfiles/scripts/.local/share/nvim/lazy/lualine.nvim/lua
[08:43:19.500][info] [#0:script/workspace/loading.lua:100]: Preload file at: file:///home/mikep/.dotfiles/scripts/.local/share/nvim/lazy/lualine.nvim/lua/lualine/utils/mode.lua , size = 1.239 KB
[08:43:19.501][info] [#0:script/workspace/loading.lua:112]: ++++As library of:	file:///home/mikep/.dotfiles/scripts/.local/share/nvim/lazy/lualine.nvim/lua
[08:43:19.501][info] [#0:script/workspace/loading.lua:100]: Preload file at: file:///home/mikep/.dotfiles/scripts/.local/share/nvim/lazy/lualine.nvim/lua/lualine/utils/utils.lua , size = 6.330 KB
[08:43:19.503][info] [#0:script/workspace/loading.lua:112]: ++++As library of:	file:///home/mikep/.dotfiles/scripts/.local/share/nvim/lazy/lualine.nvim/lua
[08:43:19.503][info] [#0:script/workspace/loading.lua:100]: Preload file at: file:///home/mikep/.dotfiles/scripts/.local/share/nvim/lazy/lualine.nvim/lua/lualine/utils/nvim_opts.lua , size = 4.577 KB
[08:43:19.505][info] [#0:script/workspace/loading.lua:112]: ++++As library of:	file:///home/mikep/.dotfiles/scripts/.local/share/nvim/lazy/lualine.nvim/lua
[08:43:19.505][info] [#0:script/workspace/loading.lua:100]: Preload file at: file:///home/mikep/.dotfiles/scripts/.local/share/nvim/lazy/lualine.nvim/lua/lualine/extensions/toggleterm.lua , size = 0.280 KB
[08:43:19.505][info] [#0:script/workspace/loading.lua:112]: ++++As library of:	file:///home/mikep/.dotfiles/scripts/.local/share/nvim/lazy/lualine.nvim/lua
[08:43:19.506][info] [#0:script/workspace/loading.lua:100]: Preload file at: file:///home/mikep/.dotfiles/scripts/.local/share/nvim/lazy/lualine.nvim/lua/lualine/extensions/nvim-dap-ui.lua , size = 0.294 KB
[08:43:19.506][info] [#0:script/workspace/loading.lua:112]: ++++As library of:	file:///home/mikep/.dotfiles/scripts/.local/share/nvim/lazy/lualine.nvim/lua
[08:43:19.506][info] [#0:script/workspace/loading.lua:100]: Preload file at: file:///home/mikep/.dotfiles/scripts/.local/share/nvim/lazy/lualine.nvim/lua/lualine/extensions/symbols-outline.lua , size = 0.174 KB
[08:43:19.506][info] [#0:script/workspace/loading.lua:112]: ++++As library of:	file:///home/mikep/.dotfiles/scripts/.local/share/nvim/lazy/lualine.nvim/lua
[08:43:19.506][info] [#0:script/workspace/loading.lua:100]: Preload file at: file:///home/mikep/.dotfiles/scripts/.local/share/nvim/lazy/lualine.nvim/lua/lualine/extensions/mundo.lua , size = 0.317 KB
[08:43:19.507][info] [#0:script/workspace/loading.lua:112]: ++++As library of:	file:///home/mikep/.dotfiles/scripts/.local/share/nvim/lazy/lualine.nvim/lua
[08:43:19.507][info] [#0:script/workspace/loading.lua:100]: Preload file at: file:///home/mikep/.dotfiles/scripts/.local/share/nvim/lazy/lualine.nvim/lua/lualine/extensions/fzf.lua , size = 0.824 KB
[08:43:19.507][info] [#0:script/workspace/loading.lua:112]: ++++As library of:	file:///home/mikep/.dotfiles/scripts/.local/share/nvim/lazy/lualine.nvim/lua
[08:43:19.507][info] [#0:script/workspace/loading.lua:100]: Preload file at: file:///home/mikep/.dotfiles/scripts/.local/share/nvim/lazy/lualine.nvim/lua/lualine/extensions/neo-tree.lua , size = 0.231 KB
[08:43:19.508][info] [#0:script/workspace/loading.lua:112]: ++++As library of:	file:///home/mikep/.dotfiles/scripts/.local/share/nvim/lazy/lualine.nvim/lua
[08:43:19.508][info] [#0:script/workspace/loading.lua:100]: Preload file at: file:///home/mikep/.dotfiles/scripts/.local/share/nvim/lazy/lualine.nvim/lua/lualine/extensions/lazy.lua , size = 0.476 KB
[08:43:19.508][info] [#0:script/workspace/loading.lua:112]: ++++As library of:	file:///home/mikep/.dotfiles/scripts/.local/share/nvim/lazy/lualine.nvim/lua
[08:43:19.508][info] [#0:script/workspace/loading.lua:100]: Preload file at: file:///home/mikep/.dotfiles/scripts/.local/share/nvim/lazy/lualine.nvim/lua/lualine/extensions/man.lua , size = 0.239 KB
[08:43:19.508][info] [#0:script/workspace/loading.lua:112]: ++++As library of:	file:///home/mikep/.dotfiles/scripts/.local/share/nvim/lazy/lualine.nvim/lua
[08:43:19.509][info] [#0:script/workspace/loading.lua:100]: Preload file at: file:///home/mikep/.dotfiles/scripts/.local/share/nvim/lazy/lualine.nvim/lua/lualine/extensions/fugitive.lua , size = 0.322 KB
[08:43:19.509][info] [#0:script/workspace/loading.lua:112]: ++++As library of:	file:///home/mikep/.dotfiles/scripts/.local/share/nvim/lazy/lualine.nvim/lua
[08:43:19.509][info] [#0:script/workspace/loading.lua:100]: Preload file at: file:///home/mikep/.dotfiles/scripts/.local/share/nvim/lazy/lualine.nvim/lua/lualine/extensions/fern.lua , size = 0.229 KB
[08:43:19.510][info] [#0:script/workspace/loading.lua:112]: ++++As library of:	file:///home/mikep/.dotfiles/scripts/.local/share/nvim/lazy/lualine.nvim/lua
[08:43:19.510][info] [#0:script/workspace/loading.lua:100]: Preload file at: file:///home/mikep/.dotfiles/scripts/.local/share/nvim/lazy/lualine.nvim/lua/lualine/extensions/nerdtree.lua , size = 0.266 KB
[08:43:19.510][info] [#0:script/workspace/loading.lua:112]: ++++As library of:	file:///home/mikep/.dotfiles/scripts/.local/share/nvim/lazy/lualine.nvim/lua
[08:43:19.510][info] [#0:script/workspace/loading.lua:100]: Preload file at: file:///home/mikep/.dotfiles/scripts/.local/share/nvim/lazy/lualine.nvim/lua/lualine/extensions/overseer.lua , size = 0.225 KB
[08:43:19.510][info] [#0:script/workspace/loading.lua:112]: ++++As library of:	file:///home/mikep/.dotfiles/scripts/.local/share/nvim/lazy/lualine.nvim/lua
[08:43:19.510][info] [#0:script/workspace/loading.lua:100]: Preload file at: file:///home/mikep/.dotfiles/scripts/.local/share/nvim/lazy/lualine.nvim/lua/lualine/extensions/quickfix.lua , size = 0.672 KB
[08:43:19.511][info] [#0:script/workspace/loading.lua:112]: ++++As library of:	file:///home/mikep/.dotfiles/scripts/.local/share/nvim/lazy/lualine.nvim/lua
[08:43:19.511][info] [#0:script/workspace/loading.lua:100]: Preload file at: file:///home/mikep/.dotfiles/scripts/.local/share/nvim/lazy/lualine.nvim/lua/lualine/extensions/oil.lua , size = 0.294 KB
[08:43:19.511][info] [#0:script/workspace/loading.lua:112]: ++++As library of:	file:///home/mikep/.dotfiles/scripts/.local/share/nvim/lazy/lualine.nvim/lua
[08:43:19.511][info] [#0:script/workspace/loading.lua:100]: Preload file at: file:///home/mikep/.dotfiles/scripts/.local/share/nvim/lazy/lualine.nvim/lua/lualine/extensions/ctrlspace.lua , size = 0.359 KB
[08:43:19.512][info] [#0:script/workspace/loading.lua:112]: ++++As library of:	file:///home/mikep/.dotfiles/scripts/.local/share/nvim/lazy/lualine.nvim/lua
[08:43:19.512][info] [#0:script/workspace/loading.lua:100]: Preload file at: file:///home/mikep/.dotfiles/scripts/.local/share/nvim/lazy/lualine.nvim/lua/lualine/extensions/aerial.lua , size = 0.167 KB
[08:43:19.512][info] [#0:script/workspace/loading.lua:112]: ++++As library of:	file:///home/mikep/.dotfiles/scripts/.local/share/nvim/lazy/lualine.nvim/lua
[08:43:19.512][info] [#0:script/workspace/loading.lua:100]: Preload file at: file:///home/mikep/.dotfiles/scripts/.local/share/nvim/lazy/lualine.nvim/lua/lualine/extensions/chadtree.lua , size = 0.231 KB
[08:43:19.512][info] [#0:script/workspace/loading.lua:112]: ++++As library of:	file:///home/mikep/.dotfiles/scripts/.local/share/nvim/lazy/lualine.nvim/lua
[08:43:19.513][info] [#0:script/workspace/loading.lua:100]: Preload file at: file:///home/mikep/.dotfiles/scripts/.local/share/nvim/lazy/lualine.nvim/lua/lualine/extensions/mason.lua , size = 0.519 KB
[08:43:19.513][info] [#0:script/workspace/loading.lua:112]: ++++As library of:	file:///home/mikep/.dotfiles/scripts/.local/share/nvim/lazy/lualine.nvim/lua
[08:43:19.513][info] [#0:script/workspace/loading.lua:100]: Preload file at: file:///home/mikep/.dotfiles/scripts/.local/share/nvim/lazy/lualine.nvim/lua/lualine/extensions/trouble.lua , size = 0.366 KB
[08:43:19.513][info] [#0:script/workspace/loading.lua:112]: ++++As library of:	file:///home/mikep/.dotfiles/scripts/.local/share/nvim/lazy/lualine.nvim/lua
[08:43:19.513][info] [#0:script/workspace/loading.lua:100]: Preload file at: file:///home/mikep/.dotfiles/scripts/.local/share/nvim/lazy/lualine.nvim/lua/lualine/extensions/nvim-tree.lua , size = 0.231 KB
[08:43:19.514][info] [#0:script/workspace/loading.lua:112]: ++++As library of:	file:///home/mikep/.dotfiles/scripts/.local/share/nvim/lazy/lualine.nvim/lua
[08:43:19.514][info] [#0:script/workspace/loading.lua:100]: Preload file at: file:///home/mikep/.dotfiles/scripts/.local/share/nvim/lazy/lualine.nvim/lua/lualine/themes/gruvbox.lua , size = 0.235 KB
[08:43:19.514][info] [#0:script/workspace/loading.lua:112]: ++++As library of:	file:///home/mikep/.dotfiles/scripts/.local/share/nvim/lazy/lualine.nvim/lua
[08:43:19.514][info] [#0:script/workspace/loading.lua:100]: Preload file at: file:///home/mikep/.dotfiles/scripts/.local/share/nvim/lazy/lualine.nvim/lua/lualine/themes/OceanicNext.lua , size = 1.363 KB
[08:43:19.515][info] [#0:script/workspace/loading.lua:112]: ++++As library of:	file:///home/mikep/.dotfiles/scripts/.local/share/nvim/lazy/lualine.nvim/lua
[08:43:19.515][info] [#0:script/workspace/loading.lua:100]: Preload file at: file:///home/mikep/.dotfiles/scripts/.local/share/nvim/lazy/lualine.nvim/lua/lualine/themes/everforest.lua , size = 1.512 KB
[08:43:19.516][info] [#0:script/workspace/loading.lua:112]: ++++As library of:	file:///home/mikep/.dotfiles/scripts/.local/share/nvim/lazy/lualine.nvim/lua
[08:43:19.516][info] [#0:script/workspace/loading.lua:100]: Preload file at: file:///home/mikep/.dotfiles/scripts/.local/share/nvim/lazy/lualine.nvim/lua/lualine/themes/papercolor_dark.lua , size = 1.580 KB
[08:43:19.516][info] [#0:script/workspace/loading.lua:112]: ++++As library of:	file:///home/mikep/.dotfiles/scripts/.local/share/nvim/lazy/lualine.nvim/lua
[08:43:19.516][info] [#0:script/workspace/loading.lua:100]: Preload file at: file:///home/mikep/.dotfiles/scripts/.local/share/nvim/lazy/lualine.nvim/lua/lualine/themes/gruvbox_light.lua , size = 1.496 KB
[08:43:19.517][info] [#0:script/workspace/loading.lua:112]: ++++As library of:	file:///home/mikep/.dotfiles/scripts/.local/share/nvim/lazy/lualine.nvim/lua
[08:43:19.517][info] [#0:script/workspace/loading.lua:100]: Preload file at: file:///home/mikep/.dotfiles/scripts/.local/share/nvim/lazy/lualine.nvim/lua/lualine/themes/ayu_light.lua , size = 1.213 KB
[08:43:19.518][info] [#0:script/workspace/loading.lua:112]: ++++As library of:	file:///home/mikep/.dotfiles/scripts/.local/share/nvim/lazy/lualine.nvim/lua
[08:43:19.518][info] [#0:script/workspace/loading.lua:100]: Preload file at: file:///home/mikep/.dotfiles/scripts/.local/share/nvim/lazy/lualine.nvim/lua/lualine/themes/nord.lua , size = 0.861 KB
[08:43:19.518][info] [#0:script/workspace/loading.lua:112]: ++++As library of:	file:///home/mikep/.dotfiles/scripts/.local/share/nvim/lazy/lualine.nvim/lua
[08:43:19.518][info] [#0:script/workspace/loading.lua:100]: Preload file at: file:///home/mikep/.dotfiles/scripts/.local/share/nvim/lazy/lualine.nvim/lua/lualine/themes/powerline_dark.lua , size = 1.764 KB
[08:43:19.519][info] [#0:script/workspace/loading.lua:112]: ++++As library of:	file:///home/mikep/.dotfiles/scripts/.local/share/nvim/lazy/lualine.nvim/lua
[08:43:19.519][info] [#0:script/workspace/loading.lua:100]: Preload file at: file:///home/mikep/.dotfiles/scripts/.local/share/nvim/lazy/lualine.nvim/lua/lualine/themes/horizon.lua , size = 1.527 KB
[08:43:19.520][info] [#0:script/workspace/loading.lua:112]: ++++As library of:	file:///home/mikep/.dotfiles/scripts/.local/share/nvim/lazy/lualine.nvim/lua
[08:43:19.520][info] [#0:script/workspace/loading.lua:100]: Preload file at: file:///home/mikep/.dotfiles/scripts/.local/share/nvim/lazy/lualine.nvim/lua/lualine/themes/base16.lua , size = 3.103 KB
[08:43:19.522][info] [#0:script/workspace/loading.lua:112]: ++++As library of:	file:///home/mikep/.dotfiles/scripts/.local/share/nvim/lazy/lualine.nvim/lua
[08:43:19.522][info] [#0:script/workspace/loading.lua:100]: Preload file at: file:///home/mikep/.dotfiles/scripts/.local/share/nvim/lazy/lualine.nvim/lua/lualine/themes/codedark.lua , size = 1.086 KB
[08:43:19.522][info] [#0:script/workspace/loading.lua:112]: ++++As library of:	file:///home/mikep/.dotfiles/scripts/.local/share/nvim/lazy/lualine.nvim/lua
[08:43:19.522][info] [#0:script/workspace/loading.lua:100]: Preload file at: file:///home/mikep/.dotfiles/scripts/.local/share/nvim/lazy/lualine.nvim/lua/lualine/themes/solarized.lua , size = 0.237 KB
[08:43:19.522][info] [#0:script/workspace/loading.lua:112]: ++++As library of:	file:///home/mikep/.dotfiles/scripts/.local/share/nvim/lazy/lualine.nvim/lua
[08:43:19.522][info] [#0:script/workspace/loading.lua:100]: Preload file at: file:///home/mikep/.dotfiles/scripts/.local/share/nvim/lazy/lualine.nvim/lua/lualine/themes/ayu_dark.lua , size = 1.213 KB
[08:43:19.523][info] [#0:script/workspace/loading.lua:112]: ++++As library of:	file:///home/mikep/.dotfiles/scripts/.local/share/nvim/lazy/lualine.nvim/lua
[08:43:19.523][info] [#0:script/workspace/loading.lua:100]: Preload file at: file:///home/mikep/.dotfiles/scripts/.local/share/nvim/lazy/lualine.nvim/lua/lualine/themes/modus-vivendi.lua , size = 1.515 KB
[08:43:19.524][info] [#0:script/workspace/loading.lua:112]: ++++As library of:	file:///home/mikep/.dotfiles/scripts/.local/share/nvim/lazy/lualine.nvim/lua
[08:43:19.524][info] [#0:script/workspace/loading.lua:100]: Preload file at: file:///home/mikep/.dotfiles/scripts/.local/share/nvim/lazy/lualine.nvim/lua/lualine/themes/iceberg.lua , size = 0.235 KB
[08:43:19.524][info] [#0:script/workspace/loading.lua:112]: ++++As library of:	file:///home/mikep/.dotfiles/scripts/.local/share/nvim/lazy/lualine.nvim/lua
[08:43:19.524][info] [#0:script/workspace/loading.lua:100]: Preload file at: file:///home/mikep/.dotfiles/scripts/.local/share/nvim/lazy/lualine.nvim/lua/lualine/themes/jellybeans.lua , size = 1.238 KB
[08:43:19.525][info] [#0:script/workspace/loading.lua:112]: ++++As library of:	file:///home/mikep/.dotfiles/scripts/.local/share/nvim/lazy/lualine.nvim/lua
[08:43:19.525][info] [#0:script/workspace/loading.lua:100]: Preload file at: file:///home/mikep/.dotfiles/scripts/.local/share/nvim/lazy/lualine.nvim/lua/lualine/themes/gruvbox_dark.lua , size = 1.513 KB
[08:43:19.526][info] [#0:script/workspace/loading.lua:112]: ++++As library of:	file:///home/mikep/.dotfiles/scripts/.local/share/nvim/lazy/lualine.nvim/lua
[08:43:19.526][info] [#0:script/workspace/loading.lua:100]: Preload file at: file:///home/mikep/.dotfiles/scripts/.local/share/nvim/lazy/lualine.nvim/lua/lualine/themes/moonfly.lua , size = 1.120 KB
[08:43:19.526][info] [#0:script/workspace/loading.lua:112]: ++++As library of:	file:///home/mikep/.dotfiles/scripts/.local/share/nvim/lazy/lualine.nvim/lua
[08:43:19.526][info] [#0:script/workspace/loading.lua:100]: Preload file at: file:///home/mikep/.dotfiles/scripts/.local/share/nvim/lazy/lualine.nvim/lua/lualine/themes/powerline.lua , size = 1.343 KB
[08:43:19.527][info] [#0:script/workspace/loading.lua:112]: ++++As library of:	file:///home/mikep/.dotfiles/scripts/.local/share/nvim/lazy/lualine.nvim/lua
[08:43:19.527][info] [#0:script/workspace/loading.lua:100]: Preload file at: file:///home/mikep/.dotfiles/scripts/.local/share/nvim/lazy/lualine.nvim/lua/lualine/themes/papercolor_light.lua , size = 1.508 KB
[08:43:19.527][info] [#0:script/workspace/loading.lua:112]: ++++As library of:	file:///home/mikep/.dotfiles/scripts/.local/share/nvim/lazy/lualine.nvim/lua
[08:43:19.527][info] [#0:script/workspace/loading.lua:100]: Preload file at: file:///home/mikep/.dotfiles/scripts/.local/share/nvim/lazy/lualine.nvim/lua/lualine/themes/dracula.lua , size = 1.485 KB
[08:43:19.528][info] [#0:script/workspace/loading.lua:112]: ++++As library of:	file:///home/mikep/.dotfiles/scripts/.local/share/nvim/lazy/lualine.nvim/lua
[08:43:19.528][info] [#0:script/workspace/loading.lua:100]: Preload file at: file:///home/mikep/.dotfiles/scripts/.local/share/nvim/lazy/lualine.nvim/lua/lualine/themes/seoul256.lua , size = 1.237 KB
[08:43:19.529][info] [#0:script/workspace/loading.lua:112]: ++++As library of:	file:///home/mikep/.dotfiles/scripts/.local/share/nvim/lazy/lualine.nvim/lua
[08:43:19.529][info] [#0:script/workspace/loading.lua:100]: Preload file at: file:///home/mikep/.dotfiles/scripts/.local/share/nvim/lazy/lualine.nvim/lua/lualine/themes/ayu_mirage.lua , size = 1.213 KB
[08:43:19.529][info] [#0:script/workspace/loading.lua:112]: ++++As library of:	file:///home/mikep/.dotfiles/scripts/.local/share/nvim/lazy/lualine.nvim/lua
[08:43:19.530][info] [#0:script/workspace/loading.lua:100]: Preload file at: file:///home/mikep/.dotfiles/scripts/.local/share/nvim/lazy/lualine.nvim/lua/lualine/themes/auto.lua , size = 5.893 KB
[08:43:19.532][info] [#0:script/workspace/loading.lua:112]: ++++As library of:	file:///home/mikep/.dotfiles/scripts/.local/share/nvim/lazy/lualine.nvim/lua
[08:43:19.532][info] [#0:script/workspace/loading.lua:100]: Preload file at: file:///home/mikep/.dotfiles/scripts/.local/share/nvim/lazy/lualine.nvim/lua/lualine/themes/material.lua , size = 1.107 KB
[08:43:19.533][info] [#0:script/workspace/loading.lua:112]: ++++As library of:	file:///home/mikep/.dotfiles/scripts/.local/share/nvim/lazy/lualine.nvim/lua
[08:43:19.533][info] [#0:script/workspace/loading.lua:100]: Preload file at: file:///home/mikep/.dotfiles/scripts/.local/share/nvim/lazy/lualine.nvim/lua/lualine/themes/iceberg_dark.lua , size = 1.265 KB
[08:43:19.534][info] [#0:script/workspace/loading.lua:112]: ++++As library of:	file:///home/mikep/.dotfiles/scripts/.local/share/nvim/lazy/lualine.nvim/lua
[08:43:19.534][info] [#0:script/workspace/loading.lua:100]: Preload file at: file:///home/mikep/.dotfiles/scripts/.local/share/nvim/lazy/lualine.nvim/lua/lualine/themes/palenight.lua , size = 1.402 KB
[08:43:19.535][info] [#0:script/workspace/loading.lua:112]: ++++As library of:	file:///home/mikep/.dotfiles/scripts/.local/share/nvim/lazy/lualine.nvim/lua
[08:43:19.535][info] [#0:script/workspace/loading.lua:100]: Preload file at: file:///home/mikep/.dotfiles/scripts/.local/share/nvim/lazy/lualine.nvim/lua/lualine/themes/iceberg_light.lua , size = 1.216 KB
[08:43:19.535][info] [#0:script/workspace/loading.lua:112]: ++++As library of:	file:///home/mikep/.dotfiles/scripts/.local/share/nvim/lazy/lualine.nvim/lua
[08:43:19.535][info] [#0:script/workspace/loading.lua:100]: Preload file at: file:///home/mikep/.dotfiles/scripts/.local/share/nvim/lazy/lualine.nvim/lua/lualine/themes/onelight.lua , size = 1.030 KB
[08:43:19.536][info] [#0:script/workspace/loading.lua:112]: ++++As library of:	file:///home/mikep/.dotfiles/scripts/.local/share/nvim/lazy/lualine.nvim/lua
[08:43:19.536][info] [#0:script/workspace/loading.lua:100]: Preload file at: file:///home/mikep/.dotfiles/scripts/.local/share/nvim/lazy/lualine.nvim/lua/lualine/themes/PaperColor.lua , size = 0.215 KB
[08:43:19.536][info] [#0:script/workspace/loading.lua:112]: ++++As library of:	file:///home/mikep/.dotfiles/scripts/.local/share/nvim/lazy/lualine.nvim/lua
[08:43:19.537][info] [#0:script/workspace/loading.lua:100]: Preload file at: file:///home/mikep/.dotfiles/scripts/.local/share/nvim/lazy/lualine.nvim/lua/lualine/themes/gruvbox-material.lua , size = 0.947 KB
[08:43:19.537][info] [#0:script/workspace/loading.lua:112]: ++++As library of:	file:///home/mikep/.dotfiles/scripts/.local/share/nvim/lazy/lualine.nvim/lua
[08:43:19.537][info] [#0:script/workspace/loading.lua:100]: Preload file at: file:///home/mikep/.dotfiles/scripts/.local/share/nvim/lazy/lualine.nvim/lua/lualine/themes/pywal.lua , size = 1.709 KB
[08:43:19.538][info] [#0:script/workspace/loading.lua:112]: ++++As library of:	file:///home/mikep/.dotfiles/scripts/.local/share/nvim/lazy/lualine.nvim/lua
[08:43:19.538][info] [#0:script/workspace/loading.lua:100]: Preload file at: file:///home/mikep/.dotfiles/scripts/.local/share/nvim/lazy/lualine.nvim/lua/lualine/themes/solarized_light.lua , size = 1.124 KB
[08:43:19.539][info] [#0:script/workspace/loading.lua:112]: ++++As library of:	file:///home/mikep/.dotfiles/scripts/.local/share/nvim/lazy/lualine.nvim/lua
[08:43:19.539][info] [#0:script/workspace/loading.lua:100]: Preload file at: file:///home/mikep/.dotfiles/scripts/.local/share/nvim/lazy/lualine.nvim/lua/lualine/themes/solarized_dark.lua , size = 1.124 KB
[08:43:19.539][info] [#0:script/workspace/loading.lua:112]: ++++As library of:	file:///home/mikep/.dotfiles/scripts/.local/share/nvim/lazy/lualine.nvim/lua
[08:43:19.539][info] [#0:script/workspace/loading.lua:100]: Preload file at: file:///home/mikep/.dotfiles/scripts/.local/share/nvim/lazy/lualine.nvim/lua/lualine/themes/nightfly.lua , size = 1.064 KB
[08:43:19.540][info] [#0:script/workspace/loading.lua:112]: ++++As library of:	file:///home/mikep/.dotfiles/scripts/.local/share/nvim/lazy/lualine.nvim/lua
[08:43:19.540][info] [#0:script/workspace/loading.lua:100]: Preload file at: file:///home/mikep/.dotfiles/scripts/.local/share/nvim/lazy/lualine.nvim/lua/lualine/themes/molokai.lua , size = 0.930 KB
[08:43:19.541][info] [#0:script/workspace/loading.lua:112]: ++++As library of:	file:///home/mikep/.dotfiles/scripts/.local/share/nvim/lazy/lualine.nvim/lua
[08:43:19.541][info] [#0:script/workspace/loading.lua:100]: Preload file at: file:///home/mikep/.dotfiles/scripts/.local/share/nvim/lazy/lualine.nvim/lua/lualine/themes/Tomorrow.lua , size = 1.283 KB
[08:43:19.541][info] [#0:script/workspace/loading.lua:112]: ++++As library of:	file:///home/mikep/.dotfiles/scripts/.local/share/nvim/lazy/lualine.nvim/lua
[08:43:19.541][info] [#0:script/workspace/loading.lua:100]: Preload file at: file:///home/mikep/.dotfiles/scripts/.local/share/nvim/lazy/lualine.nvim/lua/lualine/themes/onedark.lua , size = 1.123 KB
[08:43:19.542][info] [#0:script/workspace/loading.lua:112]: ++++As library of:	file:///home/mikep/.dotfiles/scripts/.local/share/nvim/lazy/lualine.nvim/lua
[08:43:19.542][info] [#0:script/workspace/loading.lua:100]: Preload file at: file:///home/mikep/.dotfiles/scripts/.local/share/nvim/lazy/lualine.nvim/lua/lualine/themes/ayu.lua , size = 0.334 KB
[08:43:19.542][info] [#0:script/workspace/loading.lua:112]: ++++As library of:	file:///home/mikep/.dotfiles/scripts/.local/share/nvim/lazy/lualine.nvim/lua
[08:43:19.542][info] [#0:script/workspace/loading.lua:100]: Preload file at: file:///home/mikep/.dotfiles/scripts/.local/share/nvim/lazy/lualine.nvim/lua/lualine/themes/wombat.lua , size = 1.110 KB
[08:43:19.543][info] [#0:script/workspace/loading.lua:112]: ++++As library of:	file:///home/mikep/.dotfiles/scripts/.local/share/nvim/lazy/lualine.nvim/lua
[08:43:19.543][info] [#0:script/workspace/loading.lua:100]: Preload file at: file:///home/mikep/.dotfiles/scripts/.local/share/nvim/lazy/lualine.nvim/lua/lualine/themes/16color.lua , size = 1.104 KB
[08:43:19.543][info] [#0:script/workspace/loading.lua:112]: ++++As library of:	file:///home/mikep/.dotfiles/scripts/.local/share/nvim/lazy/lualine.nvim/lua
[08:43:19.543][info] [#0:script/workspace/loading.lua:100]: Preload file at: file:///home/mikep/.dotfiles/scripts/.local/share/nvim/lazy/lualine.nvim/lua/lualine/components/datetime.lua , size = 0.786 KB
[08:43:19.543][info] [#0:script/workspace/loading.lua:112]: ++++As library of:	file:///home/mikep/.dotfiles/scripts/.local/share/nvim/lazy/lualine.nvim/lua
[08:43:19.544][info] [#0:script/workspace/loading.lua:100]: Preload file at: file:///home/mikep/.dotfiles/scripts/.local/share/nvim/lazy/lualine.nvim/lua/lualine/components/searchcount.lua , size = 0.741 KB
[08:43:19.544][info] [#0:script/workspace/loading.lua:112]: ++++As library of:	file:///home/mikep/.dotfiles/scripts/.local/share/nvim/lazy/lualine.nvim/lua
[08:43:19.544][info] [#0:script/workspace/loading.lua:100]: Preload file at: file:///home/mikep/.dotfiles/scripts/.local/share/nvim/lazy/lualine.nvim/lua/lualine/components/windows/init.lua , size = 2.050 KB
[08:43:19.545][info] [#0:script/workspace/loading.lua:112]: ++++As library of:	file:///home/mikep/.dotfiles/scripts/.local/share/nvim/lazy/lualine.nvim/lua
[08:43:19.545][info] [#0:script/workspace/loading.lua:100]: Preload file at: file:///home/mikep/.dotfiles/scripts/.local/share/nvim/lazy/lualine.nvim/lua/lualine/components/diagnostics/sources.lua , size = 3.594 KB
[08:43:19.547][info] [#0:script/workspace/loading.lua:112]: ++++As library of:	file:///home/mikep/.dotfiles/scripts/.local/share/nvim/lazy/lualine.nvim/lua
[08:43:19.547][info] [#0:script/workspace/loading.lua:100]: Preload file at: file:///home/mikep/.dotfiles/scripts/.local/share/nvim/lazy/lualine.nvim/lua/lualine/components/windows/window.lua , size = 0.963 KB
[08:43:19.547][info] [#0:script/workspace/loading.lua:112]: ++++As library of:	file:///home/mikep/.dotfiles/scripts/.local/share/nvim/lazy/lualine.nvim/lua
[08:43:19.548][info] [#0:script/workspace/loading.lua:100]: Preload file at: file:///home/mikep/.dotfiles/scripts/.local/share/nvim/lazy/lualine.nvim/lua/lualine/components/diagnostics/init.lua , size = 4.185 KB
[08:43:19.549][info] [#0:script/workspace/loading.lua:112]: ++++As library of:	file:///home/mikep/.dotfiles/scripts/.local/share/nvim/lazy/lualine.nvim/lua
[08:43:19.549][info] [#0:script/workspace/loading.lua:100]: Preload file at: file:///home/mikep/.dotfiles/scripts/.local/share/nvim/lazy/lualine.nvim/lua/lualine/components/diagnostics/config.lua , size = 1.546 KB
[08:43:19.550][info] [#0:script/workspace/loading.lua:112]: ++++As library of:	file:///home/mikep/.dotfiles/scripts/.local/share/nvim/lazy/lualine.nvim/lua
[08:43:19.550][info] [#0:script/workspace/loading.lua:100]: Preload file at: file:///home/mikep/.dotfiles/scripts/.local/share/nvim/lazy/lualine.nvim/lua/lualine/components/filesize.lua , size = 0.529 KB
[08:43:19.551][info] [#0:script/workspace/loading.lua:112]: ++++As library of:	file:///home/mikep/.dotfiles/scripts/.local/share/nvim/lazy/lualine.nvim/lua
[08:43:19.551][info] [#0:script/workspace/loading.lua:100]: Preload file at: file:///home/mikep/.dotfiles/scripts/.local/share/nvim/lazy/lualine.nvim/lua/lualine/components/location.lua , size = 0.234 KB
[08:43:19.551][info] [#0:script/workspace/loading.lua:112]: ++++As library of:	file:///home/mikep/.dotfiles/scripts/.local/share/nvim/lazy/lualine.nvim/lua
[08:43:19.551][info] [#0:script/workspace/loading.lua:100]: Preload file at: file:///home/mikep/.dotfiles/scripts/.local/share/nvim/lazy/lualine.nvim/lua/lualine/components/branch/git_branch.lua , size = 4.729 KB
[08:43:19.552][info] [#0:script/workspace/loading.lua:112]: ++++As library of:	file:///home/mikep/.dotfiles/scripts/.local/share/nvim/lazy/lualine.nvim/lua
[08:43:19.552][info] [#0:script/workspace/loading.lua:100]: Preload file at: file:///home/mikep/.dotfiles/scripts/.local/share/nvim/lazy/lualine.nvim/lua/lualine/components/branch/init.lua , size = 0.704 KB
[08:43:19.553][info] [#0:script/workspace/loading.lua:112]: ++++As library of:	file:///home/mikep/.dotfiles/scripts/.local/share/nvim/lazy/lualine.nvim/lua
[08:43:19.553][info] [#0:script/workspace/loading.lua:100]: Preload file at: file:///home/mikep/.dotfiles/scripts/.local/share/nvim/lazy/lualine.nvim/lua/lualine/components/diff/init.lua , size = 2.854 KB
[08:43:19.554][info] [#0:script/workspace/loading.lua:112]: ++++As library of:	file:///home/mikep/.dotfiles/scripts/.local/share/nvim/lazy/lualine.nvim/lua
[08:43:19.554][info] [#0:script/workspace/loading.lua:100]: Preload file at: file:///home/mikep/.dotfiles/scripts/.local/share/nvim/lazy/lualine.nvim/lua/lualine/components/diff/git_diff.lua , size = 4.022 KB
[08:43:19.555][info] [#0:script/workspace/loading.lua:112]: ++++As library of:	file:///home/mikep/.dotfiles/scripts/.local/share/nvim/lazy/lualine.nvim/lua
[08:43:19.555][info] [#0:script/workspace/loading.lua:100]: Preload file at: file:///home/mikep/.dotfiles/scripts/.local/share/nvim/lazy/lualine.nvim/lua/lualine/components/filename.lua , size = 3.130 KB
[08:43:19.557][info] [#0:script/workspace/loading.lua:112]: ++++As library of:	file:///home/mikep/.dotfiles/scripts/.local/share/nvim/lazy/lualine.nvim/lua
[08:43:19.557][info] [#0:script/workspace/loading.lua:100]: Preload file at: file:///home/mikep/.dotfiles/scripts/.local/share/nvim/lazy/lualine.nvim/lua/lualine/components/tabs/init.lua , size = 5.323 KB
[08:43:19.559][info] [#0:script/workspace/loading.lua:112]: ++++As library of:	file:///home/mikep/.dotfiles/scripts/.local/share/nvim/lazy/lualine.nvim/lua
[08:43:19.559][info] [#0:script/workspace/loading.lua:100]: Preload file at: file:///home/mikep/.dotfiles/scripts/.local/share/nvim/lazy/lualine.nvim/lua/lualine/components/filetype.lua , size = 2.306 KB
[08:43:19.560][info] [#0:script/workspace/loading.lua:112]: ++++As library of:	file:///home/mikep/.dotfiles/scripts/.local/share/nvim/lazy/lualine.nvim/lua
[08:43:19.560][info] [#0:script/workspace/loading.lua:100]: Preload file at: file:///home/mikep/.dotfiles/scripts/.local/share/nvim/lazy/lualine.nvim/lua/lualine/components/tabs/tab.lua , size = 5.368 KB
[08:43:19.562][info] [#0:script/workspace/loading.lua:112]: ++++As library of:	file:///home/mikep/.dotfiles/scripts/.local/share/nvim/lazy/lualine.nvim/lua
[08:43:19.562][info] [#0:script/workspace/loading.lua:100]: Preload file at: file:///home/mikep/.dotfiles/scripts/.local/share/nvim/lazy/lualine.nvim/lua/lualine/components/mode.lua , size = 0.149 KB
[08:43:19.562][info] [#0:script/workspace/loading.lua:112]: ++++As library of:	file:///home/mikep/.dotfiles/scripts/.local/share/nvim/lazy/lualine.nvim/lua
[08:43:19.563][info] [#0:script/workspace/loading.lua:100]: Preload file at: file:///home/mikep/.dotfiles/scripts/.local/share/nvim/lazy/lualine.nvim/lua/lualine/components/special/eval_func_component.lua , size = 1.241 KB
[08:43:19.563][info] [#0:script/workspace/loading.lua:112]: ++++As library of:	file:///home/mikep/.dotfiles/scripts/.local/share/nvim/lazy/lualine.nvim/lua
[08:43:19.563][info] [#0:script/workspace/loading.lua:100]: Preload file at: file:///home/mikep/.dotfiles/scripts/.local/share/nvim/lazy/lualine.nvim/lua/lualine/components/special/function_component.lua , size = 0.504 KB
[08:43:19.564][info] [#0:script/workspace/loading.lua:112]: ++++As library of:	file:///home/mikep/.dotfiles/scripts/.local/share/nvim/lazy/lualine.nvim/lua
[08:43:19.564][info] [#0:script/workspace/loading.lua:100]: Preload file at: file:///home/mikep/.dotfiles/scripts/.local/share/nvim/lazy/lualine.nvim/lua/lualine/components/special/vim_var_component.lua , size = 1.158 KB
[08:43:19.564][info] [#0:script/workspace/loading.lua:112]: ++++As library of:	file:///home/mikep/.dotfiles/scripts/.local/share/nvim/lazy/lualine.nvim/lua
[08:43:19.564][info] [#0:script/workspace/loading.lua:100]: Preload file at: file:///home/mikep/.dotfiles/scripts/.local/share/nvim/lazy/lualine.nvim/lua/lualine/components/fileformat.lua , size = 0.665 KB
[08:43:19.565][info] [#0:script/workspace/loading.lua:112]: ++++As library of:	file:///home/mikep/.dotfiles/scripts/.local/share/nvim/lazy/lualine.nvim/lua
[08:43:19.565][info] [#0:script/workspace/loading.lua:100]: Preload file at: file:///home/mikep/.dotfiles/scripts/.local/share/nvim/lazy/lualine.nvim/lua/lualine/components/hostname.lua , size = 0.276 KB
[08:43:19.565][info] [#0:script/workspace/loading.lua:112]: ++++As library of:	file:///home/mikep/.dotfiles/scripts/.local/share/nvim/lazy/lualine.nvim/lua
[08:43:19.565][info] [#0:script/workspace/loading.lua:100]: Preload file at: file:///home/mikep/.dotfiles/scripts/.local/share/nvim/lazy/lualine.nvim/lua/lualine/components/buffers/init.lua , size = 6.513 KB
[08:43:19.567][info] [#0:script/workspace/loading.lua:112]: ++++As library of:	file:///home/mikep/.dotfiles/scripts/.local/share/nvim/lazy/lualine.nvim/lua
[08:43:19.567][info] [#0:script/workspace/loading.lua:100]: Preload file at: file:///home/mikep/.dotfiles/scripts/.local/share/nvim/lazy/lualine.nvim/lua/lualine/components/buffers/buffer.lua , size = 6.151 KB
[08:43:19.570][info] [#0:script/workspace/loading.lua:112]: ++++As library of:	file:///home/mikep/.dotfiles/scripts/.local/share/nvim/lazy/lualine.nvim/lua
[08:43:19.570][info] [#0:script/workspace/loading.lua:100]: Preload file at: file:///home/mikep/.dotfiles/scripts/.local/share/nvim/lazy/lualine.nvim/lua/lualine/components/selectioncount.lua , size = 0.544 KB
[08:43:19.570][info] [#0:script/workspace/loading.lua:112]: ++++As library of:	file:///home/mikep/.dotfiles/scripts/.local/share/nvim/lazy/lualine.nvim/lua
[08:43:19.571][info] [#0:script/workspace/loading.lua:100]: Preload file at: file:///home/mikep/.dotfiles/scripts/.local/share/nvim/lazy/lualine.nvim/lua/lualine/components/encoding.lua , size = 0.689 KB
[08:43:19.571][info] [#0:script/workspace/loading.lua:112]: ++++As library of:	file:///home/mikep/.dotfiles/scripts/.local/share/nvim/lazy/lualine.nvim/lua
[08:43:19.571][info] [#0:script/workspace/loading.lua:100]: Preload file at: file:///home/mikep/.dotfiles/scripts/.local/share/nvim/lazy/lualine.nvim/lua/lualine/components/progress.lua , size = 0.344 KB
[08:43:19.571][info] [#0:script/workspace/loading.lua:112]: ++++As library of:	file:///home/mikep/.dotfiles/scripts/.local/share/nvim/lazy/lualine.nvim/lua
[08:43:19.572][info] [#0:script/workspace/loading.lua:100]: Preload file at: file:///home/mikep/.dotfiles/scripts/.local/share/nvim/lazy/lualine.nvim/lua/lualine/component.lua , size = 9.428 KB
[08:43:19.575][info] [#0:script/workspace/loading.lua:112]: ++++As library of:	file:///home/mikep/.dotfiles/scripts/.local/share/nvim/lazy/lualine.nvim/lua
[08:43:19.575][info] [#0:script/workspace/loading.lua:100]: Preload file at: file:///home/mikep/.dotfiles/scripts/.local/share/nvim/lazy/lualine.nvim/lua/lualine/config.lua , size = 4.093 KB
[08:43:19.576][info] [#0:script/workspace/loading.lua:112]: ++++As library of:	file:///home/mikep/.dotfiles/scripts/.local/share/nvim/lazy/lualine.nvim/lua
[08:43:19.576][info] [#0:script/workspace/loading.lua:88]: Skip loaded file: file:///home/mikep/.dotfiles/scripts/.local/share/nvim/mason/packages/lua-language-server/libexec/meta/LuaJIT%20en-us%20utf8/table/new.lua
[08:43:19.576][info] [#0:script/workspace/loading.lua:112]: ++++As library of:	file:///home/mikep/.dotfiles/scripts/.local/share/nvim/mason/packages/lua-language-server/libexec/meta/LuaJIT%20en-us%20utf8/table/new.lua
[08:43:19.576][info] [#0:script/workspace/loading.lua:88]: Skip loaded file: file:///home/mikep/.dotfiles/scripts/.local/share/nvim/mason/packages/lua-language-server/libexec/meta/LuaJIT%20en-us%20utf8/table/clear.lua
[08:43:19.576][info] [#0:script/workspace/loading.lua:112]: ++++As library of:	file:///home/mikep/.dotfiles/scripts/.local/share/nvim/mason/packages/lua-language-server/libexec/meta/LuaJIT%20en-us%20utf8/table/clear.lua
[08:43:19.577][info] [#0:script/workspace/loading.lua:100]: Preload file at: file:///home/mikep/.dotfiles/scripts/.local/share/nvim/lazy/lualine.nvim/lua/lualine_require.lua , size = 3.005 KB
[08:43:19.578][info] [#0:script/workspace/loading.lua:112]: ++++As library of:	file:///home/mikep/.dotfiles/scripts/.local/share/nvim/lazy/lualine.nvim/lua
[08:43:19.578][info] [#0:script/workspace/loading.lua:100]: Preload file at: file:///home/mikep/.dotfiles/scripts/.local/share/nvim/lazy/lualine.nvim/lua/lualine.lua , size = 24.249 KB
[08:43:19.583][info] [#0:script/workspace/loading.lua:112]: ++++As library of:	file:///home/mikep/.dotfiles/scripts/.local/share/nvim/lazy/lualine.nvim/lua
[08:43:19.583][info] [#0:script/workspace/loading.lua:100]: Preload file at: file:///home/mikep/.dotfiles/scripts/.local/share/nvim/lazy/neodev.nvim/lua/lua-dev.lua , size = 0.153 KB
[08:43:19.584][info] [#0:script/workspace/loading.lua:112]: ++++As library of:	file:///home/mikep/.dotfiles/scripts/.local/share/nvim/lazy/neodev.nvim/lua
[08:43:19.584][info] [#0:script/workspace/loading.lua:100]: Preload file at: file:///home/mikep/.dotfiles/scripts/.local/share/nvim/lazy/neodev.nvim/lua/neodev/init.lua , size = 0.800 KB
[08:43:19.584][info] [#0:script/workspace/loading.lua:112]: ++++As library of:	file:///home/mikep/.dotfiles/scripts/.local/share/nvim/lazy/neodev.nvim/lua
[08:43:19.584][info] [#0:script/workspace/loading.lua:100]: Preload file at: file:///home/mikep/.dotfiles/scripts/.local/share/nvim/lazy/neodev.nvim/lua/neodev/util.lua , size = 1.901 KB
[08:43:19.585][info] [#0:script/workspace/loading.lua:112]: ++++As library of:	file:///home/mikep/.dotfiles/scripts/.local/share/nvim/lazy/neodev.nvim/lua
[08:43:19.585][info] [#0:script/workspace/loading.lua:100]: Preload file at: file:///home/mikep/.dotfiles/scripts/.local/share/nvim/lazy/neodev.nvim/lua/neodev/config.lua , size = 2.003 KB
[08:43:19.586][info] [#0:script/workspace/loading.lua:112]: ++++As library of:	file:///home/mikep/.dotfiles/scripts/.local/share/nvim/lazy/neodev.nvim/lua
[08:43:19.586][info] [#0:script/workspace/loading.lua:100]: Preload file at: file:///home/mikep/.dotfiles/scripts/.local/share/nvim/lazy/neodev.nvim/lua/neodev/lsp.lua , size = 3.496 KB
[08:43:19.587][info] [#0:script/workspace/loading.lua:112]: ++++As library of:	file:///home/mikep/.dotfiles/scripts/.local/share/nvim/lazy/neodev.nvim/lua
[08:43:19.587][info] [#0:script/workspace/loading.lua:100]: Preload file at: file:///home/mikep/.dotfiles/scripts/.local/share/nvim/lazy/neodev.nvim/lua/neodev/luals.lua , size = 3.038 KB
[08:43:19.588][info] [#0:script/workspace/loading.lua:112]: ++++As library of:	file:///home/mikep/.dotfiles/scripts/.local/share/nvim/lazy/neodev.nvim/lua
[08:43:19.589][info] [#0:script/workspace/loading.lua:88]: Skip loaded file: file:///home/mikep/.dotfiles/scripts/.local/share/nvim/mason/packages/lua-language-server/libexec/meta/LuaJIT%20en-us%20utf8/package.lua
[08:43:19.589][info] [#0:script/workspace/loading.lua:112]: ++++As library of:	file:///home/mikep/.dotfiles/scripts/.local/share/nvim/mason/packages/lua-language-server/libexec/meta/LuaJIT%20en-us%20utf8/package.lua
[08:43:19.589][info] [#0:script/workspace/loading.lua:100]: Preload file at: file:///home/mikep/.dotfiles/scripts/.local/share/nvim/lazy/neodev.nvim/lua/neodev/build/api.lua , size = 1.904 KB
[08:43:19.590][info] [#0:script/workspace/loading.lua:112]: ++++As library of:	file:///home/mikep/.dotfiles/scripts/.local/share/nvim/lazy/neodev.nvim/lua
[08:43:19.590][info] [#0:script/workspace/loading.lua:100]: Preload file at: file:///home/mikep/.dotfiles/scripts/.local/share/nvim/lazy/neodev.nvim/lua/neodev/build/writer.lua , size = 0.968 KB
[08:43:19.591][info] [#0:script/workspace/loading.lua:112]: ++++As library of:	file:///home/mikep/.dotfiles/scripts/.local/share/nvim/lazy/neodev.nvim/lua
[08:43:19.591][info] [#0:script/workspace/loading.lua:100]: Preload file at: file:///home/mikep/.dotfiles/scripts/.local/share/nvim/lazy/neodev.nvim/lua/neodev/build/init.lua , size = 2.983 KB
[08:43:19.592][info] [#0:script/workspace/loading.lua:112]: ++++As library of:	file:///home/mikep/.dotfiles/scripts/.local/share/nvim/lazy/neodev.nvim/lua
[08:43:19.592][info] [#0:script/workspace/loading.lua:100]: Preload file at: file:///home/mikep/.dotfiles/scripts/.local/share/nvim/lazy/neodev.nvim/lua/neodev/build/mpack.lua , size = 1.880 KB
[08:43:19.593][info] [#0:script/workspace/loading.lua:112]: ++++As library of:	file:///home/mikep/.dotfiles/scripts/.local/share/nvim/lazy/neodev.nvim/lua
[08:43:19.593][info] [#0:script/workspace/loading.lua:100]: Preload file at: file:///home/mikep/.dotfiles/scripts/.local/share/nvim/lazy/neodev.nvim/lua/neodev/build/options.lua , size = 2.941 KB
[08:43:19.594][info] [#0:script/workspace/loading.lua:112]: ++++As library of:	file:///home/mikep/.dotfiles/scripts/.local/share/nvim/lazy/neodev.nvim/lua
[08:43:19.594][info] [#0:script/workspace/loading.lua:100]: Preload file at: file:///home/mikep/.dotfiles/scripts/.local/share/nvim/lazy/neodev.nvim/lua/neodev/build/annotations.lua , size = 6.635 KB
[08:43:19.596][info] [#0:script/workspace/loading.lua:112]: ++++As library of:	file:///home/mikep/.dotfiles/scripts/.local/share/nvim/lazy/neodev.nvim/lua
[08:43:19.596][info] [#0:script/workspace/loading.lua:100]: Preload file at: file:///home/mikep/.dotfiles/scripts/.local/share/nvim/lazy/neodev.nvim/lua/neodev/build/docs.lua , size = 8.355 KB
[08:43:19.600][info] [#0:script/workspace/loading.lua:112]: ++++As library of:	file:///home/mikep/.dotfiles/scripts/.local/share/nvim/lazy/neodev.nvim/lua
[08:43:19.600][info] [#0:script/workspace/loading.lua:100]: Preload file at: file:///home/mikep/.dotfiles/scripts/.local/share/nvim/lazy/which-key.nvim/lua/which-key/migrate.lua , size = 1.882 KB
[08:43:19.601][info] [#0:script/workspace/loading.lua:112]: ++++As library of:	file:///home/mikep/.dotfiles/scripts/.local/share/nvim/lazy/which-key.nvim/lua
[08:43:19.601][info] [#0:script/workspace/loading.lua:100]: Preload file at: file:///home/mikep/.dotfiles/scripts/.local/share/nvim/lazy/which-key.nvim/lua/which-key/text.lua , size = 3.578 KB
[08:43:19.602][info] [#0:script/workspace/loading.lua:112]: ++++As library of:	file:///home/mikep/.dotfiles/scripts/.local/share/nvim/lazy/which-key.nvim/lua
[08:43:19.602][info] [#0:script/workspace/loading.lua:100]: Preload file at: file:///home/mikep/.dotfiles/scripts/.local/share/nvim/lazy/which-key.nvim/lua/which-key/layout.lua , size = 3.939 KB
[08:43:19.604][info] [#0:script/workspace/loading.lua:112]: ++++As library of:	file:///home/mikep/.dotfiles/scripts/.local/share/nvim/lazy/which-key.nvim/lua
[08:43:19.605][info] [#0:script/workspace/loading.lua:100]: Preload file at: file:///home/mikep/.dotfiles/scripts/.local/share/nvim/lazy/which-key.nvim/lua/which-key/presets.lua , size = 0.677 KB
[08:43:19.606][info] [#0:script/workspace/loading.lua:112]: ++++As library of:	file:///home/mikep/.dotfiles/scripts/.local/share/nvim/lazy/which-key.nvim/lua
[08:43:19.606][info] [#0:script/workspace/loading.lua:100]: Preload file at: file:///home/mikep/.dotfiles/scripts/.local/share/nvim/lazy/which-key.nvim/lua/which-key/tree.lua , size = 2.482 KB
[08:43:19.607][info] [#0:script/workspace/loading.lua:112]: ++++As library of:	file:///home/mikep/.dotfiles/scripts/.local/share/nvim/lazy/which-key.nvim/lua
[08:43:19.607][info] [#0:script/workspace/loading.lua:100]: Preload file at: file:///home/mikep/.dotfiles/scripts/.local/share/nvim/lazy/which-key.nvim/lua/which-key/types.lua , size = 3.090 KB
[08:43:19.608][info] [#0:script/workspace/loading.lua:112]: ++++As library of:	file:///home/mikep/.dotfiles/scripts/.local/share/nvim/lazy/which-key.nvim/lua
[08:43:19.608][info] [#0:script/workspace/loading.lua:100]: Preload file at: file:///home/mikep/.dotfiles/scripts/.local/share/nvim/lazy/which-key.nvim/lua/which-key/view.lua , size = 13.391 KB
[08:43:19.613][info] [#0:script/workspace/loading.lua:112]: ++++As library of:	file:///home/mikep/.dotfiles/scripts/.local/share/nvim/lazy/which-key.nvim/lua
[08:43:19.613][info] [#0:script/workspace/loading.lua:100]: Preload file at: file:///home/mikep/.dotfiles/scripts/.local/share/nvim/lazy/which-key.nvim/lua/which-key/win.lua , size = 2.816 KB
[08:43:19.615][info] [#0:script/workspace/loading.lua:112]: ++++As library of:	file:///home/mikep/.dotfiles/scripts/.local/share/nvim/lazy/which-key.nvim/lua
[08:43:19.615][info] [#0:script/workspace/loading.lua:100]: Preload file at: file:///home/mikep/.dotfiles/scripts/.local/share/nvim/lazy/which-key.nvim/lua/which-key/mappings.lua , size = 8.372 KB
[08:43:19.618][info] [#0:script/workspace/loading.lua:112]: ++++As library of:	file:///home/mikep/.dotfiles/scripts/.local/share/nvim/lazy/which-key.nvim/lua
[08:43:19.618][info] [#0:script/workspace/loading.lua:100]: Preload file at: file:///home/mikep/.dotfiles/scripts/.local/share/nvim/lazy/which-key.nvim/lua/which-key/icons.lua , size = 6.465 KB
[08:43:19.620][info] [#0:script/workspace/loading.lua:112]: ++++As library of:	file:///home/mikep/.dotfiles/scripts/.local/share/nvim/lazy/which-key.nvim/lua
[08:43:19.621][info] [#0:script/workspace/loading.lua:88]: Skip loaded file: file:///home/mikep/.dotfiles/scripts/.local/share/nvim/mason/packages/lua-language-server/libexec/meta/LuaJIT%20en-us%20utf8/string.lua
[08:43:19.621][info] [#0:script/workspace/loading.lua:112]: ++++As library of:	file:///home/mikep/.dotfiles/scripts/.local/share/nvim/mason/packages/lua-language-server/libexec/meta/LuaJIT%20en-us%20utf8/string.lua
[08:43:19.622][info] [#0:script/workspace/loading.lua:100]: Preload file at: file:///home/mikep/.dotfiles/scripts/.local/share/nvim/lazy/which-key.nvim/lua/which-key/plugins/presets.lua , size = 6.355 KB
[08:43:19.623][info] [#0:script/workspace/loading.lua:112]: ++++As library of:	file:///home/mikep/.dotfiles/scripts/.local/share/nvim/lazy/which-key.nvim/lua
[08:43:19.623][info] [#0:script/workspace/loading.lua:100]: Preload file at: file:///home/mikep/.dotfiles/scripts/.local/share/nvim/lazy/which-key.nvim/lua/which-key/util.lua , size = 7.442 KB
[08:43:19.626][info] [#0:script/workspace/loading.lua:112]: ++++As library of:	file:///home/mikep/.dotfiles/scripts/.local/share/nvim/lazy/which-key.nvim/lua
[08:43:19.626][info] [#0:script/workspace/loading.lua:100]: Preload file at: file:///home/mikep/.dotfiles/scripts/.local/share/nvim/lazy/which-key.nvim/lua/which-key/plugins/spelling.lua , size = 1.216 KB
[08:43:19.627][info] [#0:script/workspace/loading.lua:112]: ++++As library of:	file:///home/mikep/.dotfiles/scripts/.local/share/nvim/lazy/which-key.nvim/lua
[08:43:19.627][info] [#0:script/workspace/loading.lua:100]: Preload file at: file:///home/mikep/.dotfiles/scripts/.local/share/nvim/lazy/which-key.nvim/lua/which-key/plugins/init.lua , size = 1.079 KB
[08:43:19.628][info] [#0:script/workspace/loading.lua:112]: ++++As library of:	file:///home/mikep/.dotfiles/scripts/.local/share/nvim/lazy/which-key.nvim/lua
[08:43:19.628][info] [#0:script/workspace/loading.lua:100]: Preload file at: file:///home/mikep/.dotfiles/scripts/.local/share/nvim/lazy/which-key.nvim/lua/which-key/plugins/marks.lua , size = 1.717 KB
[08:43:19.628][info] [#0:script/workspace/loading.lua:112]: ++++As library of:	file:///home/mikep/.dotfiles/scripts/.local/share/nvim/lazy/which-key.nvim/lua
[08:43:19.628][info] [#0:script/workspace/loading.lua:100]: Preload file at: file:///home/mikep/.dotfiles/scripts/.local/share/nvim/lazy/which-key.nvim/lua/which-key/init.lua , size = 1.225 KB
[08:43:19.629][info] [#0:script/workspace/loading.lua:112]: ++++As library of:	file:///home/mikep/.dotfiles/scripts/.local/share/nvim/lazy/which-key.nvim/lua
[08:43:19.629][info] [#0:script/workspace/loading.lua:100]: Preload file at: file:///home/mikep/.dotfiles/scripts/.local/share/nvim/lazy/which-key.nvim/lua/which-key/plugins/registers.lua , size = 1.851 KB
[08:43:19.630][info] [#0:script/workspace/loading.lua:112]: ++++As library of:	file:///home/mikep/.dotfiles/scripts/.local/share/nvim/lazy/which-key.nvim/lua
[08:43:19.630][info] [#0:script/workspace/loading.lua:100]: Preload file at: file:///home/mikep/.dotfiles/scripts/.local/share/nvim/lazy/which-key.nvim/lua/which-key/node.lua , size = 4.538 KB
[08:43:19.632][info] [#0:script/workspace/loading.lua:112]: ++++As library of:	file:///home/mikep/.dotfiles/scripts/.local/share/nvim/lazy/which-key.nvim/lua
[08:43:19.632][info] [#0:script/workspace/loading.lua:100]: Preload file at: file:///home/mikep/.dotfiles/scripts/.local/share/nvim/lazy/which-key.nvim/lua/which-key/colors.lua , size = 1.627 KB
[08:43:19.632][info] [#0:script/workspace/loading.lua:112]: ++++As library of:	file:///home/mikep/.dotfiles/scripts/.local/share/nvim/lazy/which-key.nvim/lua
[08:43:19.632][info] [#0:script/workspace/loading.lua:100]: Preload file at: file:///home/mikep/.dotfiles/scripts/.local/share/nvim/lazy/which-key.nvim/lua/which-key/triggers.lua , size = 3.866 KB
[08:43:19.634][info] [#0:script/workspace/loading.lua:112]: ++++As library of:	file:///home/mikep/.dotfiles/scripts/.local/share/nvim/lazy/which-key.nvim/lua
[08:43:19.634][info] [#0:script/workspace/loading.lua:100]: Preload file at: file:///home/mikep/.dotfiles/scripts/.local/share/nvim/lazy/which-key.nvim/lua/which-key/config.lua , size = 10.248 KB
[08:43:19.637][info] [#0:script/workspace/loading.lua:112]: ++++As library of:	file:///home/mikep/.dotfiles/scripts/.local/share/nvim/lazy/which-key.nvim/lua
[08:43:19.637][info] [#0:script/workspace/loading.lua:100]: Preload file at: file:///home/mikep/.dotfiles/scripts/.local/share/nvim/lazy/which-key.nvim/lua/which-key/state.lua , size = 9.717 KB
[08:43:19.640][info] [#0:script/workspace/loading.lua:112]: ++++As library of:	file:///home/mikep/.dotfiles/scripts/.local/share/nvim/lazy/which-key.nvim/lua
[08:43:19.640][info] [#0:script/workspace/loading.lua:100]: Preload file at: file:///home/mikep/.dotfiles/scripts/.local/share/nvim/lazy/which-key.nvim/lua/which-key/buf.lua , size = 5.404 KB
[08:43:19.643][info] [#0:script/workspace/loading.lua:112]: ++++As library of:	file:///home/mikep/.dotfiles/scripts/.local/share/nvim/lazy/which-key.nvim/lua
[08:43:19.643][info] [#0:script/workspace/loading.lua:100]: Preload file at: file:///home/mikep/.dotfiles/scripts/.local/share/nvim/lazy/which-key.nvim/lua/which-key/docs.lua , size = 0.424 KB
[08:43:19.643][info] [#0:script/workspace/loading.lua:112]: ++++As library of:	file:///home/mikep/.dotfiles/scripts/.local/share/nvim/lazy/which-key.nvim/lua
[08:43:19.643][info] [#0:script/workspace/loading.lua:100]: Preload file at: file:///home/mikep/.dotfiles/scripts/.local/share/nvim/lazy/which-key.nvim/lua/which-key/extras.lua , size = 1.563 KB
[08:43:19.644][info] [#0:script/workspace/loading.lua:112]: ++++As library of:	file:///home/mikep/.dotfiles/scripts/.local/share/nvim/lazy/which-key.nvim/lua
[08:43:19.644][info] [#0:script/workspace/loading.lua:100]: Preload file at: file:///home/mikep/.dotfiles/scripts/.local/share/nvim/lazy/which-key.nvim/lua/which-key/health.lua , size = 5.291 KB
[08:43:19.645][info] [#0:script/workspace/loading.lua:112]: ++++As library of:	file:///home/mikep/.dotfiles/scripts/.local/share/nvim/lazy/which-key.nvim/lua
[08:43:19.647][info] [#0:script/workspace/loading.lua:100]: Preload file at: file:///home/mikep/.dotfiles/scripts/.local/share/nvim/lazy/telescope-fzf-native.nvim/lua/fzf_lib.lua , size = 2.060 KB
[08:43:19.647][info] [#0:script/workspace/loading.lua:112]: ++++As library of:	file:///home/mikep/.dotfiles/scripts/.local/share/nvim/lazy/telescope-fzf-native.nvim/lua
[08:43:19.647][info] [#0:script/workspace/loading.lua:100]: Preload file at: file:///home/mikep/.dotfiles/scripts/.local/share/nvim/lazy/telescope-fzf-native.nvim/lua/telescope/_extensions/fzf.lua , size = 5.509 KB
[08:43:19.649][info] [#0:script/workspace/loading.lua:112]: ++++As library of:	file:///home/mikep/.dotfiles/scripts/.local/share/nvim/lazy/telescope-fzf-native.nvim/lua
[08:43:19.649][info] [#0:script/workspace/loading.lua:100]: Preload file at: file:///home/mikep/.dotfiles/scripts/.local/share/nvim/lazy/lazy.nvim/lua/lazy/status.lua , size = 0.353 KB
[08:43:19.649][info] [#0:script/workspace/loading.lua:112]: ++++As library of:	file:///home/mikep/.dotfiles/scripts/.local/share/nvim/lazy/lazy.nvim/lua
[08:43:19.649][info] [#0:script/workspace/loading.lua:100]: Preload file at: file:///home/mikep/.dotfiles/scripts/.local/share/nvim/lazy/lazy.nvim/lua/lazy/minit.lua , size = 4.986 KB
[08:43:19.651][info] [#0:script/workspace/loading.lua:112]: ++++As library of:	file:///home/mikep/.dotfiles/scripts/.local/share/nvim/lazy/lazy.nvim/lua
[08:43:19.651][info] [#0:script/workspace/loading.lua:100]: Preload file at: file:///home/mikep/.dotfiles/scripts/.local/share/nvim/lazy/lazy.nvim/lua/lazy/help.lua , size = 2.216 KB
[08:43:19.652][info] [#0:script/workspace/loading.lua:112]: ++++As library of:	file:///home/mikep/.dotfiles/scripts/.local/share/nvim/lazy/lazy.nvim/lua
[08:43:19.652][info] [#0:script/workspace/loading.lua:100]: Preload file at: file:///home/mikep/.dotfiles/scripts/.local/share/nvim/lazy/lazy.nvim/lua/lazy/types.lua , size = 3.558 KB
[08:43:19.653][info] [#0:script/workspace/loading.lua:112]: ++++As library of:	file:///home/mikep/.dotfiles/scripts/.local/share/nvim/lazy/lazy.nvim/lua
[08:43:19.653][info] [#0:script/workspace/loading.lua:100]: Preload file at: file:///home/mikep/.dotfiles/scripts/.local/share/nvim/lazy/lazy.nvim/lua/lazy/example.lua , size = 2.644 KB
[08:43:19.654][info] [#0:script/workspace/loading.lua:112]: ++++As library of:	file:///home/mikep/.dotfiles/scripts/.local/share/nvim/lazy/lazy.nvim/lua
[08:43:19.654][info] [#0:script/workspace/loading.lua:100]: Preload file at: file:///home/mikep/.dotfiles/scripts/.local/share/nvim/lazy/lazy.nvim/lua/lazy/util.lua , size = 6.888 KB
[08:43:19.657][info] [#0:script/workspace/loading.lua:112]: ++++As library of:	file:///home/mikep/.dotfiles/scripts/.local/share/nvim/lazy/lazy.nvim/lua
[08:43:19.657][info] [#0:script/workspace/loading.lua:100]: Preload file at: file:///home/mikep/.dotfiles/scripts/.local/share/nvim/lazy/lazy.nvim/lua/lazy/init.lua , size = 3.749 KB
[08:43:19.658][info] [#0:script/workspace/loading.lua:112]: ++++As library of:	file:///home/mikep/.dotfiles/scripts/.local/share/nvim/lazy/lazy.nvim/lua
[08:43:19.658][info] [#0:script/workspace/loading.lua:100]: Preload file at: file:///home/mikep/.dotfiles/scripts/.local/share/nvim/lazy/lazy.nvim/lua/lazy/core/meta.lua , size = 9.192 KB
[08:43:19.662][info] [#0:script/workspace/loading.lua:112]: ++++As library of:	file:///home/mikep/.dotfiles/scripts/.local/share/nvim/lazy/lazy.nvim/lua
[08:43:19.662][info] [#0:script/workspace/loading.lua:100]: Preload file at: file:///home/mikep/.dotfiles/scripts/.local/share/nvim/lazy/lazy.nvim/lua/lazy/core/cache.lua , size = 16.584 KB
[08:43:19.667][info] [#0:script/workspace/loading.lua:112]: ++++As library of:	file:///home/mikep/.dotfiles/scripts/.local/share/nvim/lazy/lazy.nvim/lua
[08:43:19.667][info] [#0:script/workspace/loading.lua:100]: Preload file at: file:///home/mikep/.dotfiles/scripts/.local/share/nvim/lazy/lazy.nvim/lua/lazy/core/loader.lua , size = 14.894 KB
[08:43:19.672][info] [#0:script/workspace/loading.lua:112]: ++++As library of:	file:///home/mikep/.dotfiles/scripts/.local/share/nvim/lazy/lazy.nvim/lua
[08:43:19.672][info] [#0:script/workspace/loading.lua:100]: Preload file at: file:///home/mikep/.dotfiles/scripts/.local/share/nvim/lazy/lazy.nvim/lua/lazy/core/util.lua , size = 12.315 KB
[08:43:19.677][info] [#0:script/workspace/loading.lua:112]: ++++As library of:	file:///home/mikep/.dotfiles/scripts/.local/share/nvim/lazy/lazy.nvim/lua
[08:43:19.677][info] [#0:script/workspace/loading.lua:100]: Preload file at: file:///home/mikep/.dotfiles/scripts/.local/share/nvim/lazy/lazy.nvim/lua/lazy/core/fragments.lua , size = 4.215 KB
[08:43:19.679][info] [#0:script/workspace/loading.lua:112]: ++++As library of:	file:///home/mikep/.dotfiles/scripts/.local/share/nvim/lazy/lazy.nvim/lua
[08:43:19.679][info] [#0:script/workspace/loading.lua:100]: Preload file at: file:///home/mikep/.dotfiles/scripts/.local/share/nvim/lazy/lazy.nvim/lua/lazy/core/handler/cmd.lua , size = 1.638 KB
[08:43:19.680][info] [#0:script/workspace/loading.lua:112]: ++++As library of:	file:///home/mikep/.dotfiles/scripts/.local/share/nvim/lazy/lazy.nvim/lua
[08:43:19.680][info] [#0:script/workspace/loading.lua:100]: Preload file at: file:///home/mikep/.dotfiles/scripts/.local/share/nvim/lazy/lazy.nvim/lua/lazy/core/handler/keys.lua , size = 5.294 KB
[08:43:19.682][info] [#0:script/workspace/loading.lua:112]: ++++As library of:	file:///home/mikep/.dotfiles/scripts/.local/share/nvim/lazy/lazy.nvim/lua
[08:43:19.682][info] [#0:script/workspace/loading.lua:100]: Preload file at: file:///home/mikep/.dotfiles/scripts/.local/share/nvim/lazy/lazy.nvim/lua/lazy/core/handler/init.lua , size = 3.170 KB
[08:43:19.684][info] [#0:script/workspace/loading.lua:112]: ++++As library of:	file:///home/mikep/.dotfiles/scripts/.local/share/nvim/lazy/lazy.nvim/lua
[08:43:19.684][info] [#0:script/workspace/loading.lua:100]: Preload file at: file:///home/mikep/.dotfiles/scripts/.local/share/nvim/lazy/lazy.nvim/lua/lazy/core/handler/ft.lua , size = 0.442 KB
[08:43:19.684][info] [#0:script/workspace/loading.lua:112]: ++++As library of:	file:///home/mikep/.dotfiles/scripts/.local/share/nvim/lazy/lazy.nvim/lua
[08:43:19.685][info] [#0:script/workspace/loading.lua:100]: Preload file at: file:///home/mikep/.dotfiles/scripts/.local/share/nvim/lazy/lazy.nvim/lua/lazy/core/handler/event.lua , size = 4.956 KB
[08:43:19.687][info] [#0:script/workspace/loading.lua:112]: ++++As library of:	file:///home/mikep/.dotfiles/scripts/.local/share/nvim/lazy/lazy.nvim/lua
[08:43:19.687][info] [#0:script/workspace/loading.lua:100]: Preload file at: file:///home/mikep/.dotfiles/scripts/.local/share/nvim/lazy/lazy.nvim/lua/lazy/core/config.lua , size = 11.990 KB
[08:43:19.690][info] [#0:script/workspace/loading.lua:112]: ++++As library of:	file:///home/mikep/.dotfiles/scripts/.local/share/nvim/lazy/lazy.nvim/lua
[08:43:19.690][info] [#0:script/workspace/loading.lua:100]: Preload file at: file:///home/mikep/.dotfiles/scripts/.local/share/nvim/lazy/lazy.nvim/lua/lazy/manage/semver.lua , size = 4.455 KB
[08:43:19.692][info] [#0:script/workspace/loading.lua:112]: ++++As library of:	file:///home/mikep/.dotfiles/scripts/.local/share/nvim/lazy/lazy.nvim/lua
[08:43:19.692][info] [#0:script/workspace/loading.lua:100]: Preload file at: file:///home/mikep/.dotfiles/scripts/.local/share/nvim/lazy/lazy.nvim/lua/lazy/core/plugin.lua , size = 12.248 KB
[08:43:19.696][info] [#0:script/workspace/loading.lua:112]: ++++As library of:	file:///home/mikep/.dotfiles/scripts/.local/share/nvim/lazy/lazy.nvim/lua
[08:43:19.696][info] [#0:script/workspace/loading.lua:100]: Preload file at: file:///home/mikep/.dotfiles/scripts/.local/share/nvim/lazy/lazy.nvim/lua/lazy/manage/task/git.lua , size = 10.134 KB
[08:43:19.699][info] [#0:script/workspace/loading.lua:112]: ++++As library of:	file:///home/mikep/.dotfiles/scripts/.local/share/nvim/lazy/lazy.nvim/lua
[08:43:19.699][info] [#0:script/workspace/loading.lua:100]: Preload file at: file:///home/mikep/.dotfiles/scripts/.local/share/nvim/lazy/lazy.nvim/lua/lazy/manage/task/init.lua , size = 5.805 KB
[08:43:19.702][info] [#0:script/workspace/loading.lua:112]: ++++As library of:	file:///home/mikep/.dotfiles/scripts/.local/share/nvim/lazy/lazy.nvim/lua
[08:43:19.704][info] [#0:script/workspace/loading.lua:100]: Preload file at: file:///home/mikep/.dotfiles/scripts/.local/share/nvim/lazy/lazy.nvim/lua/lazy/manage/task/fs.lua , size = 1.002 KB
[08:43:19.704][info] [#0:script/workspace/loading.lua:112]: ++++As library of:	file:///home/mikep/.dotfiles/scripts/.local/share/nvim/lazy/lazy.nvim/lua
[08:43:19.704][info] [#0:script/workspace/loading.lua:100]: Preload file at: file:///home/mikep/.dotfiles/scripts/.local/share/nvim/lazy/lazy.nvim/lua/lazy/manage/task/plugin.lua , size = 2.479 KB
[08:43:19.706][info] [#0:script/workspace/loading.lua:112]: ++++As library of:	file:///home/mikep/.dotfiles/scripts/.local/share/nvim/lazy/lazy.nvim/lua
[08:43:19.706][info] [#0:script/workspace/loading.lua:100]: Preload file at: file:///home/mikep/.dotfiles/scripts/.local/share/nvim/lazy/lazy.nvim/lua/lazy/manage/lock.lua , size = 1.668 KB
[08:43:19.706][info] [#0:script/workspace/loading.lua:112]: ++++As library of:	file:///home/mikep/.dotfiles/scripts/.local/share/nvim/lazy/lazy.nvim/lua
[08:43:19.706][info] [#0:script/workspace/loading.lua:100]: Preload file at: file:///home/mikep/.dotfiles/scripts/.local/share/nvim/lazy/lazy.nvim/lua/lazy/manage/reloader.lua , size = 2.817 KB
[08:43:19.708][info] [#0:script/workspace/loading.lua:112]: ++++As library of:	file:///home/mikep/.dotfiles/scripts/.local/share/nvim/lazy/lazy.nvim/lua
[08:43:19.708][info] [#0:script/workspace/loading.lua:100]: Preload file at: file:///home/mikep/.dotfiles/scripts/.local/share/nvim/lazy/lazy.nvim/lua/lazy/manage/git.lua , size = 6.279 KB
[08:43:19.710][info] [#0:script/workspace/loading.lua:112]: ++++As library of:	file:///home/mikep/.dotfiles/scripts/.local/share/nvim/lazy/lazy.nvim/lua
[08:43:19.710][info] [#0:script/workspace/loading.lua:100]: Preload file at: file:///home/mikep/.dotfiles/scripts/.local/share/nvim/lazy/lazy.nvim/lua/lazy/manage/init.lua , size = 5.873 KB
[08:43:19.713][info] [#0:script/workspace/loading.lua:112]: ++++As library of:	file:///home/mikep/.dotfiles/scripts/.local/share/nvim/lazy/lazy.nvim/lua
[08:43:19.713][info] [#0:script/workspace/loading.lua:100]: Preload file at: file:///home/mikep/.dotfiles/scripts/.local/share/nvim/lazy/lazy.nvim/lua/lazy/manage/checker.lua , size = 2.479 KB
[08:43:19.714][info] [#0:script/workspace/loading.lua:112]: ++++As library of:	file:///home/mikep/.dotfiles/scripts/.local/share/nvim/lazy/lazy.nvim/lua
[08:43:19.714][info] [#0:script/workspace/loading.lua:100]: Preload file at: file:///home/mikep/.dotfiles/scripts/.local/share/nvim/lazy/lazy.nvim/lua/lazy/manage/process.lua , size = 5.447 KB
[08:43:19.716][info] [#0:script/workspace/loading.lua:112]: ++++As library of:	file:///home/mikep/.dotfiles/scripts/.local/share/nvim/lazy/lazy.nvim/lua
[08:43:19.716][info] [#0:script/workspace/loading.lua:100]: Preload file at: file:///home/mikep/.dotfiles/scripts/.local/share/nvim/lazy/lazy.nvim/lua/lazy/manage/runner.lua , size = 4.847 KB
[08:43:19.718][info] [#0:script/workspace/loading.lua:112]: ++++As library of:	file:///home/mikep/.dotfiles/scripts/.local/share/nvim/lazy/lazy.nvim/lua
[08:43:19.718][info] [#0:script/workspace/loading.lua:100]: Preload file at: file:///home/mikep/.dotfiles/scripts/.local/share/nvim/lazy/lazy.nvim/lua/lazy/pkg/init.lua , size = 3.028 KB
[08:43:19.720][info] [#0:script/workspace/loading.lua:112]: ++++As library of:	file:///home/mikep/.dotfiles/scripts/.local/share/nvim/lazy/lazy.nvim/lua
[08:43:19.720][info] [#0:script/workspace/loading.lua:100]: Preload file at: file:///home/mikep/.dotfiles/scripts/.local/share/nvim/lazy/lazy.nvim/lua/lazy/pkg/lazy.lua , size = 0.720 KB
[08:43:19.720][info] [#0:script/workspace/loading.lua:112]: ++++As library of:	file:///home/mikep/.dotfiles/scripts/.local/share/nvim/lazy/lazy.nvim/lua
[08:43:19.720][info] [#0:script/workspace/loading.lua:100]: Preload file at: file:///home/mikep/.dotfiles/scripts/.local/share/nvim/lazy/lazy.nvim/lua/lazy/pkg/rockspec.lua , size = 7.975 KB
[08:43:19.723][info] [#0:script/workspace/loading.lua:112]: ++++As library of:	file:///home/mikep/.dotfiles/scripts/.local/share/nvim/lazy/lazy.nvim/lua
[08:43:19.723][info] [#0:script/workspace/loading.lua:100]: Preload file at: file:///home/mikep/.dotfiles/scripts/.local/share/nvim/lazy/lazy.nvim/lua/lazy/pkg/packspec.lua , size = 1.137 KB
[08:43:19.723][info] [#0:script/workspace/loading.lua:112]: ++++As library of:	file:///home/mikep/.dotfiles/scripts/.local/share/nvim/lazy/lazy.nvim/lua
[08:43:19.723][info] [#0:script/workspace/loading.lua:100]: Preload file at: file:///home/mikep/.dotfiles/scripts/.local/share/nvim/lazy/lazy.nvim/lua/lazy/stats.lua , size = 2.153 KB
[08:43:19.724][info] [#0:script/workspace/loading.lua:112]: ++++As library of:	file:///home/mikep/.dotfiles/scripts/.local/share/nvim/lazy/lazy.nvim/lua
[08:43:19.724][info] [#0:script/workspace/loading.lua:100]: Preload file at: file:///home/mikep/.dotfiles/scripts/.local/share/nvim/lazy/lazy.nvim/lua/lazy/state.lua , size = 0.859 KB
[08:43:19.725][info] [#0:script/workspace/loading.lua:112]: ++++As library of:	file:///home/mikep/.dotfiles/scripts/.local/share/nvim/lazy/lazy.nvim/lua
[08:43:19.726][info] [#0:script/workspace/loading.lua:100]: Preload file at: file:///home/mikep/.dotfiles/scripts/.local/share/nvim/lazy/lazy.nvim/lua/lazy/community/specs.lua , size = 0.115 KB
[08:43:19.726][info] [#0:script/workspace/loading.lua:112]: ++++As library of:	file:///home/mikep/.dotfiles/scripts/.local/share/nvim/lazy/lazy.nvim/lua
[08:43:19.726][info] [#0:script/workspace/loading.lua:88]: Skip loaded file: file:///home/mikep/.dotfiles/scripts/.local/share/nvim/mason/packages/lua-language-server/libexec/meta/LuaJIT%20en-us%20utf8/io.lua
[08:43:19.726][info] [#0:script/workspace/loading.lua:112]: ++++As library of:	file:///home/mikep/.dotfiles/scripts/.local/share/nvim/mason/packages/lua-language-server/libexec/meta/LuaJIT%20en-us%20utf8/io.lua
[08:43:19.726][info] [#0:script/workspace/loading.lua:100]: Preload file at: file:///home/mikep/.dotfiles/scripts/.local/share/nvim/lazy/lazy.nvim/lua/lazy/community/init.lua , size = 0.511 KB
[08:43:19.727][info] [#0:script/workspace/loading.lua:112]: ++++As library of:	file:///home/mikep/.dotfiles/scripts/.local/share/nvim/lazy/lazy.nvim/lua
[08:43:19.727][info] [#0:script/workspace/loading.lua:100]: Preload file at: file:///home/mikep/.dotfiles/scripts/.local/share/nvim/lazy/lazy.nvim/lua/lazy/community/_generated.lua , size = 54.386 KB
[08:43:19.735][info] [#0:script/workspace/loading.lua:112]: ++++As library of:	file:///home/mikep/.dotfiles/scripts/.local/share/nvim/lazy/lazy.nvim/lua
[08:43:19.735][info] [#0:script/workspace/loading.lua:100]: Preload file at: file:///home/mikep/.dotfiles/scripts/.local/share/nvim/lazy/lazy.nvim/lua/lazy/async.lua , size = 4.302 KB
[08:43:19.738][info] [#0:script/workspace/loading.lua:112]: ++++As library of:	file:///home/mikep/.dotfiles/scripts/.local/share/nvim/lazy/lazy.nvim/lua
[08:43:19.738][info] [#0:script/workspace/loading.lua:100]: Preload file at: file:///home/mikep/.dotfiles/scripts/.local/share/nvim/lazy/lazy.nvim/lua/lazy/docs.lua , size = 4.638 KB
[08:43:19.740][info] [#0:script/workspace/loading.lua:112]: ++++As library of:	file:///home/mikep/.dotfiles/scripts/.local/share/nvim/lazy/lazy.nvim/lua
[08:43:19.740][info] [#0:script/workspace/loading.lua:100]: Preload file at: file:///home/mikep/.dotfiles/scripts/.local/share/nvim/lazy/lazy.nvim/lua/lazy/terminal.lua , size = 2.394 KB
[08:43:19.741][info] [#0:script/workspace/loading.lua:112]: ++++As library of:	file:///home/mikep/.dotfiles/scripts/.local/share/nvim/lazy/lazy.nvim/lua
[08:43:19.741][info] [#0:script/workspace/loading.lua:100]: Preload file at: file:///home/mikep/.dotfiles/scripts/.local/share/nvim/lazy/lazy.nvim/lua/lazy/view/commands.lua , size = 3.889 KB
[08:43:19.743][info] [#0:script/workspace/loading.lua:112]: ++++As library of:	file:///home/mikep/.dotfiles/scripts/.local/share/nvim/lazy/lazy.nvim/lua
[08:43:19.743][info] [#0:script/workspace/loading.lua:100]: Preload file at: file:///home/mikep/.dotfiles/scripts/.local/share/nvim/lazy/lazy.nvim/lua/lazy/view/text.lua , size = 3.813 KB
[08:43:19.745][info] [#0:script/workspace/loading.lua:112]: ++++As library of:	file:///home/mikep/.dotfiles/scripts/.local/share/nvim/lazy/lazy.nvim/lua
[08:43:19.745][info] [#0:script/workspace/loading.lua:100]: Preload file at: file:///home/mikep/.dotfiles/scripts/.local/share/nvim/lazy/lazy.nvim/lua/lazy/view/sections.lua , size = 2.430 KB
[08:43:19.746][info] [#0:script/workspace/loading.lua:112]: ++++As library of:	file:///home/mikep/.dotfiles/scripts/.local/share/nvim/lazy/lazy.nvim/lua
[08:43:19.746][info] [#0:script/workspace/loading.lua:100]: Preload file at: file:///home/mikep/.dotfiles/scripts/.local/share/nvim/lazy/lazy.nvim/lua/lazy/view/init.lua , size = 9.394 KB
[08:43:19.750][info] [#0:script/workspace/loading.lua:112]: ++++As library of:	file:///home/mikep/.dotfiles/scripts/.local/share/nvim/lazy/lazy.nvim/lua
[08:43:19.751][info] [#0:script/workspace/loading.lua:100]: Preload file at: file:///home/mikep/.dotfiles/scripts/.local/share/nvim/lazy/lazy.nvim/lua/lazy/view/float.lua , size = 9.536 KB
[08:43:19.755][info] [#0:script/workspace/loading.lua:112]: ++++As library of:	file:///home/mikep/.dotfiles/scripts/.local/share/nvim/lazy/lazy.nvim/lua
[08:43:19.755][info] [#0:script/workspace/loading.lua:100]: Preload file at: file:///home/mikep/.dotfiles/scripts/.local/share/nvim/lazy/lazy.nvim/lua/lazy/view/colors.lua , size = 1.820 KB
[08:43:19.756][info] [#0:script/workspace/loading.lua:112]: ++++As library of:	file:///home/mikep/.dotfiles/scripts/.local/share/nvim/lazy/lazy.nvim/lua
[08:43:19.756][info] [#0:script/workspace/loading.lua:100]: Preload file at: file:///home/mikep/.dotfiles/scripts/.local/share/nvim/lazy/lazy.nvim/lua/lazy/view/config.lua , size = 3.507 KB
[08:43:19.757][info] [#0:script/workspace/loading.lua:112]: ++++As library of:	file:///home/mikep/.dotfiles/scripts/.local/share/nvim/lazy/lazy.nvim/lua
[08:43:19.757][info] [#0:script/workspace/loading.lua:100]: Preload file at: file:///home/mikep/.dotfiles/scripts/.local/share/nvim/lazy/lazy.nvim/lua/lazy/view/diff.lua , size = 1.585 KB
[08:43:19.758][info] [#0:script/workspace/loading.lua:112]: ++++As library of:	file:///home/mikep/.dotfiles/scripts/.local/share/nvim/lazy/lazy.nvim/lua
[08:43:19.758][info] [#0:script/workspace/loading.lua:100]: Preload file at: file:///home/mikep/.dotfiles/scripts/.local/share/nvim/lazy/lazy.nvim/lua/lazy/build.lua , size = 3.018 KB
[08:43:19.759][info] [#0:script/workspace/loading.lua:112]: ++++As library of:	file:///home/mikep/.dotfiles/scripts/.local/share/nvim/lazy/lazy.nvim/lua
[08:43:19.759][info] [#0:script/workspace/loading.lua:100]: Preload file at: file:///home/mikep/.dotfiles/scripts/.local/share/nvim/lazy/lazy.nvim/lua/lazy/view/render.lua , size = 23.067 KB
[08:43:19.769][info] [#0:script/workspace/loading.lua:112]: ++++As library of:	file:///home/mikep/.dotfiles/scripts/.local/share/nvim/lazy/lazy.nvim/lua
[08:43:19.769][info] [#0:script/workspace/loading.lua:100]: Preload file at: file:///home/mikep/.dotfiles/scripts/.local/share/nvim/lazy/lazy.nvim/lua/lazy/health.lua , size = 5.792 KB
[08:43:19.771][info] [#0:script/workspace/loading.lua:112]: ++++As library of:	file:///home/mikep/.dotfiles/scripts/.local/share/nvim/lazy/lazy.nvim/lua
[08:43:19.771][info] [#0:script/workspace/loading.lua:88]: Skip loaded file: file:///home/mikep/.dotfiles/scripts/.local/share/nvim/mason/packages/lua-language-server/libexec/meta/LuaJIT%20en-us%20utf8/bit.lua
[08:43:19.771][info] [#0:script/workspace/loading.lua:112]: ++++As library of:	file:///home/mikep/.dotfiles/scripts/.local/share/nvim/mason/packages/lua-language-server/libexec/meta/LuaJIT%20en-us%20utf8/bit.lua
[08:43:19.773][info] [#0:script/workspace/loading.lua:100]: Preload file at: file:///home/mikep/.dotfiles/scripts/.local/share/nvim/lazy/Comment.nvim/lua/Comment/init.lua , size = 5.265 KB
[08:43:19.775][info] [#0:script/workspace/loading.lua:112]: ++++As library of:	file:///home/mikep/.dotfiles/scripts/.local/share/nvim/lazy/Comment.nvim/lua
[08:43:19.775][info] [#0:script/workspace/loading.lua:100]: Preload file at: file:///home/mikep/.dotfiles/scripts/.local/share/nvim/lazy/Comment.nvim/lua/Comment/api.lua , size = 8.211 KB
[08:43:19.777][info] [#0:script/workspace/loading.lua:112]: ++++As library of:	file:///home/mikep/.dotfiles/scripts/.local/share/nvim/lazy/Comment.nvim/lua
[08:43:19.777][info] [#0:script/workspace/loading.lua:100]: Preload file at: file:///home/mikep/.dotfiles/scripts/.local/share/nvim/lazy/Comment.nvim/lua/Comment/extra.lua , size = 3.461 KB
[08:43:19.778][info] [#0:script/workspace/loading.lua:112]: ++++As library of:	file:///home/mikep/.dotfiles/scripts/.local/share/nvim/lazy/Comment.nvim/lua
[08:43:19.778][info] [#0:script/workspace/loading.lua:100]: Preload file at: file:///home/mikep/.dotfiles/scripts/.local/share/nvim/lazy/Comment.nvim/lua/Comment/ft.lua , size = 10.000 KB
[08:43:19.782][info] [#0:script/workspace/loading.lua:112]: ++++As library of:	file:///home/mikep/.dotfiles/scripts/.local/share/nvim/lazy/Comment.nvim/lua
[08:43:19.782][info] [#0:script/workspace/loading.lua:100]: Preload file at: file:///home/mikep/.dotfiles/scripts/.local/share/nvim/lazy/Comment.nvim/lua/Comment/config.lua , size = 3.751 KB
[08:43:19.783][info] [#0:script/workspace/loading.lua:112]: ++++As library of:	file:///home/mikep/.dotfiles/scripts/.local/share/nvim/lazy/Comment.nvim/lua
[08:43:19.783][info] [#0:script/workspace/loading.lua:100]: Preload file at: file:///home/mikep/.dotfiles/scripts/.local/share/nvim/lazy/Comment.nvim/lua/Comment/utils.lua , size = 12.661 KB
[08:43:19.787][info] [#0:script/workspace/loading.lua:112]: ++++As library of:	file:///home/mikep/.dotfiles/scripts/.local/share/nvim/lazy/Comment.nvim/lua
[08:43:19.787][info] [#0:script/workspace/loading.lua:100]: Preload file at: file:///home/mikep/.dotfiles/scripts/.local/share/nvim/lazy/Comment.nvim/lua/Comment/opfunc.lua , size = 7.390 KB
[08:43:19.789][info] [#0:script/workspace/loading.lua:112]: ++++As library of:	file:///home/mikep/.dotfiles/scripts/.local/share/nvim/lazy/Comment.nvim/lua
[08:43:19.789][info] [#0:script/workspace/loading.lua:100]: Preload file at: file:///home/mikep/.dotfiles/scripts/.local/share/nvim/lazy/nvim-treesitter/lua/nvim-treesitter.lua , size = 0.604 KB
[08:43:19.790][info] [#0:script/workspace/loading.lua:112]: ++++As library of:	file:///home/mikep/.dotfiles/scripts/.local/share/nvim/lazy/nvim-treesitter/lua
[08:43:19.790][info] [#0:script/workspace/loading.lua:100]: Preload file at: file:///home/mikep/.dotfiles/scripts/.local/share/nvim/lazy/nvim-treesitter/lua/nvim-treesitter/fold.lua , size = 3.760 KB
[08:43:19.791][info] [#0:script/workspace/loading.lua:112]: ++++As library of:	file:///home/mikep/.dotfiles/scripts/.local/share/nvim/lazy/nvim-treesitter/lua
[08:43:19.791][info] [#0:script/workspace/loading.lua:100]: Preload file at: file:///home/mikep/.dotfiles/scripts/.local/share/nvim/lazy/nvim-treesitter/lua/nvim-treesitter/query.lua , size = 12.747 KB
[08:43:19.795][info] [#0:script/workspace/loading.lua:112]: ++++As library of:	file:///home/mikep/.dotfiles/scripts/.local/share/nvim/lazy/nvim-treesitter/lua
[08:43:19.795][info] [#0:script/workspace/loading.lua:100]: Preload file at: file:///home/mikep/.dotfiles/scripts/.local/share/nvim/lazy/nvim-treesitter/lua/nvim-treesitter/query_predicates.lua , size = 6.259 KB
[08:43:19.798][info] [#0:script/workspace/loading.lua:112]: ++++As library of:	file:///home/mikep/.dotfiles/scripts/.local/share/nvim/lazy/nvim-treesitter/lua
[08:43:19.798][info] [#0:script/workspace/loading.lua:100]: Preload file at: file:///home/mikep/.dotfiles/scripts/.local/share/nvim/lazy/nvim-treesitter/lua/nvim-treesitter/highlight.lua , size = 1.210 KB
[08:43:19.799][info] [#0:script/workspace/loading.lua:112]: ++++As library of:	file:///home/mikep/.dotfiles/scripts/.local/share/nvim/lazy/nvim-treesitter/lua
[08:43:19.799][info] [#0:script/workspace/loading.lua:100]: Preload file at: file:///home/mikep/.dotfiles/scripts/.local/share/nvim/lazy/nvim-treesitter/lua/nvim-treesitter/install.lua , size = 22.624 KB
[08:43:19.805][info] [#0:script/workspace/loading.lua:112]: ++++As library of:	file:///home/mikep/.dotfiles/scripts/.local/share/nvim/lazy/nvim-treesitter/lua
[08:43:19.805][info] [#0:script/workspace/loading.lua:100]: Preload file at: file:///home/mikep/.dotfiles/scripts/.local/share/nvim/lazy/nvim-treesitter/lua/nvim-treesitter/info.lua , size = 5.092 KB
[08:43:19.807][info] [#0:script/workspace/loading.lua:112]: ++++As library of:	file:///home/mikep/.dotfiles/scripts/.local/share/nvim/lazy/nvim-treesitter/lua
[08:43:19.807][info] [#0:script/workspace/loading.lua:100]: Preload file at: file:///home/mikep/.dotfiles/scripts/.local/share/nvim/lazy/nvim-treesitter/lua/nvim-treesitter/incremental_selection.lua , size = 5.261 KB
[08:43:19.809][info] [#0:script/workspace/loading.lua:112]: ++++As library of:	file:///home/mikep/.dotfiles/scripts/.local/share/nvim/lazy/nvim-treesitter/lua
[08:43:19.810][info] [#0:script/workspace/loading.lua:100]: Preload file at: file:///home/mikep/.dotfiles/scripts/.local/share/nvim/lazy/nvim-treesitter/lua/nvim-treesitter/parsers.lua , size = 58.875 KB
[08:43:19.823][info] [#0:script/workspace/loading.lua:112]: ++++As library of:	file:///home/mikep/.dotfiles/scripts/.local/share/nvim/lazy/nvim-treesitter/lua
[08:43:19.824][info] [#0:script/workspace/loading.lua:100]: Preload file at: file:///home/mikep/.dotfiles/scripts/.local/share/nvim/lazy/nvim-treesitter/lua/nvim-treesitter/caching.lua , size = 1.653 KB
[08:43:19.825][info] [#0:script/workspace/loading.lua:112]: ++++As library of:	file:///home/mikep/.dotfiles/scripts/.local/share/nvim/lazy/nvim-treesitter/lua
[08:43:19.825][info] [#0:script/workspace/loading.lua:100]: Preload file at: file:///home/mikep/.dotfiles/scripts/.local/share/nvim/lazy/nvim-treesitter/lua/nvim-treesitter/tsrange.lua , size = 3.576 KB
[08:43:19.827][info] [#0:script/workspace/loading.lua:112]: ++++As library of:	file:///home/mikep/.dotfiles/scripts/.local/share/nvim/lazy/nvim-treesitter/lua
[08:43:19.827][info] [#0:script/workspace/loading.lua:100]: Preload file at: file:///home/mikep/.dotfiles/scripts/.local/share/nvim/lazy/nvim-treesitter/lua/nvim-treesitter/statusline.lua , size = 1.386 KB
[08:43:19.827][info] [#0:script/workspace/loading.lua:112]: ++++As library of:	file:///home/mikep/.dotfiles/scripts/.local/share/nvim/lazy/nvim-treesitter/lua
[08:43:19.827][info] [#0:script/workspace/loading.lua:100]: Preload file at: file:///home/mikep/.dotfiles/scripts/.local/share/nvim/lazy/nvim-treesitter/lua/nvim-treesitter/shell_command_selectors.lua , size = 9.221 KB
[08:43:19.830][info] [#0:script/workspace/loading.lua:112]: ++++As library of:	file:///home/mikep/.dotfiles/scripts/.local/share/nvim/lazy/nvim-treesitter/lua
[08:43:19.830][info] [#0:script/workspace/loading.lua:100]: Preload file at: file:///home/mikep/.dotfiles/scripts/.local/share/nvim/lazy/nvim-treesitter/lua/nvim-treesitter/ts_utils.lua , size = 14.256 KB
[08:43:19.835][info] [#0:script/workspace/loading.lua:112]: ++++As library of:	file:///home/mikep/.dotfiles/scripts/.local/share/nvim/lazy/nvim-treesitter/lua
[08:43:19.835][info] [#0:script/workspace/loading.lua:100]: Preload file at: file:///home/mikep/.dotfiles/scripts/.local/share/nvim/lazy/nvim-treesitter/lua/nvim-treesitter/indent.lua , size = 11.883 KB
[08:43:19.839][info] [#0:script/workspace/loading.lua:112]: ++++As library of:	file:///home/mikep/.dotfiles/scripts/.local/share/nvim/lazy/nvim-treesitter/lua
[08:43:19.839][info] [#0:script/workspace/loading.lua:100]: Preload file at: file:///home/mikep/.dotfiles/scripts/.local/share/nvim/lazy/nvim-treesitter/lua/nvim-treesitter/utils.lua , size = 6.387 KB
[08:43:19.841][info] [#0:script/workspace/loading.lua:112]: ++++As library of:	file:///home/mikep/.dotfiles/scripts/.local/share/nvim/lazy/nvim-treesitter/lua
[08:43:19.841][info] [#0:script/workspace/loading.lua:100]: Preload file at: file:///home/mikep/.dotfiles/scripts/.local/share/nvim/lazy/nvim-treesitter/lua/nvim-treesitter/compat.lua , size = 0.932 KB
[08:43:19.842][info] [#0:script/workspace/loading.lua:112]: ++++As library of:	file:///home/mikep/.dotfiles/scripts/.local/share/nvim/lazy/nvim-treesitter/lua
[08:43:19.842][info] [#0:script/workspace/loading.lua:100]: Preload file at: file:///home/mikep/.dotfiles/scripts/.local/share/nvim/lazy/nvim-treesitter/lua/nvim-treesitter/locals.lua , size = 9.749 KB
[08:43:19.845][info] [#0:script/workspace/loading.lua:112]: ++++As library of:	file:///home/mikep/.dotfiles/scripts/.local/share/nvim/lazy/nvim-treesitter/lua
[08:43:19.845][info] [#0:script/workspace/loading.lua:100]: Preload file at: file:///home/mikep/.dotfiles/scripts/.local/share/nvim/lazy/nvim-treesitter/lua/nvim-treesitter/health.lua , size = 5.878 KB
[08:43:19.846][info] [#0:script/workspace/loading.lua:112]: ++++As library of:	file:///home/mikep/.dotfiles/scripts/.local/share/nvim/lazy/nvim-treesitter/lua
[08:43:19.846][info] [#0:script/workspace/loading.lua:100]: Preload file at: file:///home/mikep/.dotfiles/scripts/.local/share/nvim/lazy/nvim-treesitter/lua/nvim-treesitter/configs.lua , size = 17.758 KB
[08:43:19.851][info] [#0:script/workspace/loading.lua:112]: ++++As library of:	file:///home/mikep/.dotfiles/scripts/.local/share/nvim/lazy/nvim-treesitter/lua
[08:43:19.851][info] [#0:script/workspace/loading.lua:88]: Skip loaded file: file:///home/mikep/.dotfiles/scripts/.local/share/nvim/mason/packages/lua-language-server/libexec/meta/LuaJIT%20en-us%20utf8/coroutine.lua
[08:43:19.852][info] [#0:script/workspace/loading.lua:112]: ++++As library of:	file:///home/mikep/.dotfiles/scripts/.local/share/nvim/mason/packages/lua-language-server/libexec/meta/LuaJIT%20en-us%20utf8/coroutine.lua
[08:43:19.853][info] [#0:script/workspace/loading.lua:100]: Preload file at: file:///home/mikep/.dotfiles/scripts/.local/share/nvim/lazy/gitsigns.nvim/lua/gitsigns/status.lua , size = 1.159 KB
[08:43:19.854][info] [#0:script/workspace/loading.lua:112]: ++++As library of:	file:///home/mikep/.dotfiles/scripts/.local/share/nvim/lazy/gitsigns.nvim/lua
[08:43:19.854][info] [#0:script/workspace/loading.lua:100]: Preload file at: file:///home/mikep/.dotfiles/scripts/.local/share/nvim/lazy/gitsigns.nvim/lua/gitsigns/cache.lua , size = 4.099 KB
[08:43:19.856][info] [#0:script/workspace/loading.lua:112]: ++++As library of:	file:///home/mikep/.dotfiles/scripts/.local/share/nvim/lazy/gitsigns.nvim/lua
[08:43:19.856][info] [#0:script/workspace/loading.lua:100]: Preload file at: file:///home/mikep/.dotfiles/scripts/.local/share/nvim/lazy/gitsigns.nvim/lua/gitsigns/manager.lua , size = 16.266 KB
[08:43:19.861][info] [#0:script/workspace/loading.lua:112]: ++++As library of:	file:///home/mikep/.dotfiles/scripts/.local/share/nvim/lazy/gitsigns.nvim/lua
[08:43:19.861][info] [#0:script/workspace/loading.lua:100]: Preload file at: file:///home/mikep/.dotfiles/scripts/.local/share/nvim/lazy/gitsigns.nvim/lua/gitsigns/popup.lua , size = 7.336 KB
[08:43:19.864][info] [#0:script/workspace/loading.lua:112]: ++++As library of:	file:///home/mikep/.dotfiles/scripts/.local/share/nvim/lazy/gitsigns.nvim/lua
[08:43:19.864][info] [#0:script/workspace/loading.lua:100]: Preload file at: file:///home/mikep/.dotfiles/scripts/.local/share/nvim/lazy/gitsigns.nvim/lua/gitsigns/attach.lua , size = 11.169 KB
[08:43:19.867][info] [#0:script/workspace/loading.lua:112]: ++++As library of:	file:///home/mikep/.dotfiles/scripts/.local/share/nvim/lazy/gitsigns.nvim/lua
[08:43:19.867][info] [#0:script/workspace/loading.lua:100]: Preload file at: file:///home/mikep/.dotfiles/scripts/.local/share/nvim/lazy/gitsigns.nvim/lua/gitsigns/debug/log.lua , size = 3.825 KB
[08:43:19.869][info] [#0:script/workspace/loading.lua:112]: ++++As library of:	file:///home/mikep/.dotfiles/scripts/.local/share/nvim/lazy/gitsigns.nvim/lua
[08:43:19.869][info] [#0:script/workspace/loading.lua:100]: Preload file at: file:///home/mikep/.dotfiles/scripts/.local/share/nvim/lazy/gitsigns.nvim/lua/gitsigns/diffthis.lua , size = 6.332 KB
[08:43:19.872][info] [#0:script/workspace/loading.lua:112]: ++++As library of:	file:///home/mikep/.dotfiles/scripts/.local/share/nvim/lazy/gitsigns.nvim/lua
[08:43:19.872][info] [#0:script/workspace/loading.lua:100]: Preload file at: file:///home/mikep/.dotfiles/scripts/.local/share/nvim/lazy/gitsigns.nvim/lua/gitsigns/debug.lua , size = 1.134 KB
[08:43:19.872][info] [#0:script/workspace/loading.lua:112]: ++++As library of:	file:///home/mikep/.dotfiles/scripts/.local/share/nvim/lazy/gitsigns.nvim/lua
[08:43:19.872][info] [#0:script/workspace/loading.lua:100]: Preload file at: file:///home/mikep/.dotfiles/scripts/.local/share/nvim/lazy/gitsigns.nvim/lua/gitsigns/actions.lua , size = 39.104 KB
[08:43:19.884][info] [#0:script/workspace/loading.lua:112]: ++++As library of:	file:///home/mikep/.dotfiles/scripts/.local/share/nvim/lazy/gitsigns.nvim/lua
[08:43:19.884][info] [#0:script/workspace/loading.lua:100]: Preload file at: file:///home/mikep/.dotfiles/scripts/.local/share/nvim/lazy/gitsigns.nvim/lua/gitsigns/git.lua , size = 10.030 KB
[08:43:19.888][info] [#0:script/workspace/loading.lua:112]: ++++As library of:	file:///home/mikep/.dotfiles/scripts/.local/share/nvim/lazy/gitsigns.nvim/lua
[08:43:19.888][info] [#0:script/workspace/loading.lua:100]: Preload file at: file:///home/mikep/.dotfiles/scripts/.local/share/nvim/lazy/gitsigns.nvim/lua/gitsigns/highlight.lua , size = 10.268 KB
[08:43:19.890][info] [#0:script/workspace/loading.lua:112]: ++++As library of:	file:///home/mikep/.dotfiles/scripts/.local/share/nvim/lazy/gitsigns.nvim/lua
[08:43:19.890][info] [#0:script/workspace/loading.lua:100]: Preload file at: file:///home/mikep/.dotfiles/scripts/.local/share/nvim/lazy/gitsigns.nvim/lua/gitsigns/util.lua , size = 8.730 KB
[08:43:19.894][info] [#0:script/workspace/loading.lua:112]: ++++As library of:	file:///home/mikep/.dotfiles/scripts/.local/share/nvim/lazy/gitsigns.nvim/lua
[08:43:19.894][info] [#0:script/workspace/loading.lua:100]: Preload file at: file:///home/mikep/.dotfiles/scripts/.local/share/nvim/lazy/gitsigns.nvim/lua/gitsigns/cli/argparse.lua , size = 2.572 KB
[08:43:19.895][info] [#0:script/workspace/loading.lua:112]: ++++As library of:	file:///home/mikep/.dotfiles/scripts/.local/share/nvim/lazy/gitsigns.nvim/lua
[08:43:19.895][info] [#0:script/workspace/loading.lua:100]: Preload file at: file:///home/mikep/.dotfiles/scripts/.local/share/nvim/lazy/gitsigns.nvim/lua/gitsigns/git/version.lua , size = 2.338 KB
[08:43:19.896][info] [#0:script/workspace/loading.lua:112]: ++++As library of:	file:///home/mikep/.dotfiles/scripts/.local/share/nvim/lazy/gitsigns.nvim/lua
[08:43:19.896][info] [#0:script/workspace/loading.lua:100]: Preload file at: file:///home/mikep/.dotfiles/scripts/.local/share/nvim/lazy/gitsigns.nvim/lua/gitsigns/system/compat.lua , size = 7.970 KB
[08:43:19.899][info] [#0:script/workspace/loading.lua:112]: ++++As library of:	file:///home/mikep/.dotfiles/scripts/.local/share/nvim/lazy/gitsigns.nvim/lua
[08:43:19.901][info] [#0:script/workspace/loading.lua:100]: Preload file at: file:///home/mikep/.dotfiles/scripts/.local/share/nvim/lazy/gitsigns.nvim/lua/gitsigns/git/blame.lua , size = 6.612 KB
[08:43:19.903][info] [#0:script/workspace/loading.lua:112]: ++++As library of:	file:///home/mikep/.dotfiles/scripts/.local/share/nvim/lazy/gitsigns.nvim/lua
[08:43:19.903][info] [#0:script/workspace/loading.lua:100]: Preload file at: file:///home/mikep/.dotfiles/scripts/.local/share/nvim/lazy/gitsigns.nvim/lua/gitsigns/git/cmd.lua , size = 1.653 KB
[08:43:19.904][info] [#0:script/workspace/loading.lua:112]: ++++As library of:	file:///home/mikep/.dotfiles/scripts/.local/share/nvim/lazy/gitsigns.nvim/lua
[08:43:19.904][info] [#0:script/workspace/loading.lua:100]: Preload file at: file:///home/mikep/.dotfiles/scripts/.local/share/nvim/lazy/gitsigns.nvim/lua/gitsigns/git/repo.lua , size = 6.486 KB
[08:43:19.907][info] [#0:script/workspace/loading.lua:112]: ++++As library of:	file:///home/mikep/.dotfiles/scripts/.local/share/nvim/lazy/gitsigns.nvim/lua
[08:43:19.907][info] [#0:script/workspace/loading.lua:100]: Preload file at: file:///home/mikep/.dotfiles/scripts/.local/share/nvim/lazy/gitsigns.nvim/lua/gitsigns/repeat.lua , size = 0.587 KB
[08:43:19.907][info] [#0:script/workspace/loading.lua:112]: ++++As library of:	file:///home/mikep/.dotfiles/scripts/.local/share/nvim/lazy/gitsigns.nvim/lua
[08:43:19.907][info] [#0:script/workspace/loading.lua:100]: Preload file at: file:///home/mikep/.dotfiles/scripts/.local/share/nvim/lazy/gitsigns.nvim/lua/gitsigns/diff_int.lua , size = 5.528 KB
[08:43:19.910][info] [#0:script/workspace/loading.lua:112]: ++++As library of:	file:///home/mikep/.dotfiles/scripts/.local/share/nvim/lazy/gitsigns.nvim/lua
[08:43:19.910][info] [#0:script/workspace/loading.lua:100]: Preload file at: file:///home/mikep/.dotfiles/scripts/.local/share/nvim/lazy/gitsigns.nvim/lua/gitsigns/system.lua , size = 0.428 KB
[08:43:19.910][info] [#0:script/workspace/loading.lua:112]: ++++As library of:	file:///home/mikep/.dotfiles/scripts/.local/share/nvim/lazy/gitsigns.nvim/lua
[08:43:19.910][info] [#0:script/workspace/loading.lua:100]: Preload file at: file:///home/mikep/.dotfiles/scripts/.local/share/nvim/lazy/gitsigns.nvim/lua/gitsigns/cli.lua , size = 2.562 KB
[08:43:19.911][info] [#0:script/workspace/loading.lua:112]: ++++As library of:	file:///home/mikep/.dotfiles/scripts/.local/share/nvim/lazy/gitsigns.nvim/lua
[08:43:19.911][info] [#0:script/workspace/loading.lua:100]: Preload file at: file:///home/mikep/.dotfiles/scripts/.local/share/nvim/lazy/gitsigns.nvim/lua/gitsigns/debounce.lua , size = 2.047 KB
[08:43:19.912][info] [#0:script/workspace/loading.lua:112]: ++++As library of:	file:///home/mikep/.dotfiles/scripts/.local/share/nvim/lazy/gitsigns.nvim/lua
[08:43:19.912][info] [#0:script/workspace/loading.lua:100]: Preload file at: file:///home/mikep/.dotfiles/scripts/.local/share/nvim/lazy/gitsigns.nvim/lua/gitsigns/blame.lua , size = 10.626 KB
[08:43:19.922][info] [#0:script/workspace/loading.lua:112]: ++++As library of:	file:///home/mikep/.dotfiles/scripts/.local/share/nvim/lazy/gitsigns.nvim/lua
[08:43:19.922][info] [#0:script/workspace/loading.lua:100]: Preload file at: file:///home/mikep/.dotfiles/scripts/.local/share/nvim/lazy/gitsigns.nvim/lua/gitsigns/signs.lua , size = 3.498 KB
[08:43:19.924][info] [#0:script/workspace/loading.lua:112]: ++++As library of:	file:///home/mikep/.dotfiles/scripts/.local/share/nvim/lazy/gitsigns.nvim/lua
[08:43:19.924][info] [#0:script/workspace/loading.lua:100]: Preload file at: file:///home/mikep/.dotfiles/scripts/.local/share/nvim/lazy/gitsigns.nvim/lua/gitsigns/diff.lua , size = 0.854 KB
[08:43:19.924][info] [#0:script/workspace/loading.lua:112]: ++++As library of:	file:///home/mikep/.dotfiles/scripts/.local/share/nvim/lazy/gitsigns.nvim/lua
[08:43:19.924][info] [#0:script/workspace/loading.lua:100]: Preload file at: file:///home/mikep/.dotfiles/scripts/.local/share/nvim/lazy/gitsigns.nvim/lua/gitsigns/config.lua , size = 26.840 KB
[08:43:19.929][info] [#0:script/workspace/loading.lua:112]: ++++As library of:	file:///home/mikep/.dotfiles/scripts/.local/share/nvim/lazy/gitsigns.nvim/lua
[08:43:19.929][info] [#0:script/workspace/loading.lua:100]: Preload file at: file:///home/mikep/.dotfiles/scripts/.local/share/nvim/lazy/gitsigns.nvim/lua/gitsigns/message.lua , size = 0.548 KB
[08:43:19.930][info] [#0:script/workspace/loading.lua:112]: ++++As library of:	file:///home/mikep/.dotfiles/scripts/.local/share/nvim/lazy/gitsigns.nvim/lua
[08:43:19.930][info] [#0:script/workspace/loading.lua:100]: Preload file at: file:///home/mikep/.dotfiles/scripts/.local/share/nvim/lazy/gitsigns.nvim/lua/gitsigns/async.lua , size = 5.835 KB
[08:43:19.932][info] [#0:script/workspace/loading.lua:112]: ++++As library of:	file:///home/mikep/.dotfiles/scripts/.local/share/nvim/lazy/gitsigns.nvim/lua
[08:43:19.932][info] [#0:script/workspace/loading.lua:100]: Preload file at: file:///home/mikep/.dotfiles/scripts/.local/share/nvim/lazy/gitsigns.nvim/lua/gitsigns/test.lua , size = 0.777 KB
[08:43:19.932][info] [#0:script/workspace/loading.lua:112]: ++++As library of:	file:///home/mikep/.dotfiles/scripts/.local/share/nvim/lazy/gitsigns.nvim/lua
[08:43:19.932][info] [#0:script/workspace/loading.lua:100]: Preload file at: file:///home/mikep/.dotfiles/scripts/.local/share/nvim/lazy/gitsigns.nvim/lua/gitsigns/watcher.lua , size = 4.368 KB
[08:43:19.934][info] [#0:script/workspace/loading.lua:112]: ++++As library of:	file:///home/mikep/.dotfiles/scripts/.local/share/nvim/lazy/gitsigns.nvim/lua
[08:43:19.935][info] [#0:script/workspace/loading.lua:100]: Preload file at: file:///home/mikep/.dotfiles/scripts/.local/share/nvim/lazy/gitsigns.nvim/lua/gitsigns/hunks.lua , size = 12.410 KB
[08:43:19.939][info] [#0:script/workspace/loading.lua:112]: ++++As library of:	file:///home/mikep/.dotfiles/scripts/.local/share/nvim/lazy/gitsigns.nvim/lua
[08:43:19.939][info] [#0:script/workspace/loading.lua:100]: Preload file at: file:///home/mikep/.dotfiles/scripts/.local/share/nvim/lazy/gitsigns.nvim/lua/gitsigns/diff_ext.lua , size = 2.232 KB
[08:43:19.940][info] [#0:script/workspace/loading.lua:112]: ++++As library of:	file:///home/mikep/.dotfiles/scripts/.local/share/nvim/lazy/gitsigns.nvim/lua
[08:43:19.940][info] [#0:script/workspace/loading.lua:100]: Preload file at: file:///home/mikep/.dotfiles/scripts/.local/share/nvim/lazy/gitsigns.nvim/lua/gitsigns/current_line_blame.lua , size = 6.385 KB
[08:43:19.943][info] [#0:script/workspace/loading.lua:112]: ++++As library of:	file:///home/mikep/.dotfiles/scripts/.local/share/nvim/lazy/gitsigns.nvim/lua
[08:43:19.943][info] [#0:script/workspace/loading.lua:100]: Preload file at: file:///home/mikep/.dotfiles/scripts/.local/share/nvim/lazy/fidget.nvim/lua/fidget.lua , size = 14.085 KB
[08:43:19.947][info] [#0:script/workspace/loading.lua:112]: ++++As library of:	file:///home/mikep/.dotfiles/scripts/.local/share/nvim/lazy/fidget.nvim/lua
[08:43:19.947][info] [#0:script/workspace/loading.lua:100]: Preload file at: file:///home/mikep/.dotfiles/scripts/.local/share/nvim/lazy/gitsigns.nvim/lua/gitsigns.lua , size = 5.720 KB
[08:43:19.949][info] [#0:script/workspace/loading.lua:112]: ++++As library of:	file:///home/mikep/.dotfiles/scripts/.local/share/nvim/lazy/gitsigns.nvim/lua
[08:43:19.949][info] [#0:script/workspace/loading.lua:100]: Preload file at: file:///home/mikep/.dotfiles/scripts/.local/share/nvim/lazy/fidget.nvim/lua/fidget/log.lua , size = 3.809 KB
[08:43:19.950][info] [#0:script/workspace/loading.lua:112]: ++++As library of:	file:///home/mikep/.dotfiles/scripts/.local/share/nvim/lazy/fidget.nvim/lua
[08:43:19.951][info] [#0:script/workspace/loading.lua:100]: Preload file at: file:///home/mikep/.dotfiles/scripts/.local/share/nvim/lazy/fidget.nvim/lua/fidget/spinners.lua , size = 5.176 KB
[08:43:19.952][info] [#0:script/workspace/loading.lua:112]: ++++As library of:	file:///home/mikep/.dotfiles/scripts/.local/share/nvim/lazy/fidget.nvim/lua
[08:43:19.953][info] [#0:script/workspace/loading.lua:100]: Preload file at: file:///home/mikep/.dotfiles/scripts/.local/share/nvim/lazy/nvim-lspconfig/lua/lspconfig/manager.lua , size = 8.306 KB
[08:43:19.956][info] [#0:script/workspace/loading.lua:112]: ++++As library of:	file:///home/mikep/.dotfiles/scripts/.local/share/nvim/lazy/nvim-lspconfig/lua
[08:43:19.956][info] [#0:script/workspace/loading.lua:100]: Preload file at: file:///home/mikep/.dotfiles/scripts/.local/share/nvim/lazy/nvim-lspconfig/lua/lspconfig/ui/lspinfo.lua , size = 11.359 KB
[08:43:19.960][info] [#0:script/workspace/loading.lua:112]: ++++As library of:	file:///home/mikep/.dotfiles/scripts/.local/share/nvim/lazy/nvim-lspconfig/lua
[08:43:19.960][info] [#0:script/workspace/loading.lua:100]: Preload file at: file:///home/mikep/.dotfiles/scripts/.local/share/nvim/lazy/nvim-lspconfig/lua/lspconfig/ui/windows.lua , size = 3.759 KB
[08:43:19.962][info] [#0:script/workspace/loading.lua:112]: ++++As library of:	file:///home/mikep/.dotfiles/scripts/.local/share/nvim/lazy/nvim-lspconfig/lua
[08:43:19.962][info] [#0:script/workspace/loading.lua:100]: Preload file at: file:///home/mikep/.dotfiles/scripts/.local/share/nvim/lazy/nvim-lspconfig/lua/lspconfig/server_configurations/basedpyright.lua , size = 1.973 KB
[08:43:19.962][info] [#0:script/workspace/loading.lua:112]: ++++As library of:	file:///home/mikep/.dotfiles/scripts/.local/share/nvim/lazy/nvim-lspconfig/lua
[08:43:19.962][info] [#0:script/workspace/loading.lua:100]: Preload file at: file:///home/mikep/.dotfiles/scripts/.local/share/nvim/lazy/nvim-lspconfig/lua/lspconfig/util.lua , size = 10.878 KB
[08:43:19.966][info] [#0:script/workspace/loading.lua:112]: ++++As library of:	file:///home/mikep/.dotfiles/scripts/.local/share/nvim/lazy/nvim-lspconfig/lua
[08:43:19.966][info] [#0:script/workspace/loading.lua:100]: Preload file at: file:///home/mikep/.dotfiles/scripts/.local/share/nvim/lazy/nvim-lspconfig/lua/lspconfig/server_configurations/denols.lua , size = 3.152 KB
[08:43:19.967][info] [#0:script/workspace/loading.lua:112]: ++++As library of:	file:///home/mikep/.dotfiles/scripts/.local/share/nvim/lazy/nvim-lspconfig/lua
[08:43:19.967][info] [#0:script/workspace/loading.lua:100]: Preload file at: file:///home/mikep/.dotfiles/scripts/.local/share/nvim/lazy/nvim-lspconfig/lua/lspconfig/server_configurations/angularls.lua , size = 2.079 KB
[08:43:19.967][info] [#0:script/workspace/loading.lua:112]: ++++As library of:	file:///home/mikep/.dotfiles/scripts/.local/share/nvim/lazy/nvim-lspconfig/lua
[08:43:19.967][info] [#0:script/workspace/loading.lua:100]: Preload file at: file:///home/mikep/.dotfiles/scripts/.local/share/nvim/lazy/nvim-lspconfig/lua/lspconfig/server_configurations/msbuild_project_tools_server.lua , size = 0.713 KB
[08:43:19.967][info] [#0:script/workspace/loading.lua:112]: ++++As library of:	file:///home/mikep/.dotfiles/scripts/.local/share/nvim/lazy/nvim-lspconfig/lua
[08:43:19.967][info] [#0:script/workspace/loading.lua:100]: Preload file at: file:///home/mikep/.dotfiles/scripts/.local/share/nvim/lazy/nvim-lspconfig/lua/lspconfig/server_configurations/esbonio.lua , size = 1.442 KB
[08:43:19.968][info] [#0:script/workspace/loading.lua:112]: ++++As library of:	file:///home/mikep/.dotfiles/scripts/.local/share/nvim/lazy/nvim-lspconfig/lua
[08:43:19.968][info] [#0:script/workspace/loading.lua:100]: Preload file at: file:///home/mikep/.dotfiles/scripts/.local/share/nvim/lazy/nvim-lspconfig/lua/lspconfig/server_configurations/lean3ls.lua , size = 1.367 KB
[08:43:19.968][info] [#0:script/workspace/loading.lua:112]: ++++As library of:	file:///home/mikep/.dotfiles/scripts/.local/share/nvim/lazy/nvim-lspconfig/lua
[08:43:19.968][info] [#0:script/workspace/loading.lua:100]: Preload file at: file:///home/mikep/.dotfiles/scripts/.local/share/nvim/lazy/nvim-lspconfig/lua/lspconfig/server_configurations/templ.lua , size = 0.456 KB
[08:43:19.968][info] [#0:script/workspace/loading.lua:112]: ++++As library of:	file:///home/mikep/.dotfiles/scripts/.local/share/nvim/lazy/nvim-lspconfig/lua
[08:43:19.969][info] [#0:script/workspace/loading.lua:100]: Preload file at: file:///home/mikep/.dotfiles/scripts/.local/share/nvim/lazy/nvim-lspconfig/lua/lspconfig/server_configurations/pyright.lua , size = 1.927 KB
[08:43:19.970][info] [#0:script/workspace/loading.lua:112]: ++++As library of:	file:///home/mikep/.dotfiles/scripts/.local/share/nvim/lazy/nvim-lspconfig/lua
[08:43:19.970][info] [#0:script/workspace/loading.lua:100]: Preload file at: file:///home/mikep/.dotfiles/scripts/.local/share/nvim/lazy/nvim-lspconfig/lua/lspconfig/server_configurations/pug.lua , size = 0.479 KB
[08:43:19.970][info] [#0:script/workspace/loading.lua:112]: ++++As library of:	file:///home/mikep/.dotfiles/scripts/.local/share/nvim/lazy/nvim-lspconfig/lua
[08:43:19.970][info] [#0:script/workspace/loading.lua:100]: Preload file at: file:///home/mikep/.dotfiles/scripts/.local/share/nvim/lazy/nvim-lspconfig/lua/lspconfig/server_configurations/terraform_lsp.lua , size = 1.415 KB
[08:43:19.971][info] [#0:script/workspace/loading.lua:112]: ++++As library of:	file:///home/mikep/.dotfiles/scripts/.local/share/nvim/lazy/nvim-lspconfig/lua
[08:43:19.971][info] [#0:script/workspace/loading.lua:100]: Preload file at: file:///home/mikep/.dotfiles/scripts/.local/share/nvim/lazy/nvim-lspconfig/lua/lspconfig/server_configurations/v_analyzer.lua , size = 0.479 KB
[08:43:19.971][info] [#0:script/workspace/loading.lua:112]: ++++As library of:	file:///home/mikep/.dotfiles/scripts/.local/share/nvim/lazy/nvim-lspconfig/lua
[08:43:19.971][info] [#0:script/workspace/loading.lua:100]: Preload file at: file:///home/mikep/.dotfiles/scripts/.local/share/nvim/lazy/nvim-lspconfig/lua/lspconfig/server_configurations/snyk_ls.lua , size = 0.777 KB
[08:43:19.971][info] [#0:script/workspace/loading.lua:112]: ++++As library of:	file:///home/mikep/.dotfiles/scripts/.local/share/nvim/lazy/nvim-lspconfig/lua
[08:43:19.971][info] [#0:script/workspace/loading.lua:100]: Preload file at: file:///home/mikep/.dotfiles/scripts/.local/share/nvim/lazy/nvim-lspconfig/lua/lspconfig/server_configurations/sourcery.lua , size = 2.420 KB
[08:43:19.972][info] [#0:script/workspace/loading.lua:112]: ++++As library of:	file:///home/mikep/.dotfiles/scripts/.local/share/nvim/lazy/nvim-lspconfig/lua
[08:43:19.972][info] [#0:script/workspace/loading.lua:100]: Preload file at: file:///home/mikep/.dotfiles/scripts/.local/share/nvim/lazy/nvim-lspconfig/lua/lspconfig/server_configurations/glslls.lua , size = 0.692 KB
[08:43:19.972][info] [#0:script/workspace/loading.lua:112]: ++++As library of:	file:///home/mikep/.dotfiles/scripts/.local/share/nvim/lazy/nvim-lspconfig/lua
[08:43:19.972][info] [#0:script/workspace/loading.lua:100]: Preload file at: file:///home/mikep/.dotfiles/scripts/.local/share/nvim/lazy/nvim-lspconfig/lua/lspconfig/server_configurations/mint.lua , size = 0.472 KB
[08:43:19.972][info] [#0:script/workspace/loading.lua:112]: ++++As library of:	file:///home/mikep/.dotfiles/scripts/.local/share/nvim/lazy/nvim-lspconfig/lua
[08:43:19.973][info] [#0:script/workspace/loading.lua:100]: Preload file at: file:///home/mikep/.dotfiles/scripts/.local/share/nvim/lazy/nvim-lspconfig/lua/lspconfig/server_configurations/neocmake.lua , size = 1.027 KB
[08:43:19.973][info] [#0:script/workspace/loading.lua:112]: ++++As library of:	file:///home/mikep/.dotfiles/scripts/.local/share/nvim/lazy/nvim-lspconfig/lua
[08:43:19.973][info] [#0:script/workspace/loading.lua:100]: Preload file at: file:///home/mikep/.dotfiles/scripts/.local/share/nvim/lazy/nvim-lspconfig/lua/lspconfig/server_configurations/autotools_ls.lua , size = 0.735 KB
[08:43:19.973][info] [#0:script/workspace/loading.lua:112]: ++++As library of:	file:///home/mikep/.dotfiles/scripts/.local/share/nvim/lazy/nvim-lspconfig/lua
[08:43:19.974][info] [#0:script/workspace/loading.lua:100]: Preload file at: file:///home/mikep/.dotfiles/scripts/.local/share/nvim/lazy/nvim-lspconfig/lua/lspconfig/server_configurations/qml_lsp.lua , size = 0.324 KB
[08:43:19.974][info] [#0:script/workspace/loading.lua:112]: ++++As library of:	file:///home/mikep/.dotfiles/scripts/.local/share/nvim/lazy/nvim-lspconfig/lua
[08:43:19.974][info] [#0:script/workspace/loading.lua:100]: Preload file at: file:///home/mikep/.dotfiles/scripts/.local/share/nvim/lazy/nvim-lspconfig/lua/lspconfig/server_configurations/tinymist.lua , size = 0.387 KB
[08:43:19.974][info] [#0:script/workspace/loading.lua:112]: ++++As library of:	file:///home/mikep/.dotfiles/scripts/.local/share/nvim/lazy/nvim-lspconfig/lua
[08:43:19.974][info] [#0:script/workspace/loading.lua:100]: Preload file at: file:///home/mikep/.dotfiles/scripts/.local/share/nvim/lazy/nvim-lspconfig/lua/lspconfig/server_configurations/motoko_lsp.lua , size = 0.498 KB
[08:43:19.974][info] [#0:script/workspace/loading.lua:112]: ++++As library of:	file:///home/mikep/.dotfiles/scripts/.local/share/nvim/lazy/nvim-lspconfig/lua
[08:43:19.974][info] [#0:script/workspace/loading.lua:100]: Preload file at: file:///home/mikep/.dotfiles/scripts/.local/share/nvim/lazy/nvim-lspconfig/lua/lspconfig/server_configurations/foam_ls.lua , size = 0.551 KB
[08:43:19.975][info] [#0:script/workspace/loading.lua:112]: ++++As library of:	file:///home/mikep/.dotfiles/scripts/.local/share/nvim/lazy/nvim-lspconfig/lua
[08:43:19.975][info] [#0:script/workspace/loading.lua:100]: Preload file at: file:///home/mikep/.dotfiles/scripts/.local/share/nvim/lazy/nvim-lspconfig/lua/lspconfig/server_configurations/hyprls.lua , size = 0.468 KB
[08:43:19.975][info] [#0:script/workspace/loading.lua:112]: ++++As library of:	file:///home/mikep/.dotfiles/scripts/.local/share/nvim/lazy/nvim-lspconfig/lua
[08:43:19.975][info] [#0:script/workspace/loading.lua:100]: Preload file at: file:///home/mikep/.dotfiles/scripts/.local/share/nvim/lazy/nvim-lspconfig/lua/lspconfig/server_configurations/pylsp.lua , size = 1.266 KB
[08:43:19.975][info] [#0:script/workspace/loading.lua:112]: ++++As library of:	file:///home/mikep/.dotfiles/scripts/.local/share/nvim/lazy/nvim-lspconfig/lua
[08:43:19.975][info] [#0:script/workspace/loading.lua:100]: Preload file at: file:///home/mikep/.dotfiles/scripts/.local/share/nvim/lazy/nvim-lspconfig/lua/lspconfig/server_configurations/perlnavigator.lua , size = 0.869 KB
[08:43:19.975][info] [#0:script/workspace/loading.lua:112]: ++++As library of:	file:///home/mikep/.dotfiles/scripts/.local/share/nvim/lazy/nvim-lspconfig/lua
[08:43:19.975][info] [#0:script/workspace/loading.lua:100]: Preload file at: file:///home/mikep/.dotfiles/scripts/.local/share/nvim/lazy/nvim-lspconfig/lua/lspconfig/server_configurations/ts_ls.lua , size = 2.358 KB
[08:43:19.976][info] [#0:script/workspace/loading.lua:112]: ++++As library of:	file:///home/mikep/.dotfiles/scripts/.local/share/nvim/lazy/nvim-lspconfig/lua
[08:43:19.976][info] [#0:script/workspace/loading.lua:100]: Preload file at: file:///home/mikep/.dotfiles/scripts/.local/share/nvim/lazy/nvim-lspconfig/lua/lspconfig/server_configurations/glsl_analyzer.lua , size = 0.382 KB
[08:43:19.976][info] [#0:script/workspace/loading.lua:112]: ++++As library of:	file:///home/mikep/.dotfiles/scripts/.local/share/nvim/lazy/nvim-lspconfig/lua
[08:43:19.976][info] [#0:script/workspace/loading.lua:100]: Preload file at: file:///home/mikep/.dotfiles/scripts/.local/share/nvim/lazy/nvim-lspconfig/lua/lspconfig/server_configurations/mlir_pdll_lsp_server.lua , size = 0.557 KB
[08:43:19.977][info] [#0:script/workspace/loading.lua:112]: ++++As library of:	file:///home/mikep/.dotfiles/scripts/.local/share/nvim/lazy/nvim-lspconfig/lua
[08:43:19.977][info] [#0:script/workspace/loading.lua:100]: Preload file at: file:///home/mikep/.dotfiles/scripts/.local/share/nvim/lazy/nvim-lspconfig/lua/lspconfig/server_configurations/pbls.lua , size = 0.519 KB
[08:43:19.977][info] [#0:script/workspace/loading.lua:112]: ++++As library of:	file:///home/mikep/.dotfiles/scripts/.local/share/nvim/lazy/nvim-lspconfig/lua
[08:43:19.977][info] [#0:script/workspace/loading.lua:100]: Preload file at: file:///home/mikep/.dotfiles/scripts/.local/share/nvim/lazy/nvim-lspconfig/lua/lspconfig/server_configurations/relay_lsp.lua , size = 3.886 KB
[08:43:19.978][info] [#0:script/workspace/loading.lua:112]: ++++As library of:	file:///home/mikep/.dotfiles/scripts/.local/share/nvim/lazy/nvim-lspconfig/lua
[08:43:19.978][info] [#0:script/workspace/loading.lua:100]: Preload file at: file:///home/mikep/.dotfiles/scripts/.local/share/nvim/lazy/nvim-lspconfig/lua/lspconfig/server_configurations/guile_ls.lua , size = 0.924 KB
[08:43:19.978][info] [#0:script/workspace/loading.lua:112]: ++++As library of:	file:///home/mikep/.dotfiles/scripts/.local/share/nvim/lazy/nvim-lspconfig/lua
[08:43:19.978][info] [#0:script/workspace/loading.lua:100]: Preload file at: file:///home/mikep/.dotfiles/scripts/.local/share/nvim/lazy/nvim-lspconfig/lua/lspconfig/server_configurations/shopify_theme_ls.lua , size = 0.740 KB
[08:43:19.978][info] [#0:script/workspace/loading.lua:112]: ++++As library of:	file:///home/mikep/.dotfiles/scripts/.local/share/nvim/lazy/nvim-lspconfig/lua
[08:43:19.978][info] [#0:script/workspace/loading.lua:100]: Preload file at: file:///home/mikep/.dotfiles/scripts/.local/share/nvim/lazy/nvim-lspconfig/lua/lspconfig/server_configurations/solidity_ls_nomicfoundation.lua , size = 0.971 KB
[08:43:19.979][info] [#0:script/workspace/loading.lua:112]: ++++As library of:	file:///home/mikep/.dotfiles/scripts/.local/share/nvim/lazy/nvim-lspconfig/lua
[08:43:19.979][info] [#0:script/workspace/loading.lua:100]: Preload file at: file:///home/mikep/.dotfiles/scripts/.local/share/nvim/lazy/nvim-lspconfig/lua/lspconfig/server_configurations/sourcekit.lua , size = 1.001 KB
[08:43:19.979][info] [#0:script/workspace/loading.lua:112]: ++++As library of:	file:///home/mikep/.dotfiles/scripts/.local/share/nvim/lazy/nvim-lspconfig/lua
[08:43:19.979][info] [#0:script/workspace/loading.lua:100]: Preload file at: file:///home/mikep/.dotfiles/scripts/.local/share/nvim/lazy/nvim-lspconfig/lua/lspconfig/server_configurations/graphql.lua , size = 0.828 KB
[08:43:19.979][info] [#0:script/workspace/loading.lua:112]: ++++As library of:	file:///home/mikep/.dotfiles/scripts/.local/share/nvim/lazy/nvim-lspconfig/lua
[08:43:19.980][info] [#0:script/workspace/loading.lua:100]: Preload file at: file:///home/mikep/.dotfiles/scripts/.local/share/nvim/lazy/nvim-lspconfig/lua/lspconfig/server_configurations/ecsact.lua , size = 0.451 KB
[08:43:19.980][info] [#0:script/workspace/loading.lua:112]: ++++As library of:	file:///home/mikep/.dotfiles/scripts/.local/share/nvim/lazy/nvim-lspconfig/lua
[08:43:19.980][info] [#0:script/workspace/loading.lua:100]: Preload file at: file:///home/mikep/.dotfiles/scripts/.local/share/nvim/lazy/nvim-lspconfig/lua/lspconfig/server_configurations/solidity.lua , size = 1.414 KB
[08:43:19.980][info] [#0:script/workspace/loading.lua:112]: ++++As library of:	file:///home/mikep/.dotfiles/scripts/.local/share/nvim/lazy/nvim-lspconfig/lua
[08:43:19.980][info] [#0:script/workspace/loading.lua:100]: Preload file at: file:///home/mikep/.dotfiles/scripts/.local/share/nvim/lazy/nvim-lspconfig/lua/lspconfig/server_configurations/hdl_checker.lua , size = 0.467 KB
[08:43:19.980][info] [#0:script/workspace/loading.lua:112]: ++++As library of:	file:///home/mikep/.dotfiles/scripts/.local/share/nvim/lazy/nvim-lspconfig/lua
[08:43:19.980][info] [#0:script/workspace/loading.lua:100]: Preload file at: file:///home/mikep/.dotfiles/scripts/.local/share/nvim/lazy/nvim-lspconfig/lua/lspconfig/server_configurations/elmls.lua , size = 1.208 KB
[08:43:19.981][info] [#0:script/workspace/loading.lua:112]: ++++As library of:	file:///home/mikep/.dotfiles/scripts/.local/share/nvim/lazy/nvim-lspconfig/lua
[08:43:19.981][info] [#0:script/workspace/loading.lua:100]: Preload file at: file:///home/mikep/.dotfiles/scripts/.local/share/nvim/lazy/nvim-lspconfig/lua/lspconfig/server_configurations/nixd.lua , size = 0.636 KB
[08:43:19.981][info] [#0:script/workspace/loading.lua:112]: ++++As library of:	file:///home/mikep/.dotfiles/scripts/.local/share/nvim/lazy/nvim-lspconfig/lua
[08:43:19.982][info] [#0:script/workspace/loading.lua:100]: Preload file at: file:///home/mikep/.dotfiles/scripts/.local/share/nvim/lazy/nvim-lspconfig/lua/lspconfig/server_configurations/debputy.lua , size = 0.354 KB
[08:43:19.982][info] [#0:script/workspace/loading.lua:112]: ++++As library of:	file:///home/mikep/.dotfiles/scripts/.local/share/nvim/lazy/nvim-lspconfig/lua
[08:43:19.982][info] [#0:script/workspace/loading.lua:100]: Preload file at: file:///home/mikep/.dotfiles/scripts/.local/share/nvim/lazy/nvim-lspconfig/lua/lspconfig/server_configurations/ghcide.lua , size = 0.595 KB
[08:43:19.982][info] [#0:script/workspace/loading.lua:112]: ++++As library of:	file:///home/mikep/.dotfiles/scripts/.local/share/nvim/lazy/nvim-lspconfig/lua
[08:43:19.982][info] [#0:script/workspace/loading.lua:100]: Preload file at: file:///home/mikep/.dotfiles/scripts/.local/share/nvim/lazy/nvim-lspconfig/lua/lspconfig/server_configurations/luau_lsp.lua , size = 0.679 KB
[08:43:19.982][info] [#0:script/workspace/loading.lua:112]: ++++As library of:	file:///home/mikep/.dotfiles/scripts/.local/share/nvim/lazy/nvim-lspconfig/lua
[08:43:19.982][info] [#0:script/workspace/loading.lua:100]: Preload file at: file:///home/mikep/.dotfiles/scripts/.local/share/nvim/lazy/nvim-lspconfig/lua/lspconfig/server_configurations/metals.lua , size = 1.260 KB
[08:43:19.983][info] [#0:script/workspace/loading.lua:112]: ++++As library of:	file:///home/mikep/.dotfiles/scripts/.local/share/nvim/lazy/nvim-lspconfig/lua
[08:43:19.983][info] [#0:script/workspace/loading.lua:100]: Preload file at: file:///home/mikep/.dotfiles/scripts/.local/share/nvim/lazy/nvim-lspconfig/lua/lspconfig/server_configurations/starpls.lua , size = 0.397 KB
[08:43:19.984][info] [#0:script/workspace/loading.lua:112]: ++++As library of:	file:///home/mikep/.dotfiles/scripts/.local/share/nvim/lazy/nvim-lspconfig/lua
[08:43:19.984][info] [#0:script/workspace/loading.lua:100]: Preload file at: file:///home/mikep/.dotfiles/scripts/.local/share/nvim/lazy/nvim-lspconfig/lua/lspconfig/server_configurations/codeqlls.lua , size = 1.566 KB
[08:43:19.985][info] [#0:script/workspace/loading.lua:112]: ++++As library of:	file:///home/mikep/.dotfiles/scripts/.local/share/nvim/lazy/nvim-lspconfig/lua
[08:43:19.985][info] [#0:script/workspace/loading.lua:100]: Preload file at: file:///home/mikep/.dotfiles/scripts/.local/share/nvim/lazy/nvim-lspconfig/lua/lspconfig/server_configurations/intelephense.lua , size = 1.359 KB
[08:43:19.985][info] [#0:script/workspace/loading.lua:112]: ++++As library of:	file:///home/mikep/.dotfiles/scripts/.local/share/nvim/lazy/nvim-lspconfig/lua
[08:43:19.986][info] [#0:script/workspace/loading.lua:100]: Preload file at: file:///home/mikep/.dotfiles/scripts/.local/share/nvim/lazy/nvim-lspconfig/lua/lspconfig/server_configurations/djlsp.lua , size = 0.348 KB
[08:43:19.986][info] [#0:script/workspace/loading.lua:112]: ++++As library of:	file:///home/mikep/.dotfiles/scripts/.local/share/nvim/lazy/nvim-lspconfig/lua
[08:43:19.986][info] [#0:script/workspace/loading.lua:100]: Preload file at: file:///home/mikep/.dotfiles/scripts/.local/share/nvim/lazy/nvim-lspconfig/lua/lspconfig/server_configurations/helm_ls.lua , size = 0.957 KB
[08:43:19.986][info] [#0:script/workspace/loading.lua:112]: ++++As library of:	file:///home/mikep/.dotfiles/scripts/.local/share/nvim/lazy/nvim-lspconfig/lua
[08:43:19.987][info] [#0:script/workspace/loading.lua:100]: Preload file at: file:///home/mikep/.dotfiles/scripts/.local/share/nvim/lazy/nvim-lspconfig/lua/lspconfig/server_configurations/facility_language_server.lua , size = 0.353 KB
[08:43:19.987][info] [#0:script/workspace/loading.lua:112]: ++++As library of:	file:///home/mikep/.dotfiles/scripts/.local/share/nvim/lazy/nvim-lspconfig/lua
[08:43:19.987][info] [#0:script/workspace/loading.lua:100]: Preload file at: file:///home/mikep/.dotfiles/scripts/.local/share/nvim/lazy/nvim-lspconfig/lua/lspconfig/server_configurations/dartls.lua , size = 0.733 KB
[08:43:19.987][info] [#0:script/workspace/loading.lua:112]: ++++As library of:	file:///home/mikep/.dotfiles/scripts/.local/share/nvim/lazy/nvim-lspconfig/lua
[08:43:19.987][info] [#0:script/workspace/loading.lua:100]: Preload file at: file:///home/mikep/.dotfiles/scripts/.local/share/nvim/lazy/nvim-lspconfig/lua/lspconfig/server_configurations/vls.lua , size = 0.466 KB
[08:43:19.988][info] [#0:script/workspace/loading.lua:112]: ++++As library of:	file:///home/mikep/.dotfiles/scripts/.local/share/nvim/lazy/nvim-lspconfig/lua
[08:43:19.988][info] [#0:script/workspace/loading.lua:100]: Preload file at: file:///home/mikep/.dotfiles/scripts/.local/share/nvim/lazy/nvim-lspconfig/lua/lspconfig/server_configurations/rls.lua , size = 0.892 KB
[08:43:19.988][info] [#0:script/workspace/loading.lua:112]: ++++As library of:	file:///home/mikep/.dotfiles/scripts/.local/share/nvim/lazy/nvim-lspconfig/lua
[08:43:19.988][info] [#0:script/workspace/loading.lua:100]: Preload file at: file:///home/mikep/.dotfiles/scripts/.local/share/nvim/lazy/nvim-lspconfig/lua/lspconfig/server_configurations/flow.lua , size = 0.552 KB
[08:43:19.989][info] [#0:script/workspace/loading.lua:112]: ++++As library of:	file:///home/mikep/.dotfiles/scripts/.local/share/nvim/lazy/nvim-lspconfig/lua
[08:43:19.989][info] [#0:script/workspace/loading.lua:100]: Preload file at: file:///home/mikep/.dotfiles/scripts/.local/share/nvim/lazy/nvim-lspconfig/lua/lspconfig/server_configurations/awk_ls.lua , size = 0.468 KB
[08:43:19.989][info] [#0:script/workspace/loading.lua:112]: ++++As library of:	file:///home/mikep/.dotfiles/scripts/.local/share/nvim/lazy/nvim-lspconfig/lua
[08:43:19.989][info] [#0:script/workspace/loading.lua:100]: Preload file at: file:///home/mikep/.dotfiles/scripts/.local/share/nvim/lazy/nvim-lspconfig/lua/lspconfig/server_configurations/pico8_ls.lua , size = 0.321 KB
[08:43:19.989][info] [#0:script/workspace/loading.lua:112]: ++++As library of:	file:///home/mikep/.dotfiles/scripts/.local/share/nvim/lazy/nvim-lspconfig/lua
[08:43:19.989][info] [#0:script/workspace/loading.lua:100]: Preload file at: file:///home/mikep/.dotfiles/scripts/.local/share/nvim/lazy/nvim-lspconfig/lua/lspconfig/server_configurations/hydra_lsp.lua , size = 0.395 KB
[08:43:19.989][info] [#0:script/workspace/loading.lua:112]: ++++As library of:	file:///home/mikep/.dotfiles/scripts/.local/share/nvim/lazy/nvim-lspconfig/lua
[08:43:19.989][info] [#0:script/workspace/loading.lua:100]: Preload file at: file:///home/mikep/.dotfiles/scripts/.local/share/nvim/lazy/nvim-lspconfig/lua/lspconfig/server_configurations/solang.lua , size = 0.661 KB
[08:43:19.989][info] [#0:script/workspace/loading.lua:112]: ++++As library of:	file:///home/mikep/.dotfiles/scripts/.local/share/nvim/lazy/nvim-lspconfig/lua
[08:43:19.990][info] [#0:script/workspace/loading.lua:100]: Preload file at: file:///home/mikep/.dotfiles/scripts/.local/share/nvim/lazy/nvim-lspconfig/lua/lspconfig/server_configurations/solargraph.lua , size = 0.591 KB
[08:43:19.990][info] [#0:script/workspace/loading.lua:112]: ++++As library of:	file:///home/mikep/.dotfiles/scripts/.local/share/nvim/lazy/nvim-lspconfig/lua
[08:43:19.990][info] [#0:script/workspace/loading.lua:100]: Preload file at: file:///home/mikep/.dotfiles/scripts/.local/share/nvim/lazy/nvim-lspconfig/lua/lspconfig/server_configurations/veridian.lua , size = 0.612 KB
[08:43:19.990][info] [#0:script/workspace/loading.lua:112]: ++++As library of:	file:///home/mikep/.dotfiles/scripts/.local/share/nvim/lazy/nvim-lspconfig/lua
[08:43:19.990][info] [#0:script/workspace/loading.lua:100]: Preload file at: file:///home/mikep/.dotfiles/scripts/.local/share/nvim/lazy/nvim-lspconfig/lua/lspconfig/server_configurations/vimls.lua , size = 0.802 KB
[08:43:19.991][info] [#0:script/workspace/loading.lua:112]: ++++As library of:	file:///home/mikep/.dotfiles/scripts/.local/share/nvim/lazy/nvim-lspconfig/lua
[08:43:19.991][info] [#0:script/workspace/loading.lua:100]: Preload file at: file:///home/mikep/.dotfiles/scripts/.local/share/nvim/lazy/nvim-lspconfig/lua/lspconfig/server_configurations/gdshader_lsp.lua , size = 0.342 KB
[08:43:19.991][info] [#0:script/workspace/loading.lua:112]: ++++As library of:	file:///home/mikep/.dotfiles/scripts/.local/share/nvim/lazy/nvim-lspconfig/lua
[08:43:19.991][info] [#0:script/workspace/loading.lua:100]: Preload file at: file:///home/mikep/.dotfiles/scripts/.local/share/nvim/lazy/nvim-lspconfig/lua/lspconfig/server_configurations/standardrb.lua , size = 0.407 KB
[08:43:19.991][info] [#0:script/workspace/loading.lua:112]: ++++As library of:	file:///home/mikep/.dotfiles/scripts/.local/share/nvim/lazy/nvim-lspconfig/lua
[08:43:19.991][info] [#0:script/workspace/loading.lua:100]: Preload file at: file:///home/mikep/.dotfiles/scripts/.local/share/nvim/lazy/nvim-lspconfig/lua/lspconfig/server_configurations/nil_ls.lua , size = 0.646 KB
[08:43:19.992][info] [#0:script/workspace/loading.lua:112]: ++++As library of:	file:///home/mikep/.dotfiles/scripts/.local/share/nvim/lazy/nvim-lspconfig/lua
[08:43:19.992][info] [#0:script/workspace/loading.lua:100]: Preload file at: file:///home/mikep/.dotfiles/scripts/.local/share/nvim/lazy/nvim-lspconfig/lua/lspconfig/server_configurations/cypher_ls.lua , size = 0.614 KB
[08:43:19.992][info] [#0:script/workspace/loading.lua:112]: ++++As library of:	file:///home/mikep/.dotfiles/scripts/.local/share/nvim/lazy/nvim-lspconfig/lua
[08:43:19.992][info] [#0:script/workspace/loading.lua:100]: Preload file at: file:///home/mikep/.dotfiles/scripts/.local/share/nvim/lazy/nvim-lspconfig/lua/lspconfig/server_configurations/rust_analyzer.lua , size = 3.698 KB
[08:43:19.993][info] [#0:script/workspace/loading.lua:112]: ++++As library of:	file:///home/mikep/.dotfiles/scripts/.local/share/nvim/lazy/nvim-lspconfig/lua
[08:43:19.993][info] [#0:script/workspace/loading.lua:100]: Preload file at: file:///home/mikep/.dotfiles/scripts/.local/share/nvim/lazy/nvim-lspconfig/lua/lspconfig/server_configurations/postgres_lsp.lua , size = 0.413 KB
[08:43:19.993][info] [#0:script/workspace/loading.lua:112]: ++++As library of:	file:///home/mikep/.dotfiles/scripts/.local/share/nvim/lazy/nvim-lspconfig/lua
[08:43:19.993][info] [#0:script/workspace/loading.lua:100]: Preload file at: file:///home/mikep/.dotfiles/scripts/.local/share/nvim/lazy/nvim-lspconfig/lua/lspconfig/server_configurations/bright_script.lua , size = 0.477 KB
[08:43:19.994][info] [#0:script/workspace/loading.lua:112]: ++++As library of:	file:///home/mikep/.dotfiles/scripts/.local/share/nvim/lazy/nvim-lspconfig/lua
[08:43:19.994][info] [#0:script/workspace/loading.lua:100]: Preload file at: file:///home/mikep/.dotfiles/scripts/.local/share/nvim/lazy/nvim-lspconfig/lua/lspconfig/server_configurations/fsharp_language_server.lua , size = 0.958 KB
[08:43:19.994][info] [#0:script/workspace/loading.lua:112]: ++++As library of:	file:///home/mikep/.dotfiles/scripts/.local/share/nvim/lazy/nvim-lspconfig/lua
[08:43:19.994][info] [#0:script/workspace/loading.lua:100]: Preload file at: file:///home/mikep/.dotfiles/scripts/.local/share/nvim/lazy/nvim-lspconfig/lua/lspconfig/server_configurations/racket_langserver.lua , size = 0.626 KB
[08:43:19.995][info] [#0:script/workspace/loading.lua:112]: ++++As library of:	file:///home/mikep/.dotfiles/scripts/.local/share/nvim/lazy/nvim-lspconfig/lua
[08:43:19.995][info] [#0:script/workspace/loading.lua:100]: Preload file at: file:///home/mikep/.dotfiles/scripts/.local/share/nvim/lazy/nvim-lspconfig/lua/lspconfig/server_configurations/wgsl_analyzer.lua , size = 0.482 KB
[08:43:19.995][info] [#0:script/workspace/loading.lua:112]: ++++As library of:	file:///home/mikep/.dotfiles/scripts/.local/share/nvim/lazy/nvim-lspconfig/lua
[08:43:19.995][info] [#0:script/workspace/loading.lua:100]: Preload file at: file:///home/mikep/.dotfiles/scripts/.local/share/nvim/lazy/nvim-lspconfig/lua/lspconfig/server_configurations/m68k.lua , size = 0.544 KB
[08:43:19.995][info] [#0:script/workspace/loading.lua:112]: ++++As library of:	file:///home/mikep/.dotfiles/scripts/.local/share/nvim/lazy/nvim-lspconfig/lua
[08:43:19.995][info] [#0:script/workspace/loading.lua:100]: Preload file at: file:///home/mikep/.dotfiles/scripts/.local/share/nvim/lazy/nvim-lspconfig/lua/lspconfig/server_configurations/cmake.lua , size = 0.658 KB
[08:43:19.995][info] [#0:script/workspace/loading.lua:112]: ++++As library of:	file:///home/mikep/.dotfiles/scripts/.local/share/nvim/lazy/nvim-lspconfig/lua
[08:43:19.995][info] [#0:script/workspace/loading.lua:100]: Preload file at: file:///home/mikep/.dotfiles/scripts/.local/share/nvim/lazy/nvim-lspconfig/lua/lspconfig/server_configurations/tflint.lua , size = 0.552 KB
[08:43:19.996][info] [#0:script/workspace/loading.lua:112]: ++++As library of:	file:///home/mikep/.dotfiles/scripts/.local/share/nvim/lazy/nvim-lspconfig/lua
[08:43:19.996][info] [#0:script/workspace/loading.lua:100]: Preload file at: file:///home/mikep/.dotfiles/scripts/.local/share/nvim/lazy/nvim-lspconfig/lua/lspconfig/server_configurations/ocamlls.lua , size = 0.522 KB
[08:43:19.996][info] [#0:script/workspace/loading.lua:112]: ++++As library of:	file:///home/mikep/.dotfiles/scripts/.local/share/nvim/lazy/nvim-lspconfig/lua
[08:43:19.996][info] [#0:script/workspace/loading.lua:100]: Preload file at: file:///home/mikep/.dotfiles/scripts/.local/share/nvim/lazy/nvim-lspconfig/lua/lspconfig/server_configurations/scry.lua , size = 0.469 KB
[08:43:19.996][info] [#0:script/workspace/loading.lua:112]: ++++As library of:	file:///home/mikep/.dotfiles/scripts/.local/share/nvim/lazy/nvim-lspconfig/lua
[08:43:19.996][info] [#0:script/workspace/loading.lua:100]: Preload file at: file:///home/mikep/.dotfiles/scripts/.local/share/nvim/lazy/nvim-lspconfig/lua/lspconfig/server_configurations/opencl_ls.lua , size = 0.589 KB
[08:43:19.997][info] [#0:script/workspace/loading.lua:112]: ++++As library of:	file:///home/mikep/.dotfiles/scripts/.local/share/nvim/lazy/nvim-lspconfig/lua
[08:43:19.997][info] [#0:script/workspace/loading.lua:100]: Preload file at: file:///home/mikep/.dotfiles/scripts/.local/share/nvim/lazy/nvim-lspconfig/lua/lspconfig/server_configurations/scheme_langserver.lua , size = 0.563 KB
[08:43:19.997][info] [#0:script/workspace/loading.lua:112]: ++++As library of:	file:///home/mikep/.dotfiles/scripts/.local/share/nvim/lazy/nvim-lspconfig/lua
[08:43:19.997][info] [#0:script/workspace/loading.lua:100]: Preload file at: file:///home/mikep/.dotfiles/scripts/.local/share/nvim/lazy/nvim-lspconfig/lua/lspconfig/server_configurations/r_language_server.lua , size = 0.696 KB
[08:43:19.998][info] [#0:script/workspace/loading.lua:112]: ++++As library of:	file:///home/mikep/.dotfiles/scripts/.local/share/nvim/lazy/nvim-lspconfig/lua
[08:43:19.998][info] [#0:script/workspace/loading.lua:100]: Preload file at: file:///home/mikep/.dotfiles/scripts/.local/share/nvim/lazy/nvim-lspconfig/lua/lspconfig/server_configurations/kotlin_language_server.lua , size = 1.818 KB
[08:43:19.998][info] [#0:script/workspace/loading.lua:112]: ++++As library of:	file:///home/mikep/.dotfiles/scripts/.local/share/nvim/lazy/nvim-lspconfig/lua
[08:43:19.999][info] [#0:script/workspace/loading.lua:100]: Preload file at: file:///home/mikep/.dotfiles/scripts/.local/share/nvim/lazy/nvim-lspconfig/lua/lspconfig/server_configurations/sorbet.lua , size = 0.563 KB
[08:43:19.999][info] [#0:script/workspace/loading.lua:112]: ++++As library of:	file:///home/mikep/.dotfiles/scripts/.local/share/nvim/lazy/nvim-lspconfig/lua
[08:43:19.999][info] [#0:script/workspace/loading.lua:100]: Preload file at: file:///home/mikep/.dotfiles/scripts/.local/share/nvim/lazy/nvim-lspconfig/lua/lspconfig/server_configurations/steep.lua , size = 0.468 KB
[08:43:19.999][info] [#0:script/workspace/loading.lua:112]: ++++As library of:	file:///home/mikep/.dotfiles/scripts/.local/share/nvim/lazy/nvim-lspconfig/lua
[08:43:19.999][info] [#0:script/workspace/loading.lua:100]: Preload file at: file:///home/mikep/.dotfiles/scripts/.local/share/nvim/lazy/nvim-lspconfig/lua/lspconfig/server_configurations/html.lua , size = 1.274 KB
[08:43:19.999][info] [#0:script/workspace/loading.lua:112]: ++++As library of:	file:///home/mikep/.dotfiles/scripts/.local/share/nvim/lazy/nvim-lspconfig/lua
[08:43:20.000][info] [#0:script/workspace/loading.lua:100]: Preload file at: file:///home/mikep/.dotfiles/scripts/.local/share/nvim/lazy/nvim-lspconfig/lua/lspconfig/server_configurations/custom_elements_ls.lua , size = 1.088 KB
[08:43:20.000][info] [#0:script/workspace/loading.lua:112]: ++++As library of:	file:///home/mikep/.dotfiles/scripts/.local/share/nvim/lazy/nvim-lspconfig/lua
[08:43:20.000][info] [#0:script/workspace/loading.lua:100]: Preload file at: file:///home/mikep/.dotfiles/scripts/.local/share/nvim/lazy/nvim-lspconfig/lua/lspconfig/server_configurations/dockerls.lua , size = 0.771 KB
[08:43:20.000][info] [#0:script/workspace/loading.lua:112]: ++++As library of:	file:///home/mikep/.dotfiles/scripts/.local/share/nvim/lazy/nvim-lspconfig/lua
[08:43:20.000][info] [#0:script/workspace/loading.lua:100]: Preload file at: file:///home/mikep/.dotfiles/scripts/.local/share/nvim/lazy/nvim-lspconfig/lua/lspconfig/server_configurations/contextive.lua , size = 0.751 KB
[08:43:20.001][info] [#0:script/workspace/loading.lua:112]: ++++As library of:	file:///home/mikep/.dotfiles/scripts/.local/share/nvim/lazy/nvim-lspconfig/lua
[08:43:20.001][info] [#0:script/workspace/loading.lua:100]: Preload file at: file:///home/mikep/.dotfiles/scripts/.local/share/nvim/lazy/nvim-lspconfig/lua/lspconfig/server_configurations/bufls.lua , size = 0.620 KB
[08:43:20.001][info] [#0:script/workspace/loading.lua:112]: ++++As library of:	file:///home/mikep/.dotfiles/scripts/.local/share/nvim/lazy/nvim-lspconfig/lua
[08:43:20.001][info] [#0:script/workspace/loading.lua:100]: Preload file at: file:///home/mikep/.dotfiles/scripts/.local/share/nvim/lazy/nvim-lspconfig/lua/lspconfig/server_configurations/stylelint_lsp.lua , size = 1.044 KB
[08:43:20.001][info] [#0:script/workspace/loading.lua:112]: ++++As library of:	file:///home/mikep/.dotfiles/scripts/.local/share/nvim/lazy/nvim-lspconfig/lua
[08:43:20.001][info] [#0:script/workspace/loading.lua:100]: Preload file at: file:///home/mikep/.dotfiles/scripts/.local/share/nvim/lazy/nvim-lspconfig/lua/lspconfig/server_configurations/dotls.lua , size = 0.399 KB
[08:43:20.002][info] [#0:script/workspace/loading.lua:112]: ++++As library of:	file:///home/mikep/.dotfiles/scripts/.local/share/nvim/lazy/nvim-lspconfig/lua
[08:43:20.002][info] [#0:script/workspace/loading.lua:100]: Preload file at: file:///home/mikep/.dotfiles/scripts/.local/share/nvim/lazy/nvim-lspconfig/lua/lspconfig/server_configurations/zk.lua , size = 1.824 KB
[08:43:20.002][info] [#0:script/workspace/loading.lua:112]: ++++As library of:	file:///home/mikep/.dotfiles/scripts/.local/share/nvim/lazy/nvim-lspconfig/lua
[08:43:20.003][info] [#0:script/workspace/loading.lua:100]: Preload file at: file:///home/mikep/.dotfiles/scripts/.local/share/nvim/lazy/nvim-lspconfig/lua/lspconfig/server_configurations/lexical.lua , size = 0.707 KB
[08:43:20.003][info] [#0:script/workspace/loading.lua:112]: ++++As library of:	file:///home/mikep/.dotfiles/scripts/.local/share/nvim/lazy/nvim-lspconfig/lua
[08:43:20.003][info] [#0:script/workspace/loading.lua:100]: Preload file at: file:///home/mikep/.dotfiles/scripts/.local/share/nvim/lazy/nvim-lspconfig/lua/lspconfig/server_configurations/robotframework_ls.lua , size = 0.645 KB
[08:43:20.003][info] [#0:script/workspace/loading.lua:112]: ++++As library of:	file:///home/mikep/.dotfiles/scripts/.local/share/nvim/lazy/nvim-lspconfig/lua
[08:43:20.003][info] [#0:script/workspace/loading.lua:100]: Preload file at: file:///home/mikep/.dotfiles/scripts/.local/share/nvim/lazy/nvim-lspconfig/lua/lspconfig/server_configurations/rescriptls.lua , size = 1.403 KB
[08:43:20.004][info] [#0:script/workspace/loading.lua:112]: ++++As library of:	file:///home/mikep/.dotfiles/scripts/.local/share/nvim/lazy/nvim-lspconfig/lua
[08:43:20.004][info] [#0:script/workspace/loading.lua:100]: Preload file at: file:///home/mikep/.dotfiles/scripts/.local/share/nvim/lazy/nvim-lspconfig/lua/lspconfig/server_configurations/rome.lua , size = 0.788 KB
[08:43:20.004][info] [#0:script/workspace/loading.lua:112]: ++++As library of:	file:///home/mikep/.dotfiles/scripts/.local/share/nvim/lazy/nvim-lspconfig/lua
[08:43:20.004][info] [#0:script/workspace/loading.lua:100]: Preload file at: file:///home/mikep/.dotfiles/scripts/.local/share/nvim/lazy/nvim-lspconfig/lua/lspconfig/server_configurations/crystalline.lua , size = 0.422 KB
[08:43:20.005][info] [#0:script/workspace/loading.lua:112]: ++++As library of:	file:///home/mikep/.dotfiles/scripts/.local/share/nvim/lazy/nvim-lspconfig/lua
[08:43:20.005][info] [#0:script/workspace/loading.lua:100]: Preload file at: file:///home/mikep/.dotfiles/scripts/.local/share/nvim/lazy/nvim-lspconfig/lua/lspconfig/server_configurations/clojure_lsp.lua , size = 0.495 KB
[08:43:20.005][info] [#0:script/workspace/loading.lua:112]: ++++As library of:	file:///home/mikep/.dotfiles/scripts/.local/share/nvim/lazy/nvim-lspconfig/lua
[08:43:20.005][info] [#0:script/workspace/loading.lua:100]: Preload file at: file:///home/mikep/.dotfiles/scripts/.local/share/nvim/lazy/nvim-lspconfig/lua/lspconfig/server_configurations/jedi_language_server.lua , size = 0.579 KB
[08:43:20.005][info] [#0:script/workspace/loading.lua:112]: ++++As library of:	file:///home/mikep/.dotfiles/scripts/.local/share/nvim/lazy/nvim-lspconfig/lua
[08:43:20.006][info] [#0:script/workspace/loading.lua:100]: Preload file at: file:///home/mikep/.dotfiles/scripts/.local/share/nvim/lazy/nvim-lspconfig/lua/lspconfig/server_configurations/millet.lua , size = 0.521 KB
[08:43:20.006][info] [#0:script/workspace/loading.lua:112]: ++++As library of:	file:///home/mikep/.dotfiles/scripts/.local/share/nvim/lazy/nvim-lspconfig/lua
[08:43:20.006][info] [#0:script/workspace/loading.lua:100]: Preload file at: file:///home/mikep/.dotfiles/scripts/.local/share/nvim/lazy/nvim-lspconfig/lua/lspconfig/server_configurations/fstar.lua , size = 0.396 KB
[08:43:20.006][info] [#0:script/workspace/loading.lua:112]: ++++As library of:	file:///home/mikep/.dotfiles/scripts/.local/share/nvim/lazy/nvim-lspconfig/lua
[08:43:20.006][info] [#0:script/workspace/loading.lua:100]: Preload file at: file:///home/mikep/.dotfiles/scripts/.local/share/nvim/lazy/nvim-lspconfig/lua/lspconfig/server_configurations/pylyzer.lua , size = 0.756 KB
[08:43:20.006][info] [#0:script/workspace/loading.lua:112]: ++++As library of:	file:///home/mikep/.dotfiles/scripts/.local/share/nvim/lazy/nvim-lspconfig/lua
[08:43:20.007][info] [#0:script/workspace/loading.lua:100]: Preload file at: file:///home/mikep/.dotfiles/scripts/.local/share/nvim/lazy/nvim-lspconfig/lua/lspconfig/server_configurations/pest_ls.lua , size = 0.328 KB
[08:43:20.007][info] [#0:script/workspace/loading.lua:112]: ++++As library of:	file:///home/mikep/.dotfiles/scripts/.local/share/nvim/lazy/nvim-lspconfig/lua
[08:43:20.007][info] [#0:script/workspace/loading.lua:100]: Preload file at: file:///home/mikep/.dotfiles/scripts/.local/share/nvim/lazy/nvim-lspconfig/lua/lspconfig/server_configurations/css_variables.lua , size = 1.684 KB
[08:43:20.007][info] [#0:script/workspace/loading.lua:112]: ++++As library of:	file:///home/mikep/.dotfiles/scripts/.local/share/nvim/lazy/nvim-lspconfig/lua
[08:43:20.008][info] [#0:script/workspace/loading.lua:100]: Preload file at: file:///home/mikep/.dotfiles/scripts/.local/share/nvim/lazy/nvim-lspconfig/lua/lspconfig/server_configurations/harper_ls.lua , size = 0.988 KB
[08:43:20.008][info] [#0:script/workspace/loading.lua:112]: ++++As library of:	file:///home/mikep/.dotfiles/scripts/.local/share/nvim/lazy/nvim-lspconfig/lua
[08:43:20.008][info] [#0:script/workspace/loading.lua:100]: Preload file at: file:///home/mikep/.dotfiles/scripts/.local/share/nvim/lazy/nvim-lspconfig/lua/lspconfig/server_configurations/gleam.lua , size = 0.544 KB
[08:43:20.008][info] [#0:script/workspace/loading.lua:112]: ++++As library of:	file:///home/mikep/.dotfiles/scripts/.local/share/nvim/lazy/nvim-lspconfig/lua
[08:43:20.008][info] [#0:script/workspace/loading.lua:100]: Preload file at: file:///home/mikep/.dotfiles/scripts/.local/share/nvim/lazy/nvim-lspconfig/lua/lspconfig/server_configurations/janet_lsp.lua , size = 0.450 KB
[08:43:20.009][info] [#0:script/workspace/loading.lua:112]: ++++As library of:	file:///home/mikep/.dotfiles/scripts/.local/share/nvim/lazy/nvim-lspconfig/lua
[08:43:20.009][info] [#0:script/workspace/loading.lua:100]: Preload file at: file:///home/mikep/.dotfiles/scripts/.local/share/nvim/lazy/nvim-lspconfig/lua/lspconfig/server_configurations/golangci_lint_ls.lua , size = 1.001 KB
[08:43:20.009][info] [#0:script/workspace/loading.lua:112]: ++++As library of:	file:///home/mikep/.dotfiles/scripts/.local/share/nvim/lazy/nvim-lspconfig/lua
[08:43:20.009][info] [#0:script/workspace/loading.lua:100]: Preload file at: file:///home/mikep/.dotfiles/scripts/.local/share/nvim/lazy/nvim-lspconfig/lua/lspconfig/server_configurations/bazelrc_lsp.lua , size = 0.562 KB
[08:43:20.009][info] [#0:script/workspace/loading.lua:112]: ++++As library of:	file:///home/mikep/.dotfiles/scripts/.local/share/nvim/lazy/nvim-lspconfig/lua
[08:43:20.010][info] [#0:script/workspace/loading.lua:100]: Preload file at: file:///home/mikep/.dotfiles/scripts/.local/share/nvim/lazy/nvim-lspconfig/lua/lspconfig/server_configurations/bacon_ls.lua , size = 1.050 KB
[08:43:20.010][info] [#0:script/workspace/loading.lua:112]: ++++As library of:	file:///home/mikep/.dotfiles/scripts/.local/share/nvim/lazy/nvim-lspconfig/lua
[08:43:20.010][info] [#0:script/workspace/loading.lua:100]: Preload file at: file:///home/mikep/.dotfiles/scripts/.local/share/nvim/lazy/nvim-lspconfig/lua/lspconfig/server_configurations/nginx_language_server.lua , size = 0.489 KB
[08:43:20.010][info] [#0:script/workspace/loading.lua:112]: ++++As library of:	file:///home/mikep/.dotfiles/scripts/.local/share/nvim/lazy/nvim-lspconfig/lua
[08:43:20.010][info] [#0:script/workspace/loading.lua:100]: Preload file at: file:///home/mikep/.dotfiles/scripts/.local/share/nvim/lazy/nvim-lspconfig/lua/lspconfig/server_configurations/bzl.lua , size = 0.507 KB
[08:43:20.011][info] [#0:script/workspace/loading.lua:112]: ++++As library of:	file:///home/mikep/.dotfiles/scripts/.local/share/nvim/lazy/nvim-lspconfig/lua
[08:43:20.011][info] [#0:script/workspace/loading.lua:100]: Preload file at: file:///home/mikep/.dotfiles/scripts/.local/share/nvim/lazy/nvim-lspconfig/lua/lspconfig/server_configurations/spectral.lua , size = 0.857 KB
[08:43:20.011][info] [#0:script/workspace/loading.lua:112]: ++++As library of:	file:///home/mikep/.dotfiles/scripts/.local/share/nvim/lazy/nvim-lspconfig/lua
[08:43:20.011][info] [#0:script/workspace/loading.lua:100]: Preload file at: file:///home/mikep/.dotfiles/scripts/.local/share/nvim/lazy/nvim-lspconfig/lua/lspconfig/server_configurations/fortls.lua , size = 0.868 KB
[08:43:20.011][info] [#0:script/workspace/loading.lua:112]: ++++As library of:	file:///home/mikep/.dotfiles/scripts/.local/share/nvim/lazy/nvim-lspconfig/lua
[08:43:20.011][info] [#0:script/workspace/loading.lua:100]: Preload file at: file:///home/mikep/.dotfiles/scripts/.local/share/nvim/lazy/nvim-lspconfig/lua/lspconfig/server_configurations/prismals.lua , size = 0.574 KB
[08:43:20.012][info] [#0:script/workspace/loading.lua:112]: ++++As library of:	file:///home/mikep/.dotfiles/scripts/.local/share/nvim/lazy/nvim-lspconfig/lua
[08:43:20.012][info] [#0:script/workspace/loading.lua:100]: Preload file at: file:///home/mikep/.dotfiles/scripts/.local/share/nvim/lazy/nvim-lspconfig/lua/lspconfig/server_configurations/cssmodules_ls.lua , size = 0.613 KB
[08:43:20.012][info] [#0:script/workspace/loading.lua:112]: ++++As library of:	file:///home/mikep/.dotfiles/scripts/.local/share/nvim/lazy/nvim-lspconfig/lua
[08:43:20.012][info] [#0:script/workspace/loading.lua:100]: Preload file at: file:///home/mikep/.dotfiles/scripts/.local/share/nvim/lazy/nvim-lspconfig/lua/lspconfig/server_configurations/mdx_analyzer.lua , size = 0.929 KB
[08:43:20.013][info] [#0:script/workspace/loading.lua:112]: ++++As library of:	file:///home/mikep/.dotfiles/scripts/.local/share/nvim/lazy/nvim-lspconfig/lua
[08:43:20.013][info] [#0:script/workspace/loading.lua:100]: Preload file at: file:///home/mikep/.dotfiles/scripts/.local/share/nvim/lazy/nvim-lspconfig/lua/lspconfig/server_configurations/gitlab_ci_ls.lua , size = 0.969 KB
[08:43:20.013][info] [#0:script/workspace/loading.lua:112]: ++++As library of:	file:///home/mikep/.dotfiles/scripts/.local/share/nvim/lazy/nvim-lspconfig/lua
[08:43:20.013][info] [#0:script/workspace/loading.lua:100]: Preload file at: file:///home/mikep/.dotfiles/scripts/.local/share/nvim/lazy/nvim-lspconfig/lua/lspconfig/server_configurations/ast_grep.lua , size = 0.827 KB
[08:43:20.013][info] [#0:script/workspace/loading.lua:112]: ++++As library of:	file:///home/mikep/.dotfiles/scripts/.local/share/nvim/lazy/nvim-lspconfig/lua
[08:43:20.013][info] [#0:script/workspace/loading.lua:100]: Preload file at: file:///home/mikep/.dotfiles/scripts/.local/share/nvim/lazy/nvim-lspconfig/lua/lspconfig/server_configurations/sqls.lua , size = 0.598 KB
[08:43:20.013][info] [#0:script/workspace/loading.lua:112]: ++++As library of:	file:///home/mikep/.dotfiles/scripts/.local/share/nvim/lazy/nvim-lspconfig/lua
[08:43:20.014][info] [#0:script/workspace/loading.lua:100]: Preload file at: file:///home/mikep/.dotfiles/scripts/.local/share/nvim/lazy/nvim-lspconfig/lua/lspconfig/server_configurations/fsautocomplete.lua , size = 1.973 KB
[08:43:20.014][info] [#0:script/workspace/loading.lua:112]: ++++As library of:	file:///home/mikep/.dotfiles/scripts/.local/share/nvim/lazy/nvim-lspconfig/lua
[08:43:20.014][info] [#0:script/workspace/loading.lua:100]: Preload file at: file:///home/mikep/.dotfiles/scripts/.local/share/nvim/lazy/nvim-lspconfig/lua/lspconfig/server_configurations/nushell.lua , size = 0.379 KB
[08:43:20.014][info] [#0:script/workspace/loading.lua:112]: ++++As library of:	file:///home/mikep/.dotfiles/scripts/.local/share/nvim/lazy/nvim-lspconfig/lua
[08:43:20.014][info] [#0:script/workspace/loading.lua:100]: Preload file at: file:///home/mikep/.dotfiles/scripts/.local/share/nvim/lazy/nvim-lspconfig/lua/lspconfig/server_configurations/ruby_lsp.lua , size = 0.709 KB
[08:43:20.015][info] [#0:script/workspace/loading.lua:112]: ++++As library of:	file:///home/mikep/.dotfiles/scripts/.local/share/nvim/lazy/nvim-lspconfig/lua
[08:43:20.015][info] [#0:script/workspace/loading.lua:100]: Preload file at: file:///home/mikep/.dotfiles/scripts/.local/share/nvim/lazy/nvim-lspconfig/lua/lspconfig/server_configurations/hoon_ls.lua , size = 0.521 KB
[08:43:20.015][info] [#0:script/workspace/loading.lua:112]: ++++As library of:	file:///home/mikep/.dotfiles/scripts/.local/share/nvim/lazy/nvim-lspconfig/lua
[08:43:20.015][info] [#0:script/workspace/loading.lua:100]: Preload file at: file:///home/mikep/.dotfiles/scripts/.local/share/nvim/lazy/nvim-lspconfig/lua/lspconfig/server_configurations/rune_languageserver.lua , size = 0.493 KB
[08:43:20.015][info] [#0:script/workspace/loading.lua:112]: ++++As library of:	file:///home/mikep/.dotfiles/scripts/.local/share/nvim/lazy/nvim-lspconfig/lua
[08:43:20.015][info] [#0:script/workspace/loading.lua:100]: Preload file at: file:///home/mikep/.dotfiles/scripts/.local/share/nvim/lazy/nvim-lspconfig/lua/lspconfig/server_configurations/hie.lua , size = 0.868 KB
[08:43:20.016][info] [#0:script/workspace/loading.lua:112]: ++++As library of:	file:///home/mikep/.dotfiles/scripts/.local/share/nvim/lazy/nvim-lspconfig/lua
[08:43:20.016][info] [#0:script/workspace/loading.lua:100]: Preload file at: file:///home/mikep/.dotfiles/scripts/.local/share/nvim/lazy/nvim-lspconfig/lua/lspconfig/server_configurations/ember.lua , size = 0.589 KB
[08:43:20.016][info] [#0:script/workspace/loading.lua:112]: ++++As library of:	file:///home/mikep/.dotfiles/scripts/.local/share/nvim/lazy/nvim-lspconfig/lua
[08:43:20.016][info] [#0:script/workspace/loading.lua:100]: Preload file at: file:///home/mikep/.dotfiles/scripts/.local/share/nvim/lazy/nvim-lspconfig/lua/lspconfig/server_configurations/vuels.lua , size = 1.337 KB
[08:43:20.017][info] [#0:script/workspace/loading.lua:112]: ++++As library of:	file:///home/mikep/.dotfiles/scripts/.local/share/nvim/lazy/nvim-lspconfig/lua
[08:43:20.017][info] [#0:script/workspace/loading.lua:100]: Preload file at: file:///home/mikep/.dotfiles/scripts/.local/share/nvim/lazy/nvim-lspconfig/lua/lspconfig/server_configurations/superhtml.lua , size = 0.729 KB
[08:43:20.017][info] [#0:script/workspace/loading.lua:112]: ++++As library of:	file:///home/mikep/.dotfiles/scripts/.local/share/nvim/lazy/nvim-lspconfig/lua
[08:43:20.017][info] [#0:script/workspace/loading.lua:100]: Preload file at: file:///home/mikep/.dotfiles/scripts/.local/share/nvim/lazy/nvim-lspconfig/lua/lspconfig/server_configurations/puppet.lua , size = 0.845 KB
[08:43:20.017][info] [#0:script/workspace/loading.lua:112]: ++++As library of:	file:///home/mikep/.dotfiles/scripts/.local/share/nvim/lazy/nvim-lspconfig/lua
[08:43:20.017][info] [#0:script/workspace/loading.lua:100]: Preload file at: file:///home/mikep/.dotfiles/scripts/.local/share/nvim/lazy/nvim-lspconfig/lua/lspconfig/server_configurations/tailwindcss.lua , size = 3.089 KB
[08:43:20.018][info] [#0:script/workspace/loading.lua:112]: ++++As library of:	file:///home/mikep/.dotfiles/scripts/.local/share/nvim/lazy/nvim-lspconfig/lua
[08:43:20.018][info] [#0:script/workspace/loading.lua:100]: Preload file at: file:///home/mikep/.dotfiles/scripts/.local/share/nvim/lazy/nvim-lspconfig/lua/lspconfig/server_configurations/ruff_lsp.lua , size = 0.867 KB
[08:43:20.018][info] [#0:script/workspace/loading.lua:112]: ++++As library of:	file:///home/mikep/.dotfiles/scripts/.local/share/nvim/lazy/nvim-lspconfig/lua
[08:43:20.018][info] [#0:script/workspace/loading.lua:100]: Preload file at: file:///home/mikep/.dotfiles/scripts/.local/share/nvim/lazy/nvim-lspconfig/lua/lspconfig/server_configurations/please.lua , size = 0.446 KB
[08:43:20.019][info] [#0:script/workspace/loading.lua:112]: ++++As library of:	file:///home/mikep/.dotfiles/scripts/.local/share/nvim/lazy/nvim-lspconfig/lua
[08:43:20.019][info] [#0:script/workspace/loading.lua:100]: Preload file at: file:///home/mikep/.dotfiles/scripts/.local/share/nvim/lazy/nvim-lspconfig/lua/lspconfig/server_configurations/earthlyls.lua , size = 0.291 KB
[08:43:20.019][info] [#0:script/workspace/loading.lua:112]: ++++As library of:	file:///home/mikep/.dotfiles/scripts/.local/share/nvim/lazy/nvim-lspconfig/lua
[08:43:20.019][info] [#0:script/workspace/loading.lua:100]: Preload file at: file:///home/mikep/.dotfiles/scripts/.local/share/nvim/lazy/nvim-lspconfig/lua/lspconfig/server_configurations/ziggy_schema.lua , size = 0.451 KB
[08:43:20.019][info] [#0:script/workspace/loading.lua:112]: ++++As library of:	file:///home/mikep/.dotfiles/scripts/.local/share/nvim/lazy/nvim-lspconfig/lua
[08:43:20.019][info] [#0:script/workspace/loading.lua:100]: Preload file at: file:///home/mikep/.dotfiles/scripts/.local/share/nvim/lazy/nvim-lspconfig/lua/lspconfig/server_configurations/unison.lua , size = 0.353 KB
[08:43:20.020][info] [#0:script/workspace/loading.lua:112]: ++++As library of:	file:///home/mikep/.dotfiles/scripts/.local/share/nvim/lazy/nvim-lspconfig/lua
[08:43:20.020][info] [#0:script/workspace/loading.lua:100]: Preload file at: file:///home/mikep/.dotfiles/scripts/.local/share/nvim/lazy/nvim-lspconfig/lua/lspconfig/server_configurations/yamlls.lua , size = 2.446 KB
[08:43:20.020][info] [#0:script/workspace/loading.lua:112]: ++++As library of:	file:///home/mikep/.dotfiles/scripts/.local/share/nvim/lazy/nvim-lspconfig/lua
[08:43:20.020][info] [#0:script/workspace/loading.lua:100]: Preload file at: file:///home/mikep/.dotfiles/scripts/.local/share/nvim/lazy/nvim-lspconfig/lua/lspconfig/server_configurations/julials.lua , size = 2.465 KB
[08:43:20.021][info] [#0:script/workspace/loading.lua:112]: ++++As library of:	file:///home/mikep/.dotfiles/scripts/.local/share/nvim/lazy/nvim-lspconfig/lua
[08:43:20.021][info] [#0:script/workspace/loading.lua:100]: Preload file at: file:///home/mikep/.dotfiles/scripts/.local/share/nvim/lazy/nvim-lspconfig/lua/lspconfig/server_configurations/emmet_language_server.lua , size = 0.666 KB
[08:43:20.021][info] [#0:script/workspace/loading.lua:112]: ++++As library of:	file:///home/mikep/.dotfiles/scripts/.local/share/nvim/lazy/nvim-lspconfig/lua
[08:43:20.021][info] [#0:script/workspace/loading.lua:100]: Preload file at: file:///home/mikep/.dotfiles/scripts/.local/share/nvim/lazy/nvim-lspconfig/lua/lspconfig/server_configurations/dcmls.lua , size = 0.374 KB
[08:43:20.021][info] [#0:script/workspace/loading.lua:112]: ++++As library of:	file:///home/mikep/.dotfiles/scripts/.local/share/nvim/lazy/nvim-lspconfig/lua
[08:43:20.021][info] [#0:script/workspace/loading.lua:100]: Preload file at: file:///home/mikep/.dotfiles/scripts/.local/share/nvim/lazy/nvim-lspconfig/lua/lspconfig/server_configurations/uiua.lua , size = 0.656 KB
[08:43:20.022][info] [#0:script/workspace/loading.lua:112]: ++++As library of:	file:///home/mikep/.dotfiles/scripts/.local/share/nvim/lazy/nvim-lspconfig/lua
[08:43:20.022][info] [#0:script/workspace/loading.lua:100]: Preload file at: file:///home/mikep/.dotfiles/scripts/.local/share/nvim/lazy/nvim-lspconfig/lua/lspconfig/server_configurations/protols.lua , size = 0.429 KB
[08:43:20.022][info] [#0:script/workspace/loading.lua:112]: ++++As library of:	file:///home/mikep/.dotfiles/scripts/.local/share/nvim/lazy/nvim-lspconfig/lua
[08:43:20.023][info] [#0:script/workspace/loading.lua:100]: Preload file at: file:///home/mikep/.dotfiles/scripts/.local/share/nvim/lazy/nvim-lspconfig/lua/lspconfig/server_configurations/tblgen_lsp_server.lua , size = 0.563 KB
[08:43:20.023][info] [#0:script/workspace/loading.lua:112]: ++++As library of:	file:///home/mikep/.dotfiles/scripts/.local/share/nvim/lazy/nvim-lspconfig/lua
[08:43:20.023][info] [#0:script/workspace/loading.lua:100]: Preload file at: file:///home/mikep/.dotfiles/scripts/.local/share/nvim/lazy/nvim-lspconfig/lua/lspconfig/server_configurations/veryl_ls.lua , size = 0.421 KB
[08:43:20.023][info] [#0:script/workspace/loading.lua:112]: ++++As library of:	file:///home/mikep/.dotfiles/scripts/.local/share/nvim/lazy/nvim-lspconfig/lua
[08:43:20.023][info] [#0:script/workspace/loading.lua:100]: Preload file at: file:///home/mikep/.dotfiles/scripts/.local/share/nvim/lazy/nvim-lspconfig/lua/lspconfig/server_configurations/kcl.lua , size = 0.388 KB
[08:43:20.024][info] [#0:script/workspace/loading.lua:112]: ++++As library of:	file:///home/mikep/.dotfiles/scripts/.local/share/nvim/lazy/nvim-lspconfig/lua
[08:43:20.024][info] [#0:script/workspace/loading.lua:100]: Preload file at: file:///home/mikep/.dotfiles/scripts/.local/share/nvim/lazy/nvim-lspconfig/lua/lspconfig/server_configurations/phan.lua , size = 0.792 KB
[08:43:20.024][info] [#0:script/workspace/loading.lua:112]: ++++As library of:	file:///home/mikep/.dotfiles/scripts/.local/share/nvim/lazy/nvim-lspconfig/lua
[08:43:20.024][info] [#0:script/workspace/loading.lua:100]: Preload file at: file:///home/mikep/.dotfiles/scripts/.local/share/nvim/lazy/nvim-lspconfig/lua/lspconfig/server_configurations/dagger.lua , size = 0.438 KB
[08:43:20.024][info] [#0:script/workspace/loading.lua:112]: ++++As library of:	file:///home/mikep/.dotfiles/scripts/.local/share/nvim/lazy/nvim-lspconfig/lua
[08:43:20.024][info] [#0:script/workspace/loading.lua:100]: Preload file at: file:///home/mikep/.dotfiles/scripts/.local/share/nvim/lazy/nvim-lspconfig/lua/lspconfig/server_configurations/bsl_ls.lua , size = 0.411 KB
[08:43:20.025][info] [#0:script/workspace/loading.lua:112]: ++++As library of:	file:///home/mikep/.dotfiles/scripts/.local/share/nvim/lazy/nvim-lspconfig/lua
[08:43:20.025][info] [#0:script/workspace/loading.lua:100]: Preload file at: file:///home/mikep/.dotfiles/scripts/.local/share/nvim/lazy/nvim-lspconfig/lua/lspconfig/server_configurations/elixirls.lua , size = 1.657 KB
[08:43:20.025][info] [#0:script/workspace/loading.lua:112]: ++++As library of:	file:///home/mikep/.dotfiles/scripts/.local/share/nvim/lazy/nvim-lspconfig/lua
[08:43:20.025][info] [#0:script/workspace/loading.lua:100]: Preload file at: file:///home/mikep/.dotfiles/scripts/.local/share/nvim/lazy/nvim-lspconfig/lua/lspconfig/server_configurations/java_language_server.lua , size = 0.414 KB
[08:43:20.025][info] [#0:script/workspace/loading.lua:112]: ++++As library of:	file:///home/mikep/.dotfiles/scripts/.local/share/nvim/lazy/nvim-lspconfig/lua
[08:43:20.025][info] [#0:script/workspace/loading.lua:100]: Preload file at: file:///home/mikep/.dotfiles/scripts/.local/share/nvim/lazy/nvim-lspconfig/lua/lspconfig/server_configurations/marksman.lua , size = 0.859 KB
[08:43:20.026][info] [#0:script/workspace/loading.lua:112]: ++++As library of:	file:///home/mikep/.dotfiles/scripts/.local/share/nvim/lazy/nvim-lspconfig/lua
[08:43:20.026][info] [#0:script/workspace/loading.lua:100]: Preload file at: file:///home/mikep/.dotfiles/scripts/.local/share/nvim/lazy/nvim-lspconfig/lua/lspconfig/server_configurations/solc.lua , size = 0.452 KB
[08:43:20.026][info] [#0:script/workspace/loading.lua:112]: ++++As library of:	file:///home/mikep/.dotfiles/scripts/.local/share/nvim/lazy/nvim-lspconfig/lua
[08:43:20.026][info] [#0:script/workspace/loading.lua:100]: Preload file at: file:///home/mikep/.dotfiles/scripts/.local/share/nvim/lazy/nvim-lspconfig/lua/lspconfig/server_configurations/nimls.lua , size = 0.442 KB
[08:43:20.027][info] [#0:script/workspace/loading.lua:112]: ++++As library of:	file:///home/mikep/.dotfiles/scripts/.local/share/nvim/lazy/nvim-lspconfig/lua
[08:43:20.027][info] [#0:script/workspace/loading.lua:100]: Preload file at: file:///home/mikep/.dotfiles/scripts/.local/share/nvim/lazy/nvim-lspconfig/lua/lspconfig/server_configurations/ccls.lua , size = 1.487 KB
[08:43:20.027][info] [#0:script/workspace/loading.lua:112]: ++++As library of:	file:///home/mikep/.dotfiles/scripts/.local/share/nvim/lazy/nvim-lspconfig/lua
[08:43:20.027][info] [#0:script/workspace/loading.lua:100]: Preload file at: file:///home/mikep/.dotfiles/scripts/.local/share/nvim/lazy/nvim-lspconfig/lua/lspconfig/server_configurations/vacuum.lua , size = 0.722 KB
[08:43:20.028][info] [#0:script/workspace/loading.lua:112]: ++++As library of:	file:///home/mikep/.dotfiles/scripts/.local/share/nvim/lazy/nvim-lspconfig/lua
[08:43:20.028][info] [#0:script/workspace/loading.lua:100]: Preload file at: file:///home/mikep/.dotfiles/scripts/.local/share/nvim/lazy/nvim-lspconfig/lua/lspconfig/server_configurations/efm.lua , size = 1.426 KB
[08:43:20.028][info] [#0:script/workspace/loading.lua:112]: ++++As library of:	file:///home/mikep/.dotfiles/scripts/.local/share/nvim/lazy/nvim-lspconfig/lua
[08:43:20.028][info] [#0:script/workspace/loading.lua:100]: Preload file at: file:///home/mikep/.dotfiles/scripts/.local/share/nvim/lazy/nvim-lspconfig/lua/lspconfig/server_configurations/svlangserver.lua , size = 1.324 KB
[08:43:20.028][info] [#0:script/workspace/loading.lua:112]: ++++As library of:	file:///home/mikep/.dotfiles/scripts/.local/share/nvim/lazy/nvim-lspconfig/lua
[08:43:20.028][info] [#0:script/workspace/loading.lua:100]: Preload file at: file:///home/mikep/.dotfiles/scripts/.local/share/nvim/lazy/nvim-lspconfig/lua/lspconfig/server_configurations/mutt_ls.lua , size = 0.517 KB
[08:43:20.028][info] [#0:script/workspace/loading.lua:112]: ++++As library of:	file:///home/mikep/.dotfiles/scripts/.local/share/nvim/lazy/nvim-lspconfig/lua
[08:43:20.029][info] [#0:script/workspace/loading.lua:100]: Preload file at: file:///home/mikep/.dotfiles/scripts/.local/share/nvim/lazy/nvim-lspconfig/lua/lspconfig/server_configurations/jsonls.lua , size = 1.231 KB
[08:43:20.029][info] [#0:script/workspace/loading.lua:112]: ++++As library of:	file:///home/mikep/.dotfiles/scripts/.local/share/nvim/lazy/nvim-lspconfig/lua
[08:43:20.029][info] [#0:script/workspace/loading.lua:100]: Preload file at: file:///home/mikep/.dotfiles/scripts/.local/share/nvim/lazy/nvim-lspconfig/lua/lspconfig/server_configurations/taplo.lua , size = 0.531 KB
[08:43:20.029][info] [#0:script/workspace/loading.lua:112]: ++++As library of:	file:///home/mikep/.dotfiles/scripts/.local/share/nvim/lazy/nvim-lspconfig/lua
[08:43:20.029][info] [#0:script/workspace/loading.lua:100]: Preload file at: file:///home/mikep/.dotfiles/scripts/.local/share/nvim/lazy/nvim-lspconfig/lua/lspconfig/server_configurations/verible.lua , size = 0.564 KB
[08:43:20.029][info] [#0:script/workspace/loading.lua:112]: ++++As library of:	file:///home/mikep/.dotfiles/scripts/.local/share/nvim/lazy/nvim-lspconfig/lua
[08:43:20.030][info] [#0:script/workspace/loading.lua:100]: Preload file at: file:///home/mikep/.dotfiles/scripts/.local/share/nvim/lazy/nvim-lspconfig/lua/lspconfig/server_configurations/stimulus_ls.lua , size = 0.490 KB
[08:43:20.030][info] [#0:script/workspace/loading.lua:112]: ++++As library of:	file:///home/mikep/.dotfiles/scripts/.local/share/nvim/lazy/nvim-lspconfig/lua
[08:43:20.030][info] [#0:script/workspace/loading.lua:100]: Preload file at: file:///home/mikep/.dotfiles/scripts/.local/share/nvim/lazy/nvim-lspconfig/lua/lspconfig/server_configurations/arduino_language_server.lua , size = 2.457 KB
[08:43:20.030][info] [#0:script/workspace/loading.lua:112]: ++++As library of:	file:///home/mikep/.dotfiles/scripts/.local/share/nvim/lazy/nvim-lspconfig/lua
[08:43:20.030][info] [#0:script/workspace/loading.lua:100]: Preload file at: file:///home/mikep/.dotfiles/scripts/.local/share/nvim/lazy/nvim-lspconfig/lua/lspconfig/server_configurations/ghdl_ls.lua , size = 0.556 KB
[08:43:20.031][info] [#0:script/workspace/loading.lua:112]: ++++As library of:	file:///home/mikep/.dotfiles/scripts/.local/share/nvim/lazy/nvim-lspconfig/lua
[08:43:20.031][info] [#0:script/workspace/loading.lua:100]: Preload file at: file:///home/mikep/.dotfiles/scripts/.local/share/nvim/lazy/nvim-lspconfig/lua/lspconfig/server_configurations/vdmj.lua , size = 4.298 KB
[08:43:20.032][info] [#0:script/workspace/loading.lua:112]: ++++As library of:	file:///home/mikep/.dotfiles/scripts/.local/share/nvim/lazy/nvim-lspconfig/lua
[08:43:20.032][info] [#0:script/workspace/loading.lua:100]: Preload file at: file:///home/mikep/.dotfiles/scripts/.local/share/nvim/lazy/nvim-lspconfig/lua/lspconfig/server_configurations/typst_lsp.lua , size = 0.349 KB
[08:43:20.032][info] [#0:script/workspace/loading.lua:112]: ++++As library of:	file:///home/mikep/.dotfiles/scripts/.local/share/nvim/lazy/nvim-lspconfig/lua
[08:43:20.033][info] [#0:script/workspace/loading.lua:100]: Preload file at: file:///home/mikep/.dotfiles/scripts/.local/share/nvim/lazy/nvim-lspconfig/lua/lspconfig/server_configurations/swift_mesonls.lua , size = 0.485 KB
[08:43:20.033][info] [#0:script/workspace/loading.lua:112]: ++++As library of:	file:///home/mikep/.dotfiles/scripts/.local/share/nvim/lazy/nvim-lspconfig/lua
[08:43:20.033][info] [#0:script/workspace/loading.lua:100]: Preload file at: file:///home/mikep/.dotfiles/scripts/.local/share/nvim/lazy/nvim-lspconfig/lua/lspconfig/server_configurations/apex_ls.lua , size = 1.619 KB
[08:43:20.033][info] [#0:script/workspace/loading.lua:112]: ++++As library of:	file:///home/mikep/.dotfiles/scripts/.local/share/nvim/lazy/nvim-lspconfig/lua
[08:43:20.033][info] [#0:script/workspace/loading.lua:100]: Preload file at: file:///home/mikep/.dotfiles/scripts/.local/share/nvim/lazy/nvim-lspconfig/lua/lspconfig/server_configurations/biome.lua , size = 0.700 KB
[08:43:20.033][info] [#0:script/workspace/loading.lua:112]: ++++As library of:	file:///home/mikep/.dotfiles/scripts/.local/share/nvim/lazy/nvim-lspconfig/lua
[08:43:20.033][info] [#0:script/workspace/loading.lua:100]: Preload file at: file:///home/mikep/.dotfiles/scripts/.local/share/nvim/lazy/nvim-lspconfig/lua/lspconfig/server_configurations/ols.lua , size = 0.410 KB
[08:43:20.034][info] [#0:script/workspace/loading.lua:112]: ++++As library of:	file:///home/mikep/.dotfiles/scripts/.local/share/nvim/lazy/nvim-lspconfig/lua
[08:43:20.034][info] [#0:script/workspace/loading.lua:100]: Preload file at: file:///home/mikep/.dotfiles/scripts/.local/share/nvim/lazy/nvim-lspconfig/lua/lspconfig/server_configurations/asm_lsp.lua , size = 0.347 KB
[08:43:20.034][info] [#0:script/workspace/loading.lua:112]: ++++As library of:	file:///home/mikep/.dotfiles/scripts/.local/share/nvim/lazy/nvim-lspconfig/lua
[08:43:20.034][info] [#0:script/workspace/loading.lua:100]: Preload file at: file:///home/mikep/.dotfiles/scripts/.local/share/nvim/lazy/nvim-lspconfig/lua/lspconfig/server_configurations/bitbake_language_server.lua , size = 0.254 KB
[08:43:20.034][info] [#0:script/workspace/loading.lua:112]: ++++As library of:	file:///home/mikep/.dotfiles/scripts/.local/share/nvim/lazy/nvim-lspconfig/lua
[08:43:20.034][info] [#0:script/workspace/loading.lua:100]: Preload file at: file:///home/mikep/.dotfiles/scripts/.local/share/nvim/lazy/nvim-lspconfig/lua/lspconfig/server_configurations/daedalus_ls.lua , size = 0.566 KB
[08:43:20.035][info] [#0:script/workspace/loading.lua:112]: ++++As library of:	file:///home/mikep/.dotfiles/scripts/.local/share/nvim/lazy/nvim-lspconfig/lua
[08:43:20.035][info] [#0:script/workspace/loading.lua:100]: Preload file at: file:///home/mikep/.dotfiles/scripts/.local/share/nvim/lazy/nvim-lspconfig/lua/lspconfig/server_configurations/typos_lsp.lua , size = 0.548 KB
[08:43:20.035][info] [#0:script/workspace/loading.lua:112]: ++++As library of:	file:///home/mikep/.dotfiles/scripts/.local/share/nvim/lazy/nvim-lspconfig/lua
[08:43:20.035][info] [#0:script/workspace/loading.lua:100]: Preload file at: file:///home/mikep/.dotfiles/scripts/.local/share/nvim/lazy/nvim-lspconfig/lua/lspconfig/server_configurations/sixtyfps.lua , size = 0.601 KB
[08:43:20.035][info] [#0:script/workspace/loading.lua:112]: ++++As library of:	file:///home/mikep/.dotfiles/scripts/.local/share/nvim/lazy/nvim-lspconfig/lua
[08:43:20.035][info] [#0:script/workspace/loading.lua:100]: Preload file at: file:///home/mikep/.dotfiles/scripts/.local/share/nvim/lazy/nvim-lspconfig/lua/lspconfig/server_configurations/ntt.lua , size = 0.582 KB
[08:43:20.036][info] [#0:script/workspace/loading.lua:112]: ++++As library of:	file:///home/mikep/.dotfiles/scripts/.local/share/nvim/lazy/nvim-lspconfig/lua
[08:43:20.036][info] [#0:script/workspace/loading.lua:100]: Preload file at: file:///home/mikep/.dotfiles/scripts/.local/share/nvim/lazy/nvim-lspconfig/lua/lspconfig/server_configurations/futhark_lsp.lua , size = 0.410 KB
[08:43:20.036][info] [#0:script/workspace/loading.lua:112]: ++++As library of:	file:///home/mikep/.dotfiles/scripts/.local/share/nvim/lazy/nvim-lspconfig/lua
[08:43:20.036][info] [#0:script/workspace/loading.lua:100]: Preload file at: file:///home/mikep/.dotfiles/scripts/.local/share/nvim/lazy/nvim-lspconfig/lua/lspconfig/server_configurations/smarty_ls.lua , size = 0.810 KB
[08:43:20.036][info] [#0:script/workspace/loading.lua:112]: ++++As library of:	file:///home/mikep/.dotfiles/scripts/.local/share/nvim/lazy/nvim-lspconfig/lua
[08:43:20.036][info] [#0:script/workspace/loading.lua:100]: Preload file at: file:///home/mikep/.dotfiles/scripts/.local/share/nvim/lazy/nvim-lspconfig/lua/lspconfig/server_configurations/tabby_ml.lua , size = 0.475 KB
[08:43:20.037][info] [#0:script/workspace/loading.lua:112]: ++++As library of:	file:///home/mikep/.dotfiles/scripts/.local/share/nvim/lazy/nvim-lspconfig/lua
[08:43:20.037][info] [#0:script/workspace/loading.lua:100]: Preload file at: file:///home/mikep/.dotfiles/scripts/.local/share/nvim/lazy/nvim-lspconfig/lua/lspconfig/server_configurations/coffeesense.lua , size = 0.452 KB
[08:43:20.037][info] [#0:script/workspace/loading.lua:112]: ++++As library of:	file:///home/mikep/.dotfiles/scripts/.local/share/nvim/lazy/nvim-lspconfig/lua
[08:43:20.037][info] [#0:script/workspace/loading.lua:100]: Preload file at: file:///home/mikep/.dotfiles/scripts/.local/share/nvim/lazy/nvim-lspconfig/lua/lspconfig/server_configurations/omnisharp.lua , size = 6.373 KB
[08:43:20.038][info] [#0:script/workspace/loading.lua:112]: ++++As library of:	file:///home/mikep/.dotfiles/scripts/.local/share/nvim/lazy/nvim-lspconfig/lua
[08:43:20.038][info] [#0:script/workspace/loading.lua:100]: Preload file at: file:///home/mikep/.dotfiles/scripts/.local/share/nvim/lazy/nvim-lspconfig/lua/lspconfig/server_configurations/circom-lsp.lua , size = 0.366 KB
[08:43:20.038][info] [#0:script/workspace/loading.lua:112]: ++++As library of:	file:///home/mikep/.dotfiles/scripts/.local/share/nvim/lazy/nvim-lspconfig/lua
[08:43:20.038][info] [#0:script/workspace/loading.lua:100]: Preload file at: file:///home/mikep/.dotfiles/scripts/.local/share/nvim/lazy/nvim-lspconfig/lua/lspconfig/server_configurations/coq_lsp.lua , size = 0.355 KB
[08:43:20.039][info] [#0:script/workspace/loading.lua:112]: ++++As library of:	file:///home/mikep/.dotfiles/scripts/.local/share/nvim/lazy/nvim-lspconfig/lua
[08:43:20.039][info] [#0:script/workspace/loading.lua:100]: Preload file at: file:///home/mikep/.dotfiles/scripts/.local/share/nvim/lazy/nvim-lspconfig/lua/lspconfig/server_configurations/digestif.lua , size = 0.521 KB
[08:43:20.039][info] [#0:script/workspace/loading.lua:112]: ++++As library of:	file:///home/mikep/.dotfiles/scripts/.local/share/nvim/lazy/nvim-lspconfig/lua
[08:43:20.039][info] [#0:script/workspace/loading.lua:100]: Preload file at: file:///home/mikep/.dotfiles/scripts/.local/share/nvim/lazy/nvim-lspconfig/lua/lspconfig/server_configurations/glasgow.lua , size = 0.881 KB
[08:43:20.040][info] [#0:script/workspace/loading.lua:112]: ++++As library of:	file:///home/mikep/.dotfiles/scripts/.local/share/nvim/lazy/nvim-lspconfig/lua
[08:43:20.040][info] [#0:script/workspace/loading.lua:100]: Preload file at: file:///home/mikep/.dotfiles/scripts/.local/share/nvim/lazy/nvim-lspconfig/lua/lspconfig/server_configurations/nxls.lua , size = 0.459 KB
[08:43:20.040][info] [#0:script/workspace/loading.lua:112]: ++++As library of:	file:///home/mikep/.dotfiles/scripts/.local/share/nvim/lazy/nvim-lspconfig/lua
[08:43:20.040][info] [#0:script/workspace/loading.lua:100]: Preload file at: file:///home/mikep/.dotfiles/scripts/.local/share/nvim/lazy/nvim-lspconfig/lua/lspconfig/server_configurations/idris2_lsp.lua , size = 1.591 KB
[08:43:20.040][info] [#0:script/workspace/loading.lua:112]: ++++As library of:	file:///home/mikep/.dotfiles/scripts/.local/share/nvim/lazy/nvim-lspconfig/lua
[08:43:20.040][info] [#0:script/workspace/loading.lua:100]: Preload file at: file:///home/mikep/.dotfiles/scripts/.local/share/nvim/lazy/nvim-lspconfig/lua/lspconfig/server_configurations/terraformls.lua , size = 1.851 KB
[08:43:20.041][info] [#0:script/workspace/loading.lua:112]: ++++As library of:	file:///home/mikep/.dotfiles/scripts/.local/share/nvim/lazy/nvim-lspconfig/lua
[08:43:20.041][info] [#0:script/workspace/loading.lua:100]: Preload file at: file:///home/mikep/.dotfiles/scripts/.local/share/nvim/lazy/nvim-lspconfig/lua/lspconfig/server_configurations/vala_ls.lua , size = 0.939 KB
[08:43:20.041][info] [#0:script/workspace/loading.lua:112]: ++++As library of:	file:///home/mikep/.dotfiles/scripts/.local/share/nvim/lazy/nvim-lspconfig/lua
[08:43:20.041][info] [#0:script/workspace/loading.lua:100]: Preload file at: file:///home/mikep/.dotfiles/scripts/.local/share/nvim/lazy/nvim-lspconfig/lua/lspconfig/server_configurations/jdtls.lua , size = 5.526 KB
[08:43:20.042][info] [#0:script/workspace/loading.lua:112]: ++++As library of:	file:///home/mikep/.dotfiles/scripts/.local/share/nvim/lazy/nvim-lspconfig/lua
[08:43:20.043][info] [#0:script/workspace/loading.lua:100]: Preload file at: file:///home/mikep/.dotfiles/scripts/.local/share/nvim/lazy/nvim-lspconfig/lua/lspconfig/server_configurations/fish_lsp.lua , size = 0.707 KB
[08:43:20.043][info] [#0:script/workspace/loading.lua:112]: ++++As library of:	file:///home/mikep/.dotfiles/scripts/.local/share/nvim/lazy/nvim-lspconfig/lua
[08:43:20.043][info] [#0:script/workspace/loading.lua:100]: Preload file at: file:///home/mikep/.dotfiles/scripts/.local/share/nvim/lazy/nvim-lspconfig/lua/lspconfig/server_configurations/bashls.lua , size = 1.025 KB
[08:43:20.044][info] [#0:script/workspace/loading.lua:112]: ++++As library of:	file:///home/mikep/.dotfiles/scripts/.local/share/nvim/lazy/nvim-lspconfig/lua
[08:43:20.044][info] [#0:script/workspace/loading.lua:100]: Preload file at: file:///home/mikep/.dotfiles/scripts/.local/share/nvim/lazy/nvim-lspconfig/lua/lspconfig/server_configurations/antlersls.lua , size = 0.379 KB
[08:43:20.044][info] [#0:script/workspace/loading.lua:112]: ++++As library of:	file:///home/mikep/.dotfiles/scripts/.local/share/nvim/lazy/nvim-lspconfig/lua
[08:43:20.044][info] [#0:script/workspace/loading.lua:100]: Preload file at: file:///home/mikep/.dotfiles/scripts/.local/share/nvim/lazy/nvim-lspconfig/lua/lspconfig/server_configurations/delphi_ls.lua , size = 1.511 KB
[08:43:20.044][info] [#0:script/workspace/loading.lua:112]: ++++As library of:	file:///home/mikep/.dotfiles/scripts/.local/share/nvim/lazy/nvim-lspconfig/lua
[08:43:20.044][info] [#0:script/workspace/loading.lua:100]: Preload file at: file:///home/mikep/.dotfiles/scripts/.local/share/nvim/lazy/nvim-lspconfig/lua/lspconfig/server_configurations/pasls.lua , size = 1.028 KB
[08:43:20.045][info] [#0:script/workspace/loading.lua:112]: ++++As library of:	file:///home/mikep/.dotfiles/scripts/.local/share/nvim/lazy/nvim-lspconfig/lua
[08:43:20.045][info] [#0:script/workspace/loading.lua:100]: Preload file at: file:///home/mikep/.dotfiles/scripts/.local/share/nvim/lazy/nvim-lspconfig/lua/lspconfig/server_configurations/fennel_language_server.lua , size = 0.366 KB
[08:43:20.045][info] [#0:script/workspace/loading.lua:112]: ++++As library of:	file:///home/mikep/.dotfiles/scripts/.local/share/nvim/lazy/nvim-lspconfig/lua
[08:43:20.045][info] [#0:script/workspace/loading.lua:100]: Preload file at: file:///home/mikep/.dotfiles/scripts/.local/share/nvim/lazy/nvim-lspconfig/lua/lspconfig/server_configurations/nickel_ls.lua , size = 0.664 KB
[08:43:20.045][info] [#0:script/workspace/loading.lua:112]: ++++As library of:	file:///home/mikep/.dotfiles/scripts/.local/share/nvim/lazy/nvim-lspconfig/lua
[08:43:20.045][info] [#0:script/workspace/loading.lua:100]: Preload file at: file:///home/mikep/.dotfiles/scripts/.local/share/nvim/lazy/nvim-lspconfig/lua/lspconfig/server_configurations/visualforce_ls.lua , size = 0.941 KB
[08:43:20.046][info] [#0:script/workspace/loading.lua:112]: ++++As library of:	file:///home/mikep/.dotfiles/scripts/.local/share/nvim/lazy/nvim-lspconfig/lua
[08:43:20.046][info] [#0:script/workspace/loading.lua:100]: Preload file at: file:///home/mikep/.dotfiles/scripts/.local/share/nvim/lazy/nvim-lspconfig/lua/lspconfig/server_configurations/openscad_lsp.lua , size = 0.441 KB
[08:43:20.046][info] [#0:script/workspace/loading.lua:112]: ++++As library of:	file:///home/mikep/.dotfiles/scripts/.local/share/nvim/lazy/nvim-lspconfig/lua
[08:43:20.046][info] [#0:script/workspace/loading.lua:100]: Preload file at: file:///home/mikep/.dotfiles/scripts/.local/share/nvim/lazy/nvim-lspconfig/lua/lspconfig/server_configurations/vale_ls.lua , size = 0.384 KB
[08:43:20.046][info] [#0:script/workspace/loading.lua:112]: ++++As library of:	file:///home/mikep/.dotfiles/scripts/.local/share/nvim/lazy/nvim-lspconfig/lua
[08:43:20.046][info] [#0:script/workspace/loading.lua:100]: Preload file at: file:///home/mikep/.dotfiles/scripts/.local/share/nvim/lazy/nvim-lspconfig/lua/lspconfig/server_configurations/ds_pinyin_lsp.lua , size = 2.221 KB
[08:43:20.047][info] [#0:script/workspace/loading.lua:112]: ++++As library of:	file:///home/mikep/.dotfiles/scripts/.local/share/nvim/lazy/nvim-lspconfig/lua
[08:43:20.047][info] [#0:script/workspace/loading.lua:100]: Preload file at: file:///home/mikep/.dotfiles/scripts/.local/share/nvim/lazy/nvim-lspconfig/lua/lspconfig/server_configurations/reason_ls.lua , size = 0.393 KB
[08:43:20.047][info] [#0:script/workspace/loading.lua:112]: ++++As library of:	file:///home/mikep/.dotfiles/scripts/.local/share/nvim/lazy/nvim-lspconfig/lua
[08:43:20.047][info] [#0:script/workspace/loading.lua:100]: Preload file at: file:///home/mikep/.dotfiles/scripts/.local/share/nvim/lazy/nvim-lspconfig/lua/lspconfig/server_configurations/rubocop.lua , size = 0.347 KB
[08:43:20.047][info] [#0:script/workspace/loading.lua:112]: ++++As library of:	file:///home/mikep/.dotfiles/scripts/.local/share/nvim/lazy/nvim-lspconfig/lua
[08:43:20.048][info] [#0:script/workspace/loading.lua:100]: Preload file at: file:///home/mikep/.dotfiles/scripts/.local/share/nvim/lazy/nvim-lspconfig/lua/lspconfig/server_configurations/purescriptls.lua , size = 0.775 KB
[08:43:20.048][info] [#0:script/workspace/loading.lua:112]: ++++As library of:	file:///home/mikep/.dotfiles/scripts/.local/share/nvim/lazy/nvim-lspconfig/lua
[08:43:20.048][info] [#0:script/workspace/loading.lua:100]: Preload file at: file:///home/mikep/.dotfiles/scripts/.local/share/nvim/lazy/nvim-lspconfig/lua/lspconfig/server_configurations/gopls.lua , size = 1.113 KB
[08:43:20.049][info] [#0:script/workspace/loading.lua:112]: ++++As library of:	file:///home/mikep/.dotfiles/scripts/.local/share/nvim/lazy/nvim-lspconfig/lua
[08:43:20.049][info] [#0:script/workspace/loading.lua:100]: Preload file at: file:///home/mikep/.dotfiles/scripts/.local/share/nvim/lazy/nvim-lspconfig/lua/lspconfig/server_configurations/starlark_rust.lua , size = 0.557 KB
[08:43:20.049][info] [#0:script/workspace/loading.lua:112]: ++++As library of:	file:///home/mikep/.dotfiles/scripts/.local/share/nvim/lazy/nvim-lspconfig/lua
[08:43:20.049][info] [#0:script/workspace/loading.lua:100]: Preload file at: file:///home/mikep/.dotfiles/scripts/.local/share/nvim/lazy/nvim-lspconfig/lua/lspconfig/server_configurations/uvls.lua , size = 0.683 KB
[08:43:20.049][info] [#0:script/workspace/loading.lua:112]: ++++As library of:	file:///home/mikep/.dotfiles/scripts/.local/share/nvim/lazy/nvim-lspconfig/lua
[08:43:20.049][info] [#0:script/workspace/loading.lua:100]: Preload file at: file:///home/mikep/.dotfiles/scripts/.local/share/nvim/lazy/nvim-lspconfig/lua/lspconfig/server_configurations/clangd.lua , size = 3.658 KB
[08:43:20.050][info] [#0:script/workspace/loading.lua:112]: ++++As library of:	file:///home/mikep/.dotfiles/scripts/.local/share/nvim/lazy/nvim-lspconfig/lua
[08:43:20.050][info] [#0:script/workspace/loading.lua:100]: Preload file at: file:///home/mikep/.dotfiles/scripts/.local/share/nvim/lazy/nvim-lspconfig/lua/lspconfig/server_configurations/mlir_lsp_server.lua , size = 0.477 KB
[08:43:20.051][info] [#0:script/workspace/loading.lua:112]: ++++As library of:	file:///home/mikep/.dotfiles/scripts/.local/share/nvim/lazy/nvim-lspconfig/lua
[08:43:20.051][info] [#0:script/workspace/loading.lua:100]: Preload file at: file:///home/mikep/.dotfiles/scripts/.local/share/nvim/lazy/nvim-lspconfig/lua/lspconfig/server_configurations/lelwel_ls.lua , size = 0.361 KB
[08:43:20.051][info] [#0:script/workspace/loading.lua:112]: ++++As library of:	file:///home/mikep/.dotfiles/scripts/.local/share/nvim/lazy/nvim-lspconfig/lua
[08:43:20.051][info] [#0:script/workspace/loading.lua:100]: Preload file at: file:///home/mikep/.dotfiles/scripts/.local/share/nvim/lazy/nvim-lspconfig/lua/lspconfig/server_configurations/psalm.lua , size = 0.493 KB
[08:43:20.051][info] [#0:script/workspace/loading.lua:112]: ++++As library of:	file:///home/mikep/.dotfiles/scripts/.local/share/nvim/lazy/nvim-lspconfig/lua
[08:43:20.051][info] [#0:script/workspace/loading.lua:100]: Preload file at: file:///home/mikep/.dotfiles/scripts/.local/share/nvim/lazy/nvim-lspconfig/lua/lspconfig/server_configurations/ginko_ls.lua , size = 0.511 KB
[08:43:20.052][info] [#0:script/workspace/loading.lua:112]: ++++As library of:	file:///home/mikep/.dotfiles/scripts/.local/share/nvim/lazy/nvim-lspconfig/lua
[08:43:20.052][info] [#0:script/workspace/loading.lua:100]: Preload file at: file:///home/mikep/.dotfiles/scripts/.local/share/nvim/lazy/nvim-lspconfig/lua/lspconfig/server_configurations/regols.lua , size = 0.582 KB
[08:43:20.052][info] [#0:script/workspace/loading.lua:112]: ++++As library of:	file:///home/mikep/.dotfiles/scripts/.local/share/nvim/lazy/nvim-lspconfig/lua
[08:43:20.052][info] [#0:script/workspace/loading.lua:100]: Preload file at: file:///home/mikep/.dotfiles/scripts/.local/share/nvim/lazy/nvim-lspconfig/lua/lspconfig/server_configurations/volar.lua , size = 3.268 KB
[08:43:20.053][info] [#0:script/workspace/loading.lua:112]: ++++As library of:	file:///home/mikep/.dotfiles/scripts/.local/share/nvim/lazy/nvim-lspconfig/lua
[08:43:20.053][info] [#0:script/workspace/loading.lua:100]: Preload file at: file:///home/mikep/.dotfiles/scripts/.local/share/nvim/lazy/nvim-lspconfig/lua/lspconfig/server_configurations/solidity_ls.lua , size = 0.886 KB
[08:43:20.053][info] [#0:script/workspace/loading.lua:112]: ++++As library of:	file:///home/mikep/.dotfiles/scripts/.local/share/nvim/lazy/nvim-lspconfig/lua
[08:43:20.053][info] [#0:script/workspace/loading.lua:100]: Preload file at: file:///home/mikep/.dotfiles/scripts/.local/share/nvim/lazy/nvim-lspconfig/lua/lspconfig/server_configurations/svls.lua , size = 0.443 KB
[08:43:20.053][info] [#0:script/workspace/loading.lua:112]: ++++As library of:	file:///home/mikep/.dotfiles/scripts/.local/share/nvim/lazy/nvim-lspconfig/lua
[08:43:20.053][info] [#0:script/workspace/loading.lua:100]: Preload file at: file:///home/mikep/.dotfiles/scripts/.local/share/nvim/lazy/nvim-lspconfig/lua/lspconfig/server_configurations/ruff.lua , size = 1.245 KB
[08:43:20.053][info] [#0:script/workspace/loading.lua:112]: ++++As library of:	file:///home/mikep/.dotfiles/scripts/.local/share/nvim/lazy/nvim-lspconfig/lua
[08:43:20.054][info] [#0:script/workspace/loading.lua:100]: Preload file at: file:///home/mikep/.dotfiles/scripts/.local/share/nvim/lazy/nvim-lspconfig/lua/lspconfig/server_configurations/mojo.lua , size = 0.618 KB
[08:43:20.054][info] [#0:script/workspace/loading.lua:112]: ++++As library of:	file:///home/mikep/.dotfiles/scripts/.local/share/nvim/lazy/nvim-lspconfig/lua
[08:43:20.054][info] [#0:script/workspace/loading.lua:100]: Preload file at: file:///home/mikep/.dotfiles/scripts/.local/share/nvim/lazy/nvim-lspconfig/lua/lspconfig/server_configurations/buddy_ls.lua , size = 0.522 KB
[08:43:20.054][info] [#0:script/workspace/loading.lua:112]: ++++As library of:	file:///home/mikep/.dotfiles/scripts/.local/share/nvim/lazy/nvim-lspconfig/lua
[08:43:20.054][info] [#0:script/workspace/loading.lua:100]: Preload file at: file:///home/mikep/.dotfiles/scripts/.local/share/nvim/lazy/nvim-lspconfig/lua/lspconfig/server_configurations/somesass_ls.lua , size = 1.057 KB
[08:43:20.054][info] [#0:script/workspace/loading.lua:112]: ++++As library of:	file:///home/mikep/.dotfiles/scripts/.local/share/nvim/lazy/nvim-lspconfig/lua
[08:43:20.055][info] [#0:script/workspace/loading.lua:100]: Preload file at: file:///home/mikep/.dotfiles/scripts/.local/share/nvim/lazy/nvim-lspconfig/lua/lspconfig/server_configurations/slangd.lua , size = 1.204 KB
[08:43:20.055][info] [#0:script/workspace/loading.lua:112]: ++++As library of:	file:///home/mikep/.dotfiles/scripts/.local/share/nvim/lazy/nvim-lspconfig/lua
[08:43:20.055][info] [#0:script/workspace/loading.lua:100]: Preload file at: file:///home/mikep/.dotfiles/scripts/.local/share/nvim/lazy/nvim-lspconfig/lua/lspconfig/server_configurations/bqnlsp.lua , size = 1.489 KB
[08:43:20.055][info] [#0:script/workspace/loading.lua:112]: ++++As library of:	file:///home/mikep/.dotfiles/scripts/.local/share/nvim/lazy/nvim-lspconfig/lua
[08:43:20.056][info] [#0:script/workspace/loading.lua:100]: Preload file at: file:///home/mikep/.dotfiles/scripts/.local/share/nvim/lazy/nvim-lspconfig/lua/lspconfig/server_configurations/bicep.lua , size = 1.632 KB
[08:43:20.056][info] [#0:script/workspace/loading.lua:112]: ++++As library of:	file:///home/mikep/.dotfiles/scripts/.local/share/nvim/lazy/nvim-lspconfig/lua
[08:43:20.056][info] [#0:script/workspace/loading.lua:100]: Preload file at: file:///home/mikep/.dotfiles/scripts/.local/share/nvim/lazy/nvim-lspconfig/lua/lspconfig/server_configurations/phpactor.lua , size = 0.734 KB
[08:43:20.056][info] [#0:script/workspace/loading.lua:112]: ++++As library of:	file:///home/mikep/.dotfiles/scripts/.local/share/nvim/lazy/nvim-lspconfig/lua
[08:43:20.057][info] [#0:script/workspace/loading.lua:100]: Preload file at: file:///home/mikep/.dotfiles/scripts/.local/share/nvim/lazy/nvim-lspconfig/lua/lspconfig/server_configurations/azure_pipelines_ls.lua , size = 1.243 KB
[08:43:20.057][info] [#0:script/workspace/loading.lua:112]: ++++As library of:	file:///home/mikep/.dotfiles/scripts/.local/share/nvim/lazy/nvim-lspconfig/lua
[08:43:20.057][info] [#0:script/workspace/loading.lua:100]: Preload file at: file:///home/mikep/.dotfiles/scripts/.local/share/nvim/lazy/nvim-lspconfig/lua/lspconfig/server_configurations/mm0_ls.lua , size = 0.453 KB
[08:43:20.057][info] [#0:script/workspace/loading.lua:112]: ++++As library of:	file:///home/mikep/.dotfiles/scripts/.local/share/nvim/lazy/nvim-lspconfig/lua
[08:43:20.057][info] [#0:script/workspace/loading.lua:100]: Preload file at: file:///home/mikep/.dotfiles/scripts/.local/share/nvim/lazy/nvim-lspconfig/lua/lspconfig/server_configurations/slint_lsp.lua , size = 0.575 KB
[08:43:20.057][info] [#0:script/workspace/loading.lua:112]: ++++As library of:	file:///home/mikep/.dotfiles/scripts/.local/share/nvim/lazy/nvim-lspconfig/lua
[08:43:20.057][info] [#0:script/workspace/loading.lua:100]: Preload file at: file:///home/mikep/.dotfiles/scripts/.local/share/nvim/lazy/nvim-lspconfig/lua/lspconfig/server_configurations/cds_lsp.lua , size = 0.565 KB
[08:43:20.058][info] [#0:script/workspace/loading.lua:112]: ++++As library of:	file:///home/mikep/.dotfiles/scripts/.local/share/nvim/lazy/nvim-lspconfig/lua
[08:43:20.058][info] [#0:script/workspace/loading.lua:100]: Preload file at: file:///home/mikep/.dotfiles/scripts/.local/share/nvim/lazy/nvim-lspconfig/lua/lspconfig/server_configurations/perlls.lua , size = 0.852 KB
[08:43:20.058][info] [#0:script/workspace/loading.lua:112]: ++++As library of:	file:///home/mikep/.dotfiles/scripts/.local/share/nvim/lazy/nvim-lspconfig/lua
[08:43:20.058][info] [#0:script/workspace/loading.lua:100]: Preload file at: file:///home/mikep/.dotfiles/scripts/.local/share/nvim/lazy/nvim-lspconfig/lua/lspconfig/server_configurations/qmlls.lua , size = 0.402 KB
[08:43:20.059][info] [#0:script/workspace/loading.lua:112]: ++++As library of:	file:///home/mikep/.dotfiles/scripts/.local/share/nvim/lazy/nvim-lspconfig/lua
[08:43:20.059][info] [#0:script/workspace/loading.lua:100]: Preload file at: file:///home/mikep/.dotfiles/scripts/.local/share/nvim/lazy/nvim-lspconfig/lua/lspconfig/server_configurations/powershell_es.lua , size = 2.305 KB
[08:43:20.059][info] [#0:script/workspace/loading.lua:112]: ++++As library of:	file:///home/mikep/.dotfiles/scripts/.local/share/nvim/lazy/nvim-lspconfig/lua
[08:43:20.059][info] [#0:script/workspace/loading.lua:100]: Preload file at: file:///home/mikep/.dotfiles/scripts/.local/share/nvim/lazy/nvim-lspconfig/lua/lspconfig/server_configurations/salt_ls.lua , size = 0.477 KB
[08:43:20.059][info] [#0:script/workspace/loading.lua:112]: ++++As library of:	file:///home/mikep/.dotfiles/scripts/.local/share/nvim/lazy/nvim-lspconfig/lua
[08:43:20.060][info] [#0:script/workspace/loading.lua:100]: Preload file at: file:///home/mikep/.dotfiles/scripts/.local/share/nvim/lazy/nvim-lspconfig/lua/lspconfig/server_configurations/turtle_ls.lua , size = 1.262 KB
[08:43:20.060][info] [#0:script/workspace/loading.lua:112]: ++++As library of:	file:///home/mikep/.dotfiles/scripts/.local/share/nvim/lazy/nvim-lspconfig/lua
[08:43:20.060][info] [#0:script/workspace/loading.lua:100]: Preload file at: file:///home/mikep/.dotfiles/scripts/.local/share/nvim/lazy/nvim-lspconfig/lua/lspconfig/server_configurations/unocss.lua , size = 0.718 KB
[08:43:20.060][info] [#0:script/workspace/loading.lua:112]: ++++As library of:	file:///home/mikep/.dotfiles/scripts/.local/share/nvim/lazy/nvim-lspconfig/lua
[08:43:20.061][info] [#0:script/workspace/loading.lua:100]: Preload file at: file:///home/mikep/.dotfiles/scripts/.local/share/nvim/lazy/nvim-lspconfig/lua/lspconfig/server_configurations/move_analyzer.lua , size = 0.810 KB
[08:43:20.061][info] [#0:script/workspace/loading.lua:112]: ++++As library of:	file:///home/mikep/.dotfiles/scripts/.local/share/nvim/lazy/nvim-lspconfig/lua
[08:43:20.061][info] [#0:script/workspace/loading.lua:100]: Preload file at: file:///home/mikep/.dotfiles/scripts/.local/share/nvim/lazy/nvim-lspconfig/lua/lspconfig/server_configurations/rnix.lua , size = 0.669 KB
[08:43:20.061][info] [#0:script/workspace/loading.lua:112]: ++++As library of:	file:///home/mikep/.dotfiles/scripts/.local/share/nvim/lazy/nvim-lspconfig/lua
[08:43:20.061][info] [#0:script/workspace/loading.lua:100]: Preload file at: file:///home/mikep/.dotfiles/scripts/.local/share/nvim/lazy/nvim-lspconfig/lua/lspconfig/server_configurations/eslint.lua , size = 5.950 KB
[08:43:20.063][info] [#0:script/workspace/loading.lua:112]: ++++As library of:	file:///home/mikep/.dotfiles/scripts/.local/share/nvim/lazy/nvim-lspconfig/lua
[08:43:20.063][info] [#0:script/workspace/loading.lua:100]: Preload file at: file:///home/mikep/.dotfiles/scripts/.local/share/nvim/lazy/nvim-lspconfig/lua/lspconfig/server_configurations/cssls.lua , size = 1.293 KB
[08:43:20.063][info] [#0:script/workspace/loading.lua:112]: ++++As library of:	file:///home/mikep/.dotfiles/scripts/.local/share/nvim/lazy/nvim-lspconfig/lua
[08:43:20.063][info] [#0:script/workspace/loading.lua:100]: Preload file at: file:///home/mikep/.dotfiles/scripts/.local/share/nvim/lazy/nvim-lspconfig/lua/lspconfig/server_configurations/elp.lua , size = 0.530 KB
[08:43:20.064][info] [#0:script/workspace/loading.lua:112]: ++++As library of:	file:///home/mikep/.dotfiles/scripts/.local/share/nvim/lazy/nvim-lspconfig/lua
[08:43:20.064][info] [#0:script/workspace/loading.lua:100]: Preload file at: file:///home/mikep/.dotfiles/scripts/.local/share/nvim/lazy/nvim-lspconfig/lua/lspconfig/server_configurations/zls.lua , size = 0.449 KB
[08:43:20.064][info] [#0:script/workspace/loading.lua:112]: ++++As library of:	file:///home/mikep/.dotfiles/scripts/.local/share/nvim/lazy/nvim-lspconfig/lua
[08:43:20.064][info] [#0:script/workspace/loading.lua:100]: Preload file at: file:///home/mikep/.dotfiles/scripts/.local/share/nvim/lazy/nvim-lspconfig/lua/lspconfig/server_configurations/beancount.lua , size = 0.536 KB
[08:43:20.064][info] [#0:script/workspace/loading.lua:112]: ++++As library of:	file:///home/mikep/.dotfiles/scripts/.local/share/nvim/lazy/nvim-lspconfig/lua
[08:43:20.064][info] [#0:script/workspace/loading.lua:100]: Preload file at: file:///home/mikep/.dotfiles/scripts/.local/share/nvim/lazy/nvim-lspconfig/lua/lspconfig/server_configurations/gdscript.lua , size = 0.590 KB
[08:43:20.065][info] [#0:script/workspace/loading.lua:112]: ++++As library of:	file:///home/mikep/.dotfiles/scripts/.local/share/nvim/lazy/nvim-lspconfig/lua
[08:43:20.065][info] [#0:script/workspace/loading.lua:100]: Preload file at: file:///home/mikep/.dotfiles/scripts/.local/share/nvim/lazy/nvim-lspconfig/lua/lspconfig/server_configurations/ttags.lua , size = 0.352 KB
[08:43:20.065][info] [#0:script/workspace/loading.lua:112]: ++++As library of:	file:///home/mikep/.dotfiles/scripts/.local/share/nvim/lazy/nvim-lspconfig/lua
[08:43:20.065][info] [#0:script/workspace/loading.lua:100]: Preload file at: file:///home/mikep/.dotfiles/scripts/.local/share/nvim/lazy/nvim-lspconfig/lua/lspconfig/server_configurations/flux_lsp.lua , size = 0.455 KB
[08:43:20.065][info] [#0:script/workspace/loading.lua:112]: ++++As library of:	file:///home/mikep/.dotfiles/scripts/.local/share/nvim/lazy/nvim-lspconfig/lua
[08:43:20.065][info] [#0:script/workspace/loading.lua:100]: Preload file at: file:///home/mikep/.dotfiles/scripts/.local/share/nvim/lazy/nvim-lspconfig/lua/lspconfig/server_configurations/docker_compose_language_service.lua , size = 0.914 KB
[08:43:20.065][info] [#0:script/workspace/loading.lua:112]: ++++As library of:	file:///home/mikep/.dotfiles/scripts/.local/share/nvim/lazy/nvim-lspconfig/lua
[08:43:20.066][info] [#0:script/workspace/loading.lua:100]: Preload file at: file:///home/mikep/.dotfiles/scripts/.local/share/nvim/lazy/nvim-lspconfig/lua/lspconfig/server_configurations/clarity_lsp.lua , size = 0.661 KB
[08:43:20.066][info] [#0:script/workspace/loading.lua:112]: ++++As library of:	file:///home/mikep/.dotfiles/scripts/.local/share/nvim/lazy/nvim-lspconfig/lua
[08:43:20.066][info] [#0:script/workspace/loading.lua:100]: Preload file at: file:///home/mikep/.dotfiles/scripts/.local/share/nvim/lazy/nvim-lspconfig/lua/lspconfig/server_configurations/regal.lua , size = 0.634 KB
[08:43:20.066][info] [#0:script/workspace/loading.lua:112]: ++++As library of:	file:///home/mikep/.dotfiles/scripts/.local/share/nvim/lazy/nvim-lspconfig/lua
[08:43:20.066][info] [#0:script/workspace/loading.lua:100]: Preload file at: file:///home/mikep/.dotfiles/scripts/.local/share/nvim/lazy/nvim-lspconfig/lua/lspconfig/server_configurations/glint.lua , size = 1.256 KB
[08:43:20.066][info] [#0:script/workspace/loading.lua:112]: ++++As library of:	file:///home/mikep/.dotfiles/scripts/.local/share/nvim/lazy/nvim-lspconfig/lua
[08:43:20.067][info] [#0:script/workspace/loading.lua:100]: Preload file at: file:///home/mikep/.dotfiles/scripts/.local/share/nvim/lazy/nvim-lspconfig/lua/lspconfig/server_configurations/sqlls.lua , size = 0.523 KB
[08:43:20.067][info] [#0:script/workspace/loading.lua:112]: ++++As library of:	file:///home/mikep/.dotfiles/scripts/.local/share/nvim/lazy/nvim-lspconfig/lua
[08:43:20.067][info] [#0:script/workspace/loading.lua:100]: Preload file at: file:///home/mikep/.dotfiles/scripts/.local/share/nvim/lazy/nvim-lspconfig/lua/lspconfig/server_configurations/lemminx.lua , size = 0.796 KB
[08:43:20.067][info] [#0:script/workspace/loading.lua:112]: ++++As library of:	file:///home/mikep/.dotfiles/scripts/.local/share/nvim/lazy/nvim-lspconfig/lua
[08:43:20.067][info] [#0:script/workspace/loading.lua:100]: Preload file at: file:///home/mikep/.dotfiles/scripts/.local/share/nvim/lazy/nvim-lspconfig/lua/lspconfig/server_configurations/lwc_ls.lua , size = 0.895 KB
[08:43:20.068][info] [#0:script/workspace/loading.lua:112]: ++++As library of:	file:///home/mikep/.dotfiles/scripts/.local/share/nvim/lazy/nvim-lspconfig/lua
[08:43:20.068][info] [#0:script/workspace/loading.lua:100]: Preload file at: file:///home/mikep/.dotfiles/scripts/.local/share/nvim/lazy/nvim-lspconfig/lua/lspconfig/server_configurations/tilt_ls.lua , size = 0.479 KB
[08:43:20.068][info] [#0:script/workspace/loading.lua:112]: ++++As library of:	file:///home/mikep/.dotfiles/scripts/.local/share/nvim/lazy/nvim-lspconfig/lua
[08:43:20.068][info] [#0:script/workspace/loading.lua:100]: Preload file at: file:///home/mikep/.dotfiles/scripts/.local/share/nvim/lazy/nvim-lspconfig/lua/lspconfig/server_configurations/c3_lsp.lua , size = 0.350 KB
[08:43:20.069][info] [#0:script/workspace/loading.lua:112]: ++++As library of:	file:///home/mikep/.dotfiles/scripts/.local/share/nvim/lazy/nvim-lspconfig/lua
[08:43:20.069][info] [#0:script/workspace/loading.lua:100]: Preload file at: file:///home/mikep/.dotfiles/scripts/.local/share/nvim/lazy/nvim-lspconfig/lua/lspconfig/server_configurations/textlsp.lua , size = 1.426 KB
[08:43:20.069][info] [#0:script/workspace/loading.lua:112]: ++++As library of:	file:///home/mikep/.dotfiles/scripts/.local/share/nvim/lazy/nvim-lspconfig/lua
[08:43:20.069][info] [#0:script/workspace/loading.lua:100]: Preload file at: file:///home/mikep/.dotfiles/scripts/.local/share/nvim/lazy/nvim-lspconfig/lua/lspconfig/server_configurations/cobol_ls.lua , size = 0.319 KB
[08:43:20.069][info] [#0:script/workspace/loading.lua:112]: ++++As library of:	file:///home/mikep/.dotfiles/scripts/.local/share/nvim/lazy/nvim-lspconfig/lua
[08:43:20.070][info] [#0:script/workspace/loading.lua:100]: Preload file at: file:///home/mikep/.dotfiles/scripts/.local/share/nvim/lazy/nvim-lspconfig/lua/lspconfig/server_configurations/csharp_ls.lua , size = 0.610 KB
[08:43:20.070][info] [#0:script/workspace/loading.lua:112]: ++++As library of:	file:///home/mikep/.dotfiles/scripts/.local/share/nvim/lazy/nvim-lspconfig/lua
[08:43:20.070][info] [#0:script/workspace/loading.lua:100]: Preload file at: file:///home/mikep/.dotfiles/scripts/.local/share/nvim/lazy/nvim-lspconfig/lua/lspconfig/server_configurations/leanls.lua , size = 1.549 KB
[08:43:20.070][info] [#0:script/workspace/loading.lua:112]: ++++As library of:	file:///home/mikep/.dotfiles/scripts/.local/share/nvim/lazy/nvim-lspconfig/lua
[08:43:20.070][info] [#0:script/workspace/loading.lua:100]: Preload file at: file:///home/mikep/.dotfiles/scripts/.local/share/nvim/lazy/nvim-lspconfig/lua/lspconfig/server_configurations/cadence.lua , size = 1.085 KB
[08:43:20.071][info] [#0:script/workspace/loading.lua:112]: ++++As library of:	file:///home/mikep/.dotfiles/scripts/.local/share/nvim/lazy/nvim-lspconfig/lua
[08:43:20.071][info] [#0:script/workspace/loading.lua:100]: Preload file at: file:///home/mikep/.dotfiles/scripts/.local/share/nvim/lazy/nvim-lspconfig/lua/lspconfig/server_configurations/ballerina.lua , size = 0.432 KB
[08:43:20.071][info] [#0:script/workspace/loading.lua:112]: ++++As library of:	file:///home/mikep/.dotfiles/scripts/.local/share/nvim/lazy/nvim-lspconfig/lua
[08:43:20.071][info] [#0:script/workspace/loading.lua:100]: Preload file at: file:///home/mikep/.dotfiles/scripts/.local/share/nvim/lazy/nvim-lspconfig/lua/lspconfig/server_configurations/dprint.lua , size = 0.736 KB
[08:43:20.071][info] [#0:script/workspace/loading.lua:112]: ++++As library of:	file:///home/mikep/.dotfiles/scripts/.local/share/nvim/lazy/nvim-lspconfig/lua
[08:43:20.071][info] [#0:script/workspace/loading.lua:100]: Preload file at: file:///home/mikep/.dotfiles/scripts/.local/share/nvim/lazy/nvim-lspconfig/lua/lspconfig/server_configurations/pact_ls.lua , size = 0.303 KB
[08:43:20.072][info] [#0:script/workspace/loading.lua:112]: ++++As library of:	file:///home/mikep/.dotfiles/scripts/.local/share/nvim/lazy/nvim-lspconfig/lua
[08:43:20.072][info] [#0:script/workspace/loading.lua:100]: Preload file at: file:///home/mikep/.dotfiles/scripts/.local/share/nvim/lazy/nvim-lspconfig/lua/lspconfig/server_configurations/diagnosticls.lua , size = 0.604 KB
[08:43:20.072][info] [#0:script/workspace/loading.lua:112]: ++++As library of:	file:///home/mikep/.dotfiles/scripts/.local/share/nvim/lazy/nvim-lspconfig/lua
[08:43:20.072][info] [#0:script/workspace/loading.lua:100]: Preload file at: file:///home/mikep/.dotfiles/scripts/.local/share/nvim/lazy/nvim-lspconfig/lua/lspconfig/server_configurations/openscad_ls.lua , size = 0.741 KB
[08:43:20.073][info] [#0:script/workspace/loading.lua:112]: ++++As library of:	file:///home/mikep/.dotfiles/scripts/.local/share/nvim/lazy/nvim-lspconfig/lua
[08:43:20.073][info] [#0:script/workspace/loading.lua:100]: Preload file at: file:///home/mikep/.dotfiles/scripts/.local/share/nvim/lazy/nvim-lspconfig/lua/lspconfig/server_configurations/pkgbuild_language_server.lua , size = 0.405 KB
[08:43:20.073][info] [#0:script/workspace/loading.lua:112]: ++++As library of:	file:///home/mikep/.dotfiles/scripts/.local/share/nvim/lazy/nvim-lspconfig/lua
[08:43:20.073][info] [#0:script/workspace/loading.lua:100]: Preload file at: file:///home/mikep/.dotfiles/scripts/.local/share/nvim/lazy/nvim-lspconfig/lua/lspconfig/server_configurations/ziggy.lua , size = 0.417 KB
[08:43:20.073][info] [#0:script/workspace/loading.lua:112]: ++++As library of:	file:///home/mikep/.dotfiles/scripts/.local/share/nvim/lazy/nvim-lspconfig/lua
[08:43:20.073][info] [#0:script/workspace/loading.lua:100]: Preload file at: file:///home/mikep/.dotfiles/scripts/.local/share/nvim/lazy/nvim-lspconfig/lua/lspconfig/server_configurations/anakin_language_server.lua , size = 2.182 KB
[08:43:20.073][info] [#0:script/workspace/loading.lua:112]: ++++As library of:	file:///home/mikep/.dotfiles/scripts/.local/share/nvim/lazy/nvim-lspconfig/lua
[08:43:20.074][info] [#0:script/workspace/loading.lua:100]: Preload file at: file:///home/mikep/.dotfiles/scripts/.local/share/nvim/lazy/nvim-lspconfig/lua/lspconfig/server_configurations/buck2.lua , size = 0.555 KB
[08:43:20.074][info] [#0:script/workspace/loading.lua:112]: ++++As library of:	file:///home/mikep/.dotfiles/scripts/.local/share/nvim/lazy/nvim-lspconfig/lua
[08:43:20.075][info] [#0:script/workspace/loading.lua:100]: Preload file at: file:///home/mikep/.dotfiles/scripts/.local/share/nvim/lazy/nvim-lspconfig/lua/lspconfig/server_configurations/serve_d.lua , size = 0.564 KB
[08:43:20.075][info] [#0:script/workspace/loading.lua:112]: ++++As library of:	file:///home/mikep/.dotfiles/scripts/.local/share/nvim/lazy/nvim-lspconfig/lua
[08:43:20.075][info] [#0:script/workspace/loading.lua:100]: Preload file at: file:///home/mikep/.dotfiles/scripts/.local/share/nvim/lazy/nvim-lspconfig/lua/lspconfig/server_configurations/prolog_ls.lua , size = 0.482 KB
[08:43:20.076][info] [#0:script/workspace/loading.lua:112]: ++++As library of:	file:///home/mikep/.dotfiles/scripts/.local/share/nvim/lazy/nvim-lspconfig/lua
[08:43:20.076][info] [#0:script/workspace/loading.lua:100]: Preload file at: file:///home/mikep/.dotfiles/scripts/.local/share/nvim/lazy/nvim-lspconfig/lua/lspconfig/server_configurations/blueprint_ls.lua , size = 0.847 KB
[08:43:20.076][info] [#0:script/workspace/loading.lua:112]: ++++As library of:	file:///home/mikep/.dotfiles/scripts/.local/share/nvim/lazy/nvim-lspconfig/lua
[08:43:20.076][info] [#0:script/workspace/loading.lua:100]: Preload file at: file:///home/mikep/.dotfiles/scripts/.local/share/nvim/lazy/nvim-lspconfig/lua/lspconfig/server_configurations/tsp_server.lua , size = 0.580 KB
[08:43:20.076][info] [#0:script/workspace/loading.lua:112]: ++++As library of:	file:///home/mikep/.dotfiles/scripts/.local/share/nvim/lazy/nvim-lspconfig/lua
[08:43:20.076][info] [#0:script/workspace/loading.lua:100]: Preload file at: file:///home/mikep/.dotfiles/scripts/.local/share/nvim/lazy/nvim-lspconfig/lua/lspconfig/server_configurations/statix.lua , size = 0.429 KB
[08:43:20.077][info] [#0:script/workspace/loading.lua:112]: ++++As library of:	file:///home/mikep/.dotfiles/scripts/.local/share/nvim/lazy/nvim-lspconfig/lua
[08:43:20.077][info] [#0:script/workspace/loading.lua:100]: Preload file at: file:///home/mikep/.dotfiles/scripts/.local/share/nvim/lazy/nvim-lspconfig/lua/lspconfig/server_configurations/snakeskin_ls.lua , size = 0.362 KB
[08:43:20.077][info] [#0:script/workspace/loading.lua:112]: ++++As library of:	file:///home/mikep/.dotfiles/scripts/.local/share/nvim/lazy/nvim-lspconfig/lua
[08:43:20.077][info] [#0:script/workspace/loading.lua:100]: Preload file at: file:///home/mikep/.dotfiles/scripts/.local/share/nvim/lazy/nvim-lspconfig/lua/lspconfig/server_configurations/theme_check.lua , size = 0.651 KB
[08:43:20.077][info] [#0:script/workspace/loading.lua:112]: ++++As library of:	file:///home/mikep/.dotfiles/scripts/.local/share/nvim/lazy/nvim-lspconfig/lua
[08:43:20.077][info] [#0:script/workspace/loading.lua:100]: Preload file at: file:///home/mikep/.dotfiles/scripts/.local/share/nvim/lazy/nvim-lspconfig/lua/lspconfig/server_configurations/smithy_ls.lua , size = 0.713 KB
[08:43:20.078][info] [#0:script/workspace/loading.lua:112]: ++++As library of:	file:///home/mikep/.dotfiles/scripts/.local/share/nvim/lazy/nvim-lspconfig/lua
[08:43:20.078][info] [#0:script/workspace/loading.lua:100]: Preload file at: file:///home/mikep/.dotfiles/scripts/.local/share/nvim/lazy/nvim-lspconfig/lua/lspconfig/server_configurations/twiggy_language_server.lua , size = 0.501 KB
[08:43:20.078][info] [#0:script/workspace/loading.lua:112]: ++++As library of:	file:///home/mikep/.dotfiles/scripts/.local/share/nvim/lazy/nvim-lspconfig/lua
[08:43:20.078][info] [#0:script/workspace/loading.lua:100]: Preload file at: file:///home/mikep/.dotfiles/scripts/.local/share/nvim/lazy/nvim-lspconfig/lua/lspconfig/server_configurations/grammarly.lua , size = 0.856 KB
[08:43:20.078][info] [#0:script/workspace/loading.lua:112]: ++++As library of:	file:///home/mikep/.dotfiles/scripts/.local/share/nvim/lazy/nvim-lspconfig/lua
[08:43:20.078][info] [#0:script/workspace/loading.lua:100]: Preload file at: file:///home/mikep/.dotfiles/scripts/.local/share/nvim/lazy/nvim-lspconfig/lua/lspconfig/server_configurations/yang_lsp.lua , size = 0.380 KB
[08:43:20.079][info] [#0:script/workspace/loading.lua:112]: ++++As library of:	file:///home/mikep/.dotfiles/scripts/.local/share/nvim/lazy/nvim-lspconfig/lua
[08:43:20.079][info] [#0:script/workspace/loading.lua:100]: Preload file at: file:///home/mikep/.dotfiles/scripts/.local/share/nvim/lazy/nvim-lspconfig/lua/lspconfig/server_configurations/ltex.lua , size = 1.750 KB
[08:43:20.080][info] [#0:script/workspace/loading.lua:112]: ++++As library of:	file:///home/mikep/.dotfiles/scripts/.local/share/nvim/lazy/nvim-lspconfig/lua
[08:43:20.080][info] [#0:script/workspace/loading.lua:100]: Preload file at: file:///home/mikep/.dotfiles/scripts/.local/share/nvim/lazy/nvim-lspconfig/lua/lspconfig/server_configurations/ansiblels.lua , size = 0.905 KB
[08:43:20.080][info] [#0:script/workspace/loading.lua:112]: ++++As library of:	file:///home/mikep/.dotfiles/scripts/.local/share/nvim/lazy/nvim-lspconfig/lua
[08:43:20.080][info] [#0:script/workspace/loading.lua:100]: Preload file at: file:///home/mikep/.dotfiles/scripts/.local/share/nvim/lazy/nvim-lspconfig/lua/lspconfig/server_configurations/tvm_ffi_navigator.lua , size = 0.551 KB
[08:43:20.080][info] [#0:script/workspace/loading.lua:112]: ++++As library of:	file:///home/mikep/.dotfiles/scripts/.local/share/nvim/lazy/nvim-lspconfig/lua
[08:43:20.080][info] [#0:script/workspace/loading.lua:100]: Preload file at: file:///home/mikep/.dotfiles/scripts/.local/share/nvim/lazy/nvim-lspconfig/lua/lspconfig/server_configurations/vtsls.lua , size = 0.887 KB
[08:43:20.080][info] [#0:script/workspace/loading.lua:112]: ++++As library of:	file:///home/mikep/.dotfiles/scripts/.local/share/nvim/lazy/nvim-lspconfig/lua
[08:43:20.081][info] [#0:script/workspace/loading.lua:100]: Preload file at: file:///home/mikep/.dotfiles/scripts/.local/share/nvim/lazy/nvim-lspconfig/lua/lspconfig/server_configurations/dolmenls.lua , size = 0.399 KB
[08:43:20.081][info] [#0:script/workspace/loading.lua:112]: ++++As library of:	file:///home/mikep/.dotfiles/scripts/.local/share/nvim/lazy/nvim-lspconfig/lua
[08:43:20.081][info] [#0:script/workspace/loading.lua:100]: Preload file at: file:///home/mikep/.dotfiles/scripts/.local/share/nvim/lazy/nvim-lspconfig/lua/lspconfig/server_configurations/erg_language_server.lua , size = 0.662 KB
[08:43:20.081][info] [#0:script/workspace/loading.lua:112]: ++++As library of:	file:///home/mikep/.dotfiles/scripts/.local/share/nvim/lazy/nvim-lspconfig/lua
[08:43:20.081][info] [#0:script/workspace/loading.lua:100]: Preload file at: file:///home/mikep/.dotfiles/scripts/.local/share/nvim/lazy/nvim-lspconfig/lua/lspconfig/server_configurations/markdown_oxide.lua , size = 1.073 KB
[08:43:20.082][info] [#0:script/workspace/loading.lua:112]: ++++As library of:	file:///home/mikep/.dotfiles/scripts/.local/share/nvim/lazy/nvim-lspconfig/lua
[08:43:20.082][info] [#0:script/workspace/loading.lua:100]: Preload file at: file:///home/mikep/.dotfiles/scripts/.local/share/nvim/lazy/nvim-lspconfig/lua/lspconfig/server_configurations/nelua_lsp.lua , size = 1.098 KB
[08:43:20.082][info] [#0:script/workspace/loading.lua:112]: ++++As library of:	file:///home/mikep/.dotfiles/scripts/.local/share/nvim/lazy/nvim-lspconfig/lua
[08:43:20.082][info] [#0:script/workspace/loading.lua:100]: Preload file at: file:///home/mikep/.dotfiles/scripts/.local/share/nvim/lazy/nvim-lspconfig/lua/lspconfig/server_configurations/nim_langserver.lua , size = 0.470 KB
[08:43:20.083][info] [#0:script/workspace/loading.lua:112]: ++++As library of:	file:///home/mikep/.dotfiles/scripts/.local/share/nvim/lazy/nvim-lspconfig/lua
[08:43:20.083][info] [#0:script/workspace/loading.lua:100]: Preload file at: file:///home/mikep/.dotfiles/scripts/.local/share/nvim/lazy/nvim-lspconfig/lua/lspconfig/server_configurations/haxe_language_server.lua , size = 1.765 KB
[08:43:20.083][info] [#0:script/workspace/loading.lua:112]: ++++As library of:	file:///home/mikep/.dotfiles/scripts/.local/share/nvim/lazy/nvim-lspconfig/lua
[08:43:20.083][info] [#0:script/workspace/loading.lua:100]: Preload file at: file:///home/mikep/.dotfiles/scripts/.local/share/nvim/lazy/nvim-lspconfig/lua/lspconfig/server_configurations/groovyls.lua , size = 0.817 KB
[08:43:20.083][info] [#0:script/workspace/loading.lua:112]: ++++As library of:	file:///home/mikep/.dotfiles/scripts/.local/share/nvim/lazy/nvim-lspconfig/lua
[08:43:20.083][info] [#0:script/workspace/loading.lua:100]: Preload file at: file:///home/mikep/.dotfiles/scripts/.local/share/nvim/lazy/nvim-lspconfig/lua/lspconfig/server_configurations/mesonlsp.lua , size = 0.501 KB
[08:43:20.083][info] [#0:script/workspace/loading.lua:112]: ++++As library of:	file:///home/mikep/.dotfiles/scripts/.local/share/nvim/lazy/nvim-lspconfig/lua
[08:43:20.084][info] [#0:script/workspace/loading.lua:100]: Preload file at: file:///home/mikep/.dotfiles/scripts/.local/share/nvim/lazy/nvim-lspconfig/lua/lspconfig/server_configurations/ocamllsp.lua , size = 1.016 KB
[08:43:20.084][info] [#0:script/workspace/loading.lua:112]: ++++As library of:	file:///home/mikep/.dotfiles/scripts/.local/share/nvim/lazy/nvim-lspconfig/lua
[08:43:20.084][info] [#0:script/workspace/loading.lua:100]: Preload file at: file:///home/mikep/.dotfiles/scripts/.local/share/nvim/lazy/nvim-lspconfig/lua/lspconfig/server_configurations/agda_ls.lua , size = 0.318 KB
[08:43:20.084][info] [#0:script/workspace/loading.lua:112]: ++++As library of:	file:///home/mikep/.dotfiles/scripts/.local/share/nvim/lazy/nvim-lspconfig/lua
[08:43:20.084][info] [#0:script/workspace/loading.lua:100]: Preload file at: file:///home/mikep/.dotfiles/scripts/.local/share/nvim/lazy/nvim-lspconfig/lua/lspconfig/server_configurations/hlasm.lua , size = 0.619 KB
[08:43:20.085][info] [#0:script/workspace/loading.lua:112]: ++++As library of:	file:///home/mikep/.dotfiles/scripts/.local/share/nvim/lazy/nvim-lspconfig/lua
[08:43:20.085][info] [#0:script/workspace/loading.lua:100]: Preload file at: file:///home/mikep/.dotfiles/scripts/.local/share/nvim/lazy/nvim-lspconfig/lua/lspconfig/server_configurations/bitbake_ls.lua , size = 0.601 KB
[08:43:20.085][info] [#0:script/workspace/loading.lua:112]: ++++As library of:	file:///home/mikep/.dotfiles/scripts/.local/share/nvim/lazy/nvim-lspconfig/lua
[08:43:20.085][info] [#0:script/workspace/loading.lua:100]: Preload file at: file:///home/mikep/.dotfiles/scripts/.local/share/nvim/lazy/nvim-lspconfig/lua/lspconfig/server_configurations/gradle_ls.lua , size = 1.073 KB
[08:43:20.086][info] [#0:script/workspace/loading.lua:112]: ++++As library of:	file:///home/mikep/.dotfiles/scripts/.local/share/nvim/lazy/nvim-lspconfig/lua
[08:43:20.086][info] [#0:script/workspace/loading.lua:100]: Preload file at: file:///home/mikep/.dotfiles/scripts/.local/share/nvim/lazy/nvim-lspconfig/lua/lspconfig/server_configurations/pyre.lua , size = 0.482 KB
[08:43:20.086][info] [#0:script/workspace/loading.lua:112]: ++++As library of:	file:///home/mikep/.dotfiles/scripts/.local/share/nvim/lazy/nvim-lspconfig/lua
[08:43:20.086][info] [#0:script/workspace/loading.lua:100]: Preload file at: file:///home/mikep/.dotfiles/scripts/.local/share/nvim/lazy/nvim-lspconfig/lua/lspconfig/server_configurations/hls.lua , size = 1.305 KB
[08:43:20.086][info] [#0:script/workspace/loading.lua:112]: ++++As library of:	file:///home/mikep/.dotfiles/scripts/.local/share/nvim/lazy/nvim-lspconfig/lua
[08:43:20.086][info] [#0:script/workspace/loading.lua:100]: Preload file at: file:///home/mikep/.dotfiles/scripts/.local/share/nvim/lazy/nvim-lspconfig/lua/lspconfig/server_configurations/svelte.lua , size = 0.837 KB
[08:43:20.087][info] [#0:script/workspace/loading.lua:112]: ++++As library of:	file:///home/mikep/.dotfiles/scripts/.local/share/nvim/lazy/nvim-lspconfig/lua
[08:43:20.087][info] [#0:script/workspace/loading.lua:100]: Preload file at: file:///home/mikep/.dotfiles/scripts/.local/share/nvim/lazy/nvim-lspconfig/lua/lspconfig/server_configurations/jqls.lua , size = 0.714 KB
[08:43:20.087][info] [#0:script/workspace/loading.lua:112]: ++++As library of:	file:///home/mikep/.dotfiles/scripts/.local/share/nvim/lazy/nvim-lspconfig/lua
[08:43:20.087][info] [#0:script/workspace/loading.lua:100]: Preload file at: file:///home/mikep/.dotfiles/scripts/.local/share/nvim/lazy/nvim-lspconfig/lua/lspconfig/server_configurations/fennel_ls.lua , size = 0.400 KB
[08:43:20.088][info] [#0:script/workspace/loading.lua:112]: ++++As library of:	file:///home/mikep/.dotfiles/scripts/.local/share/nvim/lazy/nvim-lspconfig/lua
[08:43:20.088][info] [#0:script/workspace/loading.lua:100]: Preload file at: file:///home/mikep/.dotfiles/scripts/.local/share/nvim/lazy/nvim-lspconfig/lua/lspconfig/server_configurations/koka.lua , size = 0.504 KB
[08:43:20.088][info] [#0:script/workspace/loading.lua:112]: ++++As library of:	file:///home/mikep/.dotfiles/scripts/.local/share/nvim/lazy/nvim-lspconfig/lua
[08:43:20.088][info] [#0:script/workspace/loading.lua:100]: Preload file at: file:///home/mikep/.dotfiles/scripts/.local/share/nvim/lazy/nvim-lspconfig/lua/lspconfig/server_configurations/drools_lsp.lua , size = 2.545 KB
[08:43:20.089][info] [#0:script/workspace/loading.lua:112]: ++++As library of:	file:///home/mikep/.dotfiles/scripts/.local/share/nvim/lazy/nvim-lspconfig/lua
[08:43:20.089][info] [#0:script/workspace/loading.lua:100]: Preload file at: file:///home/mikep/.dotfiles/scripts/.local/share/nvim/lazy/nvim-lspconfig/lua/lspconfig/server_configurations/prosemd_lsp.lua , size = 0.500 KB
[08:43:20.089][info] [#0:script/workspace/loading.lua:112]: ++++As library of:	file:///home/mikep/.dotfiles/scripts/.local/share/nvim/lazy/nvim-lspconfig/lua
[08:43:20.089][info] [#0:script/workspace/loading.lua:100]: Preload file at: file:///home/mikep/.dotfiles/scripts/.local/share/nvim/lazy/nvim-lspconfig/lua/lspconfig/server_configurations/lua_ls.lua , size = 2.658 KB
[08:43:20.090][info] [#0:script/workspace/loading.lua:112]: ++++As library of:	file:///home/mikep/.dotfiles/scripts/.local/share/nvim/lazy/nvim-lspconfig/lua
[08:43:20.090][info] [#0:script/workspace/loading.lua:100]: Preload file at: file:///home/mikep/.dotfiles/scripts/.local/share/nvim/lazy/nvim-lspconfig/lua/lspconfig/server_configurations/jsonnet_ls.lua , size = 1.119 KB
[08:43:20.090][info] [#0:script/workspace/loading.lua:112]: ++++As library of:	file:///home/mikep/.dotfiles/scripts/.local/share/nvim/lazy/nvim-lspconfig/lua
[08:43:20.090][info] [#0:script/workspace/loading.lua:100]: Preload file at: file:///home/mikep/.dotfiles/scripts/.local/share/nvim/lazy/nvim-lspconfig/lua/lspconfig/server_configurations/cucumber_language_server.lua , size = 0.556 KB
[08:43:20.091][info] [#0:script/workspace/loading.lua:112]: ++++As library of:	file:///home/mikep/.dotfiles/scripts/.local/share/nvim/lazy/nvim-lspconfig/lua
[08:43:20.091][info] [#0:script/workspace/loading.lua:100]: Preload file at: file:///home/mikep/.dotfiles/scripts/.local/share/nvim/lazy/nvim-lspconfig/lua/lspconfig/server_configurations/raku_navigator.lua , size = 1.236 KB
[08:43:20.091][info] [#0:script/workspace/loading.lua:112]: ++++As library of:	file:///home/mikep/.dotfiles/scripts/.local/share/nvim/lazy/nvim-lspconfig/lua
[08:43:20.091][info] [#0:script/workspace/loading.lua:100]: Preload file at: file:///home/mikep/.dotfiles/scripts/.local/share/nvim/lazy/nvim-lspconfig/lua/lspconfig/server_configurations/matlab_ls.lua , size = 0.589 KB
[08:43:20.091][info] [#0:script/workspace/loading.lua:112]: ++++As library of:	file:///home/mikep/.dotfiles/scripts/.local/share/nvim/lazy/nvim-lspconfig/lua
[08:43:20.091][info] [#0:script/workspace/loading.lua:100]: Preload file at: file:///home/mikep/.dotfiles/scripts/.local/share/nvim/lazy/nvim-lspconfig/lua/lspconfig/server_configurations/dhall_lsp_server.lua , size = 0.592 KB
[08:43:20.092][info] [#0:script/workspace/loading.lua:112]: ++++As library of:	file:///home/mikep/.dotfiles/scripts/.local/share/nvim/lazy/nvim-lspconfig/lua
[08:43:20.092][info] [#0:script/workspace/loading.lua:100]: Preload file at: file:///home/mikep/.dotfiles/scripts/.local/share/nvim/lazy/nvim-lspconfig/lua/lspconfig/server_configurations/erlangls.lua , size = 0.820 KB
[08:43:20.092][info] [#0:script/workspace/loading.lua:112]: ++++As library of:	file:///home/mikep/.dotfiles/scripts/.local/share/nvim/lazy/nvim-lspconfig/lua
[08:43:20.092][info] [#0:script/workspace/loading.lua:100]: Preload file at: file:///home/mikep/.dotfiles/scripts/.local/share/nvim/lazy/nvim-lspconfig/lua/lspconfig/server_configurations/teal_ls.lua , size = 0.781 KB
[08:43:20.092][info] [#0:script/workspace/loading.lua:112]: ++++As library of:	file:///home/mikep/.dotfiles/scripts/.local/share/nvim/lazy/nvim-lspconfig/lua
[08:43:20.092][info] [#0:script/workspace/loading.lua:100]: Preload file at: file:///home/mikep/.dotfiles/scripts/.local/share/nvim/lazy/nvim-lspconfig/lua/lspconfig/server_configurations/jinja_lsp.lua , size = 0.683 KB
[08:43:20.093][info] [#0:script/workspace/loading.lua:112]: ++++As library of:	file:///home/mikep/.dotfiles/scripts/.local/share/nvim/lazy/nvim-lspconfig/lua
[08:43:20.093][info] [#0:script/workspace/loading.lua:100]: Preload file at: file:///home/mikep/.dotfiles/scripts/.local/share/nvim/lazy/nvim-lspconfig/lua/lspconfig/server_configurations/nextls.lua , size = 0.547 KB
[08:43:20.093][info] [#0:script/workspace/loading.lua:112]: ++++As library of:	file:///home/mikep/.dotfiles/scripts/.local/share/nvim/lazy/nvim-lspconfig/lua
[08:43:20.093][info] [#0:script/workspace/loading.lua:100]: Preload file at: file:///home/mikep/.dotfiles/scripts/.local/share/nvim/lazy/nvim-lspconfig/lua/lspconfig/server_configurations/htmx.lua , size = 1.296 KB
[08:43:20.094][info] [#0:script/workspace/loading.lua:112]: ++++As library of:	file:///home/mikep/.dotfiles/scripts/.local/share/nvim/lazy/nvim-lspconfig/lua
[08:43:20.094][info] [#0:script/workspace/loading.lua:100]: Preload file at: file:///home/mikep/.dotfiles/scripts/.local/share/nvim/lazy/nvim-lspconfig/lua/lspconfig/server_configurations/remark_ls.lua , size = 1.115 KB
[08:43:20.094][info] [#0:script/workspace/loading.lua:112]: ++++As library of:	file:///home/mikep/.dotfiles/scripts/.local/share/nvim/lazy/nvim-lspconfig/lua
[08:43:20.094][info] [#0:script/workspace/loading.lua:100]: Preload file at: file:///home/mikep/.dotfiles/scripts/.local/share/nvim/lazy/nvim-lspconfig/lua/lspconfig/server_configurations/emmet_ls.lua , size = 0.662 KB
[08:43:20.094][info] [#0:script/workspace/loading.lua:112]: ++++As library of:	file:///home/mikep/.dotfiles/scripts/.local/share/nvim/lazy/nvim-lspconfig/lua
[08:43:20.094][info] [#0:script/workspace/loading.lua:100]: Preload file at: file:///home/mikep/.dotfiles/scripts/.local/share/nvim/lazy/nvim-lspconfig/lua/lspconfig/server_configurations/roc_ls.lua , size = 0.555 KB
[08:43:20.095][info] [#0:script/workspace/loading.lua:112]: ++++As library of:	file:///home/mikep/.dotfiles/scripts/.local/share/nvim/lazy/nvim-lspconfig/lua
[08:43:20.095][info] [#0:script/workspace/loading.lua:100]: Preload file at: file:///home/mikep/.dotfiles/scripts/.local/share/nvim/lazy/nvim-lspconfig/lua/lspconfig/server_configurations/aiken.lua , size = 0.547 KB
[08:43:20.095][info] [#0:script/workspace/loading.lua:112]: ++++As library of:	file:///home/mikep/.dotfiles/scripts/.local/share/nvim/lazy/nvim-lspconfig/lua
[08:43:20.095][info] [#0:script/workspace/loading.lua:100]: Preload file at: file:///home/mikep/.dotfiles/scripts/.local/share/nvim/lazy/nvim-lspconfig/lua/lspconfig/server_configurations/hhvm.lua , size = 0.504 KB
[08:43:20.095][info] [#0:script/workspace/loading.lua:112]: ++++As library of:	file:///home/mikep/.dotfiles/scripts/.local/share/nvim/lazy/nvim-lspconfig/lua
[08:43:20.095][info] [#0:script/workspace/loading.lua:100]: Preload file at: file:///home/mikep/.dotfiles/scripts/.local/share/nvim/lazy/nvim-lspconfig/lua/lspconfig/server_configurations/astro.lua , size = 1.092 KB
[08:43:20.096][info] [#0:script/workspace/loading.lua:112]: ++++As library of:	file:///home/mikep/.dotfiles/scripts/.local/share/nvim/lazy/nvim-lspconfig/lua
[08:43:20.096][info] [#0:script/workspace/loading.lua:100]: Preload file at: file:///home/mikep/.dotfiles/scripts/.local/share/nvim/lazy/nvim-lspconfig/lua/lspconfig/server_configurations/yls.lua , size = 0.477 KB
[08:43:20.096][info] [#0:script/workspace/loading.lua:112]: ++++As library of:	file:///home/mikep/.dotfiles/scripts/.local/share/nvim/lazy/nvim-lspconfig/lua
[08:43:20.096][info] [#0:script/workspace/loading.lua:100]: Preload file at: file:///home/mikep/.dotfiles/scripts/.local/share/nvim/lazy/nvim-lspconfig/lua/lspconfig/server_configurations/perlpls.lua , size = 0.638 KB
[08:43:20.097][info] [#0:script/workspace/loading.lua:112]: ++++As library of:	file:///home/mikep/.dotfiles/scripts/.local/share/nvim/lazy/nvim-lspconfig/lua
[08:43:20.097][info] [#0:script/workspace/loading.lua:100]: Preload file at: file:///home/mikep/.dotfiles/scripts/.local/share/nvim/lazy/nvim-lspconfig/lua/lspconfig/server_configurations/quick_lint_js.lua , size = 0.454 KB
[08:43:20.097][info] [#0:script/workspace/loading.lua:112]: ++++As library of:	file:///home/mikep/.dotfiles/scripts/.local/share/nvim/lazy/nvim-lspconfig/lua
[08:43:20.097][info] [#0:script/workspace/loading.lua:100]: Preload file at: file:///home/mikep/.dotfiles/scripts/.local/share/nvim/lazy/nvim-lspconfig/lua/lspconfig/server_configurations/openedge_ls.lua , size = 1.775 KB
[08:43:20.097][info] [#0:script/workspace/loading.lua:112]: ++++As library of:	file:///home/mikep/.dotfiles/scripts/.local/share/nvim/lazy/nvim-lspconfig/lua
[08:43:20.098][info] [#0:script/workspace/loading.lua:100]: Preload file at: file:///home/mikep/.dotfiles/scripts/.local/share/nvim/lazy/nvim-lspconfig/lua/lspconfig/server_configurations/vhdl_ls.lua , size = 1.106 KB
[08:43:20.098][info] [#0:script/workspace/loading.lua:112]: ++++As library of:	file:///home/mikep/.dotfiles/scripts/.local/share/nvim/lazy/nvim-lspconfig/lua
[08:43:20.098][info] [#0:script/workspace/loading.lua:100]: Preload file at: file:///home/mikep/.dotfiles/scripts/.local/share/nvim/lazy/nvim-lspconfig/lua/lspconfig/server_configurations/typeprof.lua , size = 0.429 KB
[08:43:20.098][info] [#0:script/workspace/loading.lua:112]: ++++As library of:	file:///home/mikep/.dotfiles/scripts/.local/share/nvim/lazy/nvim-lspconfig/lua
[08:43:20.098][info] [#0:script/workspace/loading.lua:100]: Preload file at: file:///home/mikep/.dotfiles/scripts/.local/share/nvim/lazy/nvim-lspconfig/lua/lspconfig/server_configurations/cairo_ls.lua , size = 0.838 KB
[08:43:20.098][info] [#0:script/workspace/loading.lua:112]: ++++As library of:	file:///home/mikep/.dotfiles/scripts/.local/share/nvim/lazy/nvim-lspconfig/lua
[08:43:20.099][info] [#0:script/workspace/loading.lua:100]: Preload file at: file:///home/mikep/.dotfiles/scripts/.local/share/nvim/lazy/nvim-lspconfig/lua/lspconfig/server_configurations/dafny.lua , size = 0.643 KB
[08:43:20.099][info] [#0:script/workspace/loading.lua:112]: ++++As library of:	file:///home/mikep/.dotfiles/scripts/.local/share/nvim/lazy/nvim-lspconfig/lua
[08:43:20.099][info] [#0:script/workspace/loading.lua:100]: Preload file at: file:///home/mikep/.dotfiles/scripts/.local/share/nvim/lazy/nvim-lspconfig/lua/lspconfig/server_configurations/nomad_lsp.lua , size = 1.062 KB
[08:43:20.099][info] [#0:script/workspace/loading.lua:112]: ++++As library of:	file:///home/mikep/.dotfiles/scripts/.local/share/nvim/lazy/nvim-lspconfig/lua
[08:43:20.099][info] [#0:script/workspace/loading.lua:100]: Preload file at: file:///home/mikep/.dotfiles/scripts/.local/share/nvim/lazy/nvim-lspconfig/lua/lspconfig/server_configurations/texlab.lua , size = 7.351 KB
[08:43:20.101][info] [#0:script/workspace/loading.lua:112]: ++++As library of:	file:///home/mikep/.dotfiles/scripts/.local/share/nvim/lazy/nvim-lspconfig/lua
[08:43:20.102][info] [#0:script/workspace/loading.lua:100]: Preload file at: file:///home/mikep/.dotfiles/scripts/.local/share/nvim/lazy/nvim-lspconfig/lua/lspconfig/server_configurations/spyglassmc_language_server.lua , size = 0.756 KB
[08:43:20.102][info] [#0:script/workspace/loading.lua:112]: ++++As library of:	file:///home/mikep/.dotfiles/scripts/.local/share/nvim/lazy/nvim-lspconfig/lua
[08:43:20.102][info] [#0:script/workspace/loading.lua:100]: Preload file at: file:///home/mikep/.dotfiles/scripts/.local/share/nvim/lazy/nvim-lspconfig/lua/lspconfig/server_configurations/syntax_tree.lua , size = 0.728 KB
[08:43:20.102][info] [#0:script/workspace/loading.lua:112]: ++++As library of:	file:///home/mikep/.dotfiles/scripts/.local/share/nvim/lazy/nvim-lspconfig/lua
[08:43:20.102][info] [#0:script/workspace/loading.lua:100]: Preload file at: file:///home/mikep/.dotfiles/scripts/.local/share/nvim/lazy/nvim-lspconfig/lua/lspconfig/server_configurations/thriftls.lua , size = 0.459 KB
[08:43:20.103][info] [#0:script/workspace/loading.lua:112]: ++++As library of:	file:///home/mikep/.dotfiles/scripts/.local/share/nvim/lazy/nvim-lspconfig/lua
[08:43:20.103][info] [#0:script/workspace/loading.lua:100]: Preload file at: file:///home/mikep/.dotfiles/scripts/.local/share/nvim/lazy/nvim-lspconfig/lua/lspconfig/async.lua , size = 1.498 KB
[08:43:20.103][info] [#0:script/workspace/loading.lua:112]: ++++As library of:	file:///home/mikep/.dotfiles/scripts/.local/share/nvim/lazy/nvim-lspconfig/lua
[08:43:20.104][info] [#0:script/workspace/loading.lua:100]: Preload file at: file:///home/mikep/.dotfiles/scripts/.local/share/nvim/lazy/nvim-lspconfig/lua/lspconfig/configs.lua , size = 9.257 KB
[08:43:20.107][info] [#0:script/workspace/loading.lua:112]: ++++As library of:	file:///home/mikep/.dotfiles/scripts/.local/share/nvim/lazy/nvim-lspconfig/lua
[08:43:20.107][info] [#0:script/workspace/loading.lua:100]: Preload file at: file:///home/mikep/.dotfiles/scripts/.local/share/nvim/lazy/nvim-lspconfig/lua/lspconfig.lua , size = 1.824 KB
[08:43:20.107][info] [#0:script/workspace/loading.lua:112]: ++++As library of:	file:///home/mikep/.dotfiles/scripts/.local/share/nvim/lazy/nvim-lspconfig/lua
[08:43:20.107][info] [#0:script/workspace/loading.lua:100]: Preload file at: file:///home/mikep/.dotfiles/scripts/.local/share/nvim/lazy/nvim-treesitter-textobjects/lua/nvim-treesitter-textobjects.lua , size = 1.987 KB
[08:43:20.108][info] [#0:script/workspace/loading.lua:112]: ++++As library of:	file:///home/mikep/.dotfiles/scripts/.local/share/nvim/lazy/nvim-treesitter-textobjects/lua
[08:43:20.108][info] [#0:script/workspace/loading.lua:100]: Preload file at: file:///home/mikep/.dotfiles/scripts/.local/share/nvim/lazy/nvim-treesitter-textobjects/lua/nvim-treesitter/textobjects/lsp_interop.lua , size = 4.112 KB
[08:43:20.110][info] [#0:script/workspace/loading.lua:112]: ++++As library of:	file:///home/mikep/.dotfiles/scripts/.local/share/nvim/lazy/nvim-treesitter-textobjects/lua
[08:43:20.110][info] [#0:script/workspace/loading.lua:100]: Preload file at: file:///home/mikep/.dotfiles/scripts/.local/share/nvim/lazy/nvim-treesitter-textobjects/lua/nvim-treesitter/textobjects/attach.lua , size = 2.666 KB
[08:43:20.111][info] [#0:script/workspace/loading.lua:112]: ++++As library of:	file:///home/mikep/.dotfiles/scripts/.local/share/nvim/lazy/nvim-treesitter-textobjects/lua
[08:43:20.111][info] [#0:script/workspace/loading.lua:100]: Preload file at: file:///home/mikep/.dotfiles/scripts/.local/share/nvim/lazy/nvim-treesitter-textobjects/lua/nvim-treesitter/textobjects/swap.lua , size = 2.008 KB
[08:43:20.111][info] [#0:script/workspace/loading.lua:112]: ++++As library of:	file:///home/mikep/.dotfiles/scripts/.local/share/nvim/lazy/nvim-treesitter-textobjects/lua
[08:43:20.112][info] [#0:script/workspace/loading.lua:100]: Preload file at: file:///home/mikep/.dotfiles/scripts/.local/share/nvim/lazy/nvim-treesitter-textobjects/lua/nvim-treesitter/textobjects/shared.lua , size = 12.566 KB
[08:43:20.115][info] [#0:script/workspace/loading.lua:112]: ++++As library of:	file:///home/mikep/.dotfiles/scripts/.local/share/nvim/lazy/nvim-treesitter-textobjects/lua
[08:43:20.115][info] [#0:script/workspace/loading.lua:100]: Preload file at: file:///home/mikep/.dotfiles/scripts/.local/share/nvim/lazy/nvim-treesitter-textobjects/lua/nvim-treesitter/textobjects/select.lua , size = 6.571 KB
[08:43:20.117][info] [#0:script/workspace/loading.lua:112]: ++++As library of:	file:///home/mikep/.dotfiles/scripts/.local/share/nvim/lazy/nvim-treesitter-textobjects/lua
[08:43:20.117][info] [#0:script/workspace/loading.lua:100]: Preload file at: file:///home/mikep/.dotfiles/scripts/.local/share/nvim/lazy/nvim-treesitter-textobjects/lua/nvim-treesitter/textobjects/repeatable_move.lua , size = 9.610 KB
[08:43:20.120][info] [#0:script/workspace/loading.lua:112]: ++++As library of:	file:///home/mikep/.dotfiles/scripts/.local/share/nvim/lazy/nvim-treesitter-textobjects/lua
[08:43:20.120][info] [#0:script/workspace/loading.lua:100]: Preload file at: file:///home/mikep/.dotfiles/scripts/.local/share/nvim/lazy/nvim-treesitter-textobjects/lua/nvim-treesitter/textobjects/move.lua , size = 5.326 KB
[08:43:20.121][info] [#0:script/workspace/loading.lua:112]: ++++As library of:	file:///home/mikep/.dotfiles/scripts/.local/share/nvim/lazy/nvim-treesitter-textobjects/lua
[08:43:20.121][info] [#0:script/workspace/loading.lua:100]: Preload file at: file:///home/mikep/.dotfiles/scripts/.local/share/nvim/lazy/onedark.nvim/lua/lualine/themes/onedark.lua , size = 1.048 KB
[08:43:20.122][info] [#0:script/workspace/loading.lua:112]: ++++As library of:	file:///home/mikep/.dotfiles/scripts/.local/share/nvim/lazy/onedark.nvim/lua
[08:43:20.122][info] [#0:script/workspace/loading.lua:100]: Preload file at: file:///home/mikep/.dotfiles/scripts/.local/share/nvim/lazy/onedark.nvim/lua/barbecue/theme/onedark.lua , size = 2.031 KB
[08:43:20.123][info] [#0:script/workspace/loading.lua:112]: ++++As library of:	file:///home/mikep/.dotfiles/scripts/.local/share/nvim/lazy/onedark.nvim/lua
[08:43:20.123][info] [#0:script/workspace/loading.lua:100]: Preload file at: file:///home/mikep/.dotfiles/scripts/.local/share/nvim/lazy/onedark.nvim/lua/onedark/util.lua , size = 1.114 KB
[08:43:20.123][info] [#0:script/workspace/loading.lua:112]: ++++As library of:	file:///home/mikep/.dotfiles/scripts/.local/share/nvim/lazy/onedark.nvim/lua
[08:43:20.123][info] [#0:script/workspace/loading.lua:100]: Preload file at: file:///home/mikep/.dotfiles/scripts/.local/share/nvim/lazy/onedark.nvim/lua/onedark/highlights.lua , size = 38.235 KB
[08:43:20.134][info] [#0:script/workspace/loading.lua:112]: ++++As library of:	file:///home/mikep/.dotfiles/scripts/.local/share/nvim/lazy/onedark.nvim/lua
[08:43:20.134][info] [#0:script/workspace/loading.lua:88]: Skip loaded file: file:///home/mikep/.dotfiles/scripts/.local/share/nvim/mason/packages/lua-language-server/libexec/meta/LuaJIT%20en-us%20utf8/builtin.lua
[08:43:20.134][info] [#0:script/workspace/loading.lua:112]: ++++As library of:	file:///home/mikep/.dotfiles/scripts/.local/share/nvim/mason/packages/lua-language-server/libexec/meta/LuaJIT%20en-us%20utf8/builtin.lua
[08:43:20.135][info] [#0:script/workspace/loading.lua:100]: Preload file at: file:///home/mikep/.dotfiles/scripts/.local/share/nvim/lazy/onedark.nvim/lua/onedark/init.lua , size = 3.584 KB
[08:43:20.136][info] [#0:script/workspace/loading.lua:112]: ++++As library of:	file:///home/mikep/.dotfiles/scripts/.local/share/nvim/lazy/onedark.nvim/lua
[08:43:20.136][info] [#0:script/workspace/loading.lua:100]: Preload file at: file:///home/mikep/.dotfiles/scripts/.local/share/nvim/lazy/onedark.nvim/lua/onedark/colors.lua , size = 0.305 KB
[08:43:20.136][info] [#0:script/workspace/loading.lua:112]: ++++As library of:	file:///home/mikep/.dotfiles/scripts/.local/share/nvim/lazy/onedark.nvim/lua
[08:43:20.136][info] [#0:script/workspace/loading.lua:100]: Preload file at: file:///home/mikep/.dotfiles/scripts/.local/share/nvim/lazy/onedark.nvim/lua/onedark/terminal.lua , size = 0.728 KB
[08:43:20.137][info] [#0:script/workspace/loading.lua:112]: ++++As library of:	file:///home/mikep/.dotfiles/scripts/.local/share/nvim/lazy/onedark.nvim/lua
[08:43:20.137][info] [#0:script/workspace/loading.lua:100]: Preload file at: file:///home/mikep/.dotfiles/scripts/.local/share/nvim/lazy/onedark.nvim/lua/onedark/palette.lua , size = 4.083 KB
[08:43:20.138][info] [#0:script/workspace/loading.lua:112]: ++++As library of:	file:///home/mikep/.dotfiles/scripts/.local/share/nvim/lazy/onedark.nvim/lua
[08:43:20.138][info] [#0:script/workspace/loading.lua:100]: Preload file at: file:///home/mikep/.dotfiles/scripts/.local/share/nvim/lazy/mason.nvim/lua/mason-core/semver.lua , size = 0.370 KB
[08:43:20.138][info] [#0:script/workspace/loading.lua:112]: ++++As library of:	file:///home/mikep/.dotfiles/scripts/.local/share/nvim/lazy/mason.nvim/lua
[08:43:20.139][info] [#0:script/workspace/loading.lua:100]: Preload file at: file:///home/mikep/.dotfiles/scripts/.local/share/nvim/lazy/mason.nvim/lua/mason-core/platform.lua , size = 6.971 KB
[08:43:20.141][info] [#0:script/workspace/loading.lua:112]: ++++As library of:	file:///home/mikep/.dotfiles/scripts/.local/share/nvim/lazy/mason.nvim/lua
[08:43:20.141][info] [#0:script/workspace/loading.lua:100]: Preload file at: file:///home/mikep/.dotfiles/scripts/.local/share/nvim/lazy/mason.nvim/lua/mason-core/ui/init.lua , size = 5.316 KB
[08:43:20.143][info] [#0:script/workspace/loading.lua:112]: ++++As library of:	file:///home/mikep/.dotfiles/scripts/.local/share/nvim/lazy/mason.nvim/lua
[08:43:20.144][info] [#0:script/workspace/loading.lua:100]: Preload file at: file:///home/mikep/.dotfiles/scripts/.local/share/nvim/lazy/mason.nvim/lua/mason-core/ui/state.lua , size = 0.625 KB
[08:43:20.145][info] [#0:script/workspace/loading.lua:112]: ++++As library of:	file:///home/mikep/.dotfiles/scripts/.local/share/nvim/lazy/mason.nvim/lua
[08:43:20.145][info] [#0:script/workspace/loading.lua:100]: Preload file at: file:///home/mikep/.dotfiles/scripts/.local/share/nvim/lazy/mason.nvim/lua/mason-core/ui/display.lua , size = 19.811 KB
[08:43:20.151][info] [#0:script/workspace/loading.lua:112]: ++++As library of:	file:///home/mikep/.dotfiles/scripts/.local/share/nvim/lazy/mason.nvim/lua
[08:43:20.151][info] [#0:script/workspace/loading.lua:100]: Preload file at: file:///home/mikep/.dotfiles/scripts/.local/share/nvim/lazy/mason.nvim/lua/mason-core/purl.lua , size = 7.524 KB
[08:43:20.154][info] [#0:script/workspace/loading.lua:112]: ++++As library of:	file:///home/mikep/.dotfiles/scripts/.local/share/nvim/lazy/mason.nvim/lua
[08:43:20.154][info] [#0:script/workspace/loading.lua:100]: Preload file at: file:///home/mikep/.dotfiles/scripts/.local/share/nvim/lazy/mason.nvim/lua/mason-core/installer/managers/luarocks.lua , size = 1.220 KB
[08:43:20.154][info] [#0:script/workspace/loading.lua:112]: ++++As library of:	file:///home/mikep/.dotfiles/scripts/.local/share/nvim/lazy/mason.nvim/lua
[08:43:20.154][info] [#0:script/workspace/loading.lua:100]: Preload file at: file:///home/mikep/.dotfiles/scripts/.local/share/nvim/lazy/mason.nvim/lua/mason-core/installer/linker.lua , size = 5.206 KB
[08:43:20.156][info] [#0:script/workspace/loading.lua:112]: ++++As library of:	file:///home/mikep/.dotfiles/scripts/.local/share/nvim/lazy/mason.nvim/lua
[08:43:20.156][info] [#0:script/workspace/loading.lua:100]: Preload file at: file:///home/mikep/.dotfiles/scripts/.local/share/nvim/lazy/mason.nvim/lua/mason-core/installer/managers/opam.lua , size = 1.004 KB
[08:43:20.156][info] [#0:script/workspace/loading.lua:112]: ++++As library of:	file:///home/mikep/.dotfiles/scripts/.local/share/nvim/lazy/mason.nvim/lua
[08:43:20.156][info] [#0:script/workspace/loading.lua:100]: Preload file at: file:///home/mikep/.dotfiles/scripts/.local/share/nvim/lazy/mason.nvim/lua/mason-core/installer/managers/pypi.lua , size = 7.822 KB
[08:43:20.159][info] [#0:script/workspace/loading.lua:112]: ++++As library of:	file:///home/mikep/.dotfiles/scripts/.local/share/nvim/lazy/mason.nvim/lua
[08:43:20.159][info] [#0:script/workspace/loading.lua:100]: Preload file at: file:///home/mikep/.dotfiles/scripts/.local/share/nvim/lazy/mason.nvim/lua/mason-core/installer/managers/std.lua , size = 7.608 KB
[08:43:20.161][info] [#0:script/workspace/loading.lua:112]: ++++As library of:	file:///home/mikep/.dotfiles/scripts/.local/share/nvim/lazy/mason.nvim/lua
[08:43:20.163][info] [#0:script/workspace/loading.lua:100]: Preload file at: file:///home/mikep/.dotfiles/scripts/.local/share/nvim/lazy/mason.nvim/lua/mason-core/installer/managers/npm.lua , size = 2.851 KB
[08:43:20.164][info] [#0:script/workspace/loading.lua:112]: ++++As library of:	file:///home/mikep/.dotfiles/scripts/.local/share/nvim/lazy/mason.nvim/lua
[08:43:20.165][info] [#0:script/workspace/loading.lua:100]: Preload file at: file:///home/mikep/.dotfiles/scripts/.local/share/nvim/lazy/mason.nvim/lua/mason-core/installer/managers/golang.lua , size = 1.389 KB
[08:43:20.166][info] [#0:script/workspace/loading.lua:112]: ++++As library of:	file:///home/mikep/.dotfiles/scripts/.local/share/nvim/lazy/mason.nvim/lua
[08:43:20.166][info] [#0:script/workspace/loading.lua:100]: Preload file at: file:///home/mikep/.dotfiles/scripts/.local/share/nvim/lazy/mason.nvim/lua/mason-core/installer/managers/gem.lua , size = 1.912 KB
[08:43:20.166][info] [#0:script/workspace/loading.lua:112]: ++++As library of:	file:///home/mikep/.dotfiles/scripts/.local/share/nvim/lazy/mason.nvim/lua
[08:43:20.166][info] [#0:script/workspace/loading.lua:100]: Preload file at: file:///home/mikep/.dotfiles/scripts/.local/share/nvim/lazy/mason.nvim/lua/mason-core/installer/managers/nuget.lua , size = 0.881 KB
[08:43:20.167][info] [#0:script/workspace/loading.lua:112]: ++++As library of:	file:///home/mikep/.dotfiles/scripts/.local/share/nvim/lazy/mason.nvim/lua
[08:43:20.167][info] [#0:script/workspace/loading.lua:100]: Preload file at: file:///home/mikep/.dotfiles/scripts/.local/share/nvim/lazy/mason.nvim/lua/mason-core/installer/managers/common.lua , size = 3.601 KB
[08:43:20.169][info] [#0:script/workspace/loading.lua:112]: ++++As library of:	file:///home/mikep/.dotfiles/scripts/.local/share/nvim/lazy/mason.nvim/lua
[08:43:20.169][info] [#0:script/workspace/loading.lua:100]: Preload file at: file:///home/mikep/.dotfiles/scripts/.local/share/nvim/lazy/mason.nvim/lua/mason-core/installer/managers/composer.lua , size = 1.188 KB
[08:43:20.169][info] [#0:script/workspace/loading.lua:112]: ++++As library of:	file:///home/mikep/.dotfiles/scripts/.local/share/nvim/lazy/mason.nvim/lua
[08:43:20.169][info] [#0:script/workspace/loading.lua:100]: Preload file at: file:///home/mikep/.dotfiles/scripts/.local/share/nvim/lazy/mason.nvim/lua/mason-core/installer/init.lua , size = 9.102 KB
[08:43:20.172][info] [#0:script/workspace/loading.lua:112]: ++++As library of:	file:///home/mikep/.dotfiles/scripts/.local/share/nvim/lazy/mason.nvim/lua
[08:43:20.172][info] [#0:script/workspace/loading.lua:100]: Preload file at: file:///home/mikep/.dotfiles/scripts/.local/share/nvim/lazy/mason.nvim/lua/mason-core/installer/managers/cargo.lua , size = 1.337 KB
[08:43:20.172][info] [#0:script/workspace/loading.lua:112]: ++++As library of:	file:///home/mikep/.dotfiles/scripts/.local/share/nvim/lazy/mason.nvim/lua
[08:43:20.173][info] [#0:script/workspace/loading.lua:100]: Preload file at: file:///home/mikep/.dotfiles/scripts/.local/share/nvim/lazy/mason.nvim/lua/mason-core/installer/registry/schemas.lua , size = 2.667 KB
[08:43:20.174][info] [#0:script/workspace/loading.lua:112]: ++++As library of:	file:///home/mikep/.dotfiles/scripts/.local/share/nvim/lazy/mason.nvim/lua
[08:43:20.174][info] [#0:script/workspace/loading.lua:100]: Preload file at: file:///home/mikep/.dotfiles/scripts/.local/share/nvim/lazy/mason.nvim/lua/mason-core/installer/registry/expr.lua , size = 2.940 KB
[08:43:20.175][info] [#0:script/workspace/loading.lua:112]: ++++As library of:	file:///home/mikep/.dotfiles/scripts/.local/share/nvim/lazy/mason.nvim/lua
[08:43:20.175][info] [#0:script/workspace/loading.lua:100]: Preload file at: file:///home/mikep/.dotfiles/scripts/.local/share/nvim/lazy/mason.nvim/lua/mason-core/installer/registry/link.lua , size = 10.831 KB
[08:43:20.178][info] [#0:script/workspace/loading.lua:112]: ++++As library of:	file:///home/mikep/.dotfiles/scripts/.local/share/nvim/lazy/mason.nvim/lua
[08:43:20.179][info] [#0:script/workspace/loading.lua:100]: Preload file at: file:///home/mikep/.dotfiles/scripts/.local/share/nvim/lazy/mason.nvim/lua/mason-core/installer/registry/util.lua , size = 3.002 KB
[08:43:20.180][info] [#0:script/workspace/loading.lua:112]: ++++As library of:	file:///home/mikep/.dotfiles/scripts/.local/share/nvim/lazy/mason.nvim/lua
[08:43:20.180][info] [#0:script/workspace/loading.lua:100]: Preload file at: file:///home/mikep/.dotfiles/scripts/.local/share/nvim/lazy/mason.nvim/lua/mason-core/installer/registry/providers/github/init.lua , size = 1.724 KB
[08:43:20.181][info] [#0:script/workspace/loading.lua:112]: ++++As library of:	file:///home/mikep/.dotfiles/scripts/.local/share/nvim/lazy/mason.nvim/lua
[08:43:20.181][info] [#0:script/workspace/loading.lua:100]: Preload file at: file:///home/mikep/.dotfiles/scripts/.local/share/nvim/lazy/mason.nvim/lua/mason-core/installer/registry/init.lua , size = 8.825 KB
[08:43:20.183][info] [#0:script/workspace/loading.lua:112]: ++++As library of:	file:///home/mikep/.dotfiles/scripts/.local/share/nvim/lazy/mason.nvim/lua
[08:43:20.184][info] [#0:script/workspace/loading.lua:100]: Preload file at: file:///home/mikep/.dotfiles/scripts/.local/share/nvim/lazy/mason.nvim/lua/mason-core/installer/registry/providers/github/release.lua , size = 1.728 KB
[08:43:20.185][info] [#0:script/workspace/loading.lua:112]: ++++As library of:	file:///home/mikep/.dotfiles/scripts/.local/share/nvim/lazy/mason.nvim/lua
[08:43:20.185][info] [#0:script/workspace/loading.lua:100]: Preload file at: file:///home/mikep/.dotfiles/scripts/.local/share/nvim/lazy/mason.nvim/lua/mason-core/installer/registry/providers/github/build.lua , size = 1.712 KB
[08:43:20.185][info] [#0:script/workspace/loading.lua:112]: ++++As library of:	file:///home/mikep/.dotfiles/scripts/.local/share/nvim/lazy/mason.nvim/lua
[08:43:20.186][info] [#0:script/workspace/loading.lua:100]: Preload file at: file:///home/mikep/.dotfiles/scripts/.local/share/nvim/lazy/mason.nvim/lua/mason-core/installer/registry/providers/luarocks.lua , size = 1.255 KB
[08:43:20.186][info] [#0:script/workspace/loading.lua:112]: ++++As library of:	file:///home/mikep/.dotfiles/scripts/.local/share/nvim/lazy/mason.nvim/lua
[08:43:20.186][info] [#0:script/workspace/loading.lua:100]: Preload file at: file:///home/mikep/.dotfiles/scripts/.local/share/nvim/lazy/mason.nvim/lua/mason-core/installer/registry/providers/generic/init.lua , size = 1.392 KB
[08:43:20.187][info] [#0:script/workspace/loading.lua:112]: ++++As library of:	file:///home/mikep/.dotfiles/scripts/.local/share/nvim/lazy/mason.nvim/lua
[08:43:20.187][info] [#0:script/workspace/loading.lua:100]: Preload file at: file:///home/mikep/.dotfiles/scripts/.local/share/nvim/lazy/mason.nvim/lua/mason-core/installer/registry/providers/generic/download.lua , size = 1.589 KB
[08:43:20.188][info] [#0:script/workspace/loading.lua:112]: ++++As library of:	file:///home/mikep/.dotfiles/scripts/.local/share/nvim/lazy/mason.nvim/lua
[08:43:20.189][info] [#0:script/workspace/loading.lua:100]: Preload file at: file:///home/mikep/.dotfiles/scripts/.local/share/nvim/lazy/mason.nvim/lua/mason-core/installer/registry/providers/generic/build.lua , size = 1.244 KB
[08:43:20.189][info] [#0:script/workspace/loading.lua:112]: ++++As library of:	file:///home/mikep/.dotfiles/scripts/.local/share/nvim/lazy/mason.nvim/lua
[08:43:20.189][info] [#0:script/workspace/loading.lua:100]: Preload file at: file:///home/mikep/.dotfiles/scripts/.local/share/nvim/lazy/mason.nvim/lua/mason-core/installer/registry/providers/opam.lua , size = 0.672 KB
[08:43:20.190][info] [#0:script/workspace/loading.lua:112]: ++++As library of:	file:///home/mikep/.dotfiles/scripts/.local/share/nvim/lazy/mason.nvim/lua
[08:43:20.190][info] [#0:script/workspace/loading.lua:100]: Preload file at: file:///home/mikep/.dotfiles/scripts/.local/share/nvim/lazy/mason.nvim/lua/mason-core/installer/registry/providers/pypi.lua , size = 1.887 KB
[08:43:20.191][info] [#0:script/workspace/loading.lua:112]: ++++As library of:	file:///home/mikep/.dotfiles/scripts/.local/share/nvim/lazy/mason.nvim/lua
[08:43:20.191][info] [#0:script/workspace/loading.lua:100]: Preload file at: file:///home/mikep/.dotfiles/scripts/.local/share/nvim/lazy/mason.nvim/lua/mason-core/installer/registry/providers/openvsx.lua , size = 1.983 KB
[08:43:20.191][info] [#0:script/workspace/loading.lua:112]: ++++As library of:	file:///home/mikep/.dotfiles/scripts/.local/share/nvim/lazy/mason.nvim/lua
[08:43:20.192][info] [#0:script/workspace/loading.lua:100]: Preload file at: file:///home/mikep/.dotfiles/scripts/.local/share/nvim/lazy/mason.nvim/lua/mason-core/installer/registry/providers/npm.lua , size = 1.210 KB
[08:43:20.193][info] [#0:script/workspace/loading.lua:112]: ++++As library of:	file:///home/mikep/.dotfiles/scripts/.local/share/nvim/lazy/mason.nvim/lua
[08:43:20.193][info] [#0:script/workspace/loading.lua:100]: Preload file at: file:///home/mikep/.dotfiles/scripts/.local/share/nvim/lazy/mason.nvim/lua/mason-core/installer/registry/providers/golang.lua , size = 1.296 KB
[08:43:20.193][info] [#0:script/workspace/loading.lua:112]: ++++As library of:	file:///home/mikep/.dotfiles/scripts/.local/share/nvim/lazy/mason.nvim/lua
[08:43:20.193][info] [#0:script/workspace/loading.lua:100]: Preload file at: file:///home/mikep/.dotfiles/scripts/.local/share/nvim/lazy/mason.nvim/lua/mason-core/installer/registry/providers/gem.lua , size = 1.215 KB
[08:43:20.194][info] [#0:script/workspace/loading.lua:112]: ++++As library of:	file:///home/mikep/.dotfiles/scripts/.local/share/nvim/lazy/mason.nvim/lua
[08:43:20.194][info] [#0:script/workspace/loading.lua:100]: Preload file at: file:///home/mikep/.dotfiles/scripts/.local/share/nvim/lazy/mason.nvim/lua/mason-core/installer/registry/providers/nuget.lua , size = 0.677 KB
[08:43:20.194][info] [#0:script/workspace/loading.lua:112]: ++++As library of:	file:///home/mikep/.dotfiles/scripts/.local/share/nvim/lazy/mason.nvim/lua
[08:43:20.194][info] [#0:script/workspace/loading.lua:100]: Preload file at: file:///home/mikep/.dotfiles/scripts/.local/share/nvim/lazy/mason.nvim/lua/mason-core/installer/registry/providers/composer.lua , size = 0.878 KB
[08:43:20.195][info] [#0:script/workspace/loading.lua:112]: ++++As library of:	file:///home/mikep/.dotfiles/scripts/.local/share/nvim/lazy/mason.nvim/lua
[08:43:20.195][info] [#0:script/workspace/loading.lua:100]: Preload file at: file:///home/mikep/.dotfiles/scripts/.local/share/nvim/lazy/mason.nvim/lua/mason-core/installer/registry/providers/cargo.lua , size = 2.465 KB
[08:43:20.196][info] [#0:script/workspace/loading.lua:112]: ++++As library of:	file:///home/mikep/.dotfiles/scripts/.local/share/nvim/lazy/mason.nvim/lua
[08:43:20.197][info] [#0:script/workspace/loading.lua:100]: Preload file at: file:///home/mikep/.dotfiles/scripts/.local/share/nvim/lazy/mason.nvim/lua/mason-core/installer/handle.lua , size = 6.208 KB
[08:43:20.199][info] [#0:script/workspace/loading.lua:112]: ++++As library of:	file:///home/mikep/.dotfiles/scripts/.local/share/nvim/lazy/mason.nvim/lua
[08:43:20.199][info] [#0:script/workspace/loading.lua:100]: Preload file at: file:///home/mikep/.dotfiles/scripts/.local/share/nvim/lazy/mason.nvim/lua/mason-core/installer/context.lua , size = 13.931 KB
[08:43:20.205][info] [#0:script/workspace/loading.lua:112]: ++++As library of:	file:///home/mikep/.dotfiles/scripts/.local/share/nvim/lazy/mason.nvim/lua
[08:43:20.205][info] [#0:script/workspace/loading.lua:100]: Preload file at: file:///home/mikep/.dotfiles/scripts/.local/share/nvim/lazy/mason.nvim/lua/mason-core/package/version-check.lua , size = 3.229 KB
[08:43:20.206][info] [#0:script/workspace/loading.lua:112]: ++++As library of:	file:///home/mikep/.dotfiles/scripts/.local/share/nvim/lazy/mason.nvim/lua
[08:43:20.206][info] [#0:script/workspace/loading.lua:100]: Preload file at: file:///home/mikep/.dotfiles/scripts/.local/share/nvim/lazy/mason.nvim/lua/mason-core/package/init.lua , size = 11.326 KB
[08:43:20.209][info] [#0:script/workspace/loading.lua:112]: ++++As library of:	file:///home/mikep/.dotfiles/scripts/.local/share/nvim/lazy/mason.nvim/lua
[08:43:20.211][info] [#0:script/workspace/loading.lua:100]: Preload file at: file:///home/mikep/.dotfiles/scripts/.local/share/nvim/lazy/mason.nvim/lua/mason-core/managers/github/init.lua , size = 6.918 KB
[08:43:20.213][info] [#0:script/workspace/loading.lua:112]: ++++As library of:	file:///home/mikep/.dotfiles/scripts/.local/share/nvim/lazy/mason.nvim/lua
[08:43:20.213][info] [#0:script/workspace/loading.lua:100]: Preload file at: file:///home/mikep/.dotfiles/scripts/.local/share/nvim/lazy/mason.nvim/lua/mason-core/managers/github/client.lua , size = 2.544 KB
[08:43:20.214][info] [#0:script/workspace/loading.lua:112]: ++++As library of:	file:///home/mikep/.dotfiles/scripts/.local/share/nvim/lazy/mason.nvim/lua
[08:43:20.214][info] [#0:script/workspace/loading.lua:100]: Preload file at: file:///home/mikep/.dotfiles/scripts/.local/share/nvim/lazy/mason.nvim/lua/mason-core/managers/luarocks/init.lua , size = 4.638 KB
[08:43:20.216][info] [#0:script/workspace/loading.lua:112]: ++++As library of:	file:///home/mikep/.dotfiles/scripts/.local/share/nvim/lazy/mason.nvim/lua
[08:43:20.216][info] [#0:script/workspace/loading.lua:100]: Preload file at: file:///home/mikep/.dotfiles/scripts/.local/share/nvim/lazy/mason.nvim/lua/mason-core/managers/std/init.lua , size = 5.446 KB
[08:43:20.217][info] [#0:script/workspace/loading.lua:112]: ++++As library of:	file:///home/mikep/.dotfiles/scripts/.local/share/nvim/lazy/mason.nvim/lua
[08:43:20.217][info] [#0:script/workspace/loading.lua:100]: Preload file at: file:///home/mikep/.dotfiles/scripts/.local/share/nvim/lazy/mason.nvim/lua/mason-core/managers/composer/init.lua , size = 4.037 KB
[08:43:20.219][info] [#0:script/workspace/loading.lua:112]: ++++As library of:	file:///home/mikep/.dotfiles/scripts/.local/share/nvim/lazy/mason.nvim/lua
[08:43:20.219][info] [#0:script/workspace/loading.lua:100]: Preload file at: file:///home/mikep/.dotfiles/scripts/.local/share/nvim/lazy/mason.nvim/lua/mason-core/managers/cargo/init.lua , size = 6.768 KB
[08:43:20.221][info] [#0:script/workspace/loading.lua:112]: ++++As library of:	file:///home/mikep/.dotfiles/scripts/.local/share/nvim/lazy/mason.nvim/lua
[08:43:20.221][info] [#0:script/workspace/loading.lua:100]: Preload file at: file:///home/mikep/.dotfiles/scripts/.local/share/nvim/lazy/mason.nvim/lua/mason-core/managers/git/init.lua , size = 2.343 KB
[08:43:20.222][info] [#0:script/workspace/loading.lua:112]: ++++As library of:	file:///home/mikep/.dotfiles/scripts/.local/share/nvim/lazy/mason.nvim/lua
[08:43:20.222][info] [#0:script/workspace/loading.lua:100]: Preload file at: file:///home/mikep/.dotfiles/scripts/.local/share/nvim/lazy/mason.nvim/lua/mason-core/managers/cargo/client.lua , size = 0.466 KB
[08:43:20.222][info] [#0:script/workspace/loading.lua:112]: ++++As library of:	file:///home/mikep/.dotfiles/scripts/.local/share/nvim/lazy/mason.nvim/lua
[08:43:20.222][info] [#0:script/workspace/loading.lua:100]: Preload file at: file:///home/mikep/.dotfiles/scripts/.local/share/nvim/lazy/mason.nvim/lua/mason-core/managers/gem/init.lua , size = 5.273 KB
[08:43:20.224][info] [#0:script/workspace/loading.lua:112]: ++++As library of:	file:///home/mikep/.dotfiles/scripts/.local/share/nvim/lazy/mason.nvim/lua
[08:43:20.224][info] [#0:script/workspace/loading.lua:100]: Preload file at: file:///home/mikep/.dotfiles/scripts/.local/share/nvim/lazy/mason.nvim/lua/mason-core/managers/opam/init.lua , size = 1.761 KB
[08:43:20.225][info] [#0:script/workspace/loading.lua:112]: ++++As library of:	file:///home/mikep/.dotfiles/scripts/.local/share/nvim/lazy/mason.nvim/lua
[08:43:20.226][info] [#0:script/workspace/loading.lua:100]: Preload file at: file:///home/mikep/.dotfiles/scripts/.local/share/nvim/lazy/mason.nvim/lua/mason-core/managers/powershell/init.lua , size = 1.316 KB
[08:43:20.227][info] [#0:script/workspace/loading.lua:112]: ++++As library of:	file:///home/mikep/.dotfiles/scripts/.local/share/nvim/lazy/mason.nvim/lua
[08:43:20.227][info] [#0:script/workspace/loading.lua:100]: Preload file at: file:///home/mikep/.dotfiles/scripts/.local/share/nvim/lazy/mason.nvim/lua/mason-core/managers/npm/init.lua , size = 4.886 KB
[08:43:20.228][info] [#0:script/workspace/loading.lua:112]: ++++As library of:	file:///home/mikep/.dotfiles/scripts/.local/share/nvim/lazy/mason.nvim/lua
[08:43:20.228][info] [#0:script/workspace/loading.lua:100]: Preload file at: file:///home/mikep/.dotfiles/scripts/.local/share/nvim/lazy/mason.nvim/lua/mason-core/managers/go/init.lua , size = 5.621 KB
[08:43:20.230][info] [#0:script/workspace/loading.lua:112]: ++++As library of:	file:///home/mikep/.dotfiles/scripts/.local/share/nvim/lazy/mason.nvim/lua
[08:43:20.230][info] [#0:script/workspace/loading.lua:100]: Preload file at: file:///home/mikep/.dotfiles/scripts/.local/share/nvim/lazy/mason.nvim/lua/mason-core/managers/dotnet/init.lua , size = 1.275 KB
[08:43:20.230][info] [#0:script/workspace/loading.lua:112]: ++++As library of:	file:///home/mikep/.dotfiles/scripts/.local/share/nvim/lazy/mason.nvim/lua
[08:43:20.231][info] [#0:script/workspace/loading.lua:100]: Preload file at: file:///home/mikep/.dotfiles/scripts/.local/share/nvim/lazy/mason.nvim/lua/mason-core/managers/pip3/init.lua , size = 5.887 KB
[08:43:20.233][info] [#0:script/workspace/loading.lua:112]: ++++As library of:	file:///home/mikep/.dotfiles/scripts/.local/share/nvim/lazy/mason.nvim/lua
[08:43:20.233][info] [#0:script/workspace/loading.lua:100]: Preload file at: file:///home/mikep/.dotfiles/scripts/.local/share/nvim/lazy/mason.nvim/lua/mason-core/spawn.lua , size = 4.188 KB
[08:43:20.234][info] [#0:script/workspace/loading.lua:112]: ++++As library of:	file:///home/mikep/.dotfiles/scripts/.local/share/nvim/lazy/mason.nvim/lua
[08:43:20.234][info] [#0:script/workspace/loading.lua:100]: Preload file at: file:///home/mikep/.dotfiles/scripts/.local/share/nvim/lazy/mason.nvim/lua/mason-core/EventEmitter.lua , size = 2.331 KB
[08:43:20.235][info] [#0:script/workspace/loading.lua:112]: ++++As library of:	file:///home/mikep/.dotfiles/scripts/.local/share/nvim/lazy/mason.nvim/lua
[08:43:20.235][info] [#0:script/workspace/loading.lua:100]: Preload file at: file:///home/mikep/.dotfiles/scripts/.local/share/nvim/lazy/mason.nvim/lua/mason-core/notify.lua , size = 0.156 KB
[08:43:20.235][info] [#0:script/workspace/loading.lua:112]: ++++As library of:	file:///home/mikep/.dotfiles/scripts/.local/share/nvim/lazy/mason.nvim/lua
[08:43:20.235][info] [#0:script/workspace/loading.lua:100]: Preload file at: file:///home/mikep/.dotfiles/scripts/.local/share/nvim/lazy/mason.nvim/lua/mason-core/async/init.lua , size = 5.718 KB
[08:43:20.237][info] [#0:script/workspace/loading.lua:112]: ++++As library of:	file:///home/mikep/.dotfiles/scripts/.local/share/nvim/lazy/mason.nvim/lua
[08:43:20.238][info] [#0:script/workspace/loading.lua:100]: Preload file at: file:///home/mikep/.dotfiles/scripts/.local/share/nvim/lazy/mason.nvim/lua/mason-core/async/uv.lua , size = 0.989 KB
[08:43:20.238][info] [#0:script/workspace/loading.lua:112]: ++++As library of:	file:///home/mikep/.dotfiles/scripts/.local/share/nvim/lazy/mason.nvim/lua
[08:43:20.238][info] [#0:script/workspace/loading.lua:100]: Preload file at: file:///home/mikep/.dotfiles/scripts/.local/share/nvim/lazy/mason.nvim/lua/mason-core/async/control.lua , size = 3.312 KB
[08:43:20.240][info] [#0:script/workspace/loading.lua:112]: ++++As library of:	file:///home/mikep/.dotfiles/scripts/.local/share/nvim/lazy/mason.nvim/lua
[08:43:20.240][info] [#0:script/workspace/loading.lua:100]: Preload file at: file:///home/mikep/.dotfiles/scripts/.local/share/nvim/lazy/mason.nvim/lua/mason-core/optional.lua , size = 2.586 KB
[08:43:20.241][info] [#0:script/workspace/loading.lua:112]: ++++As library of:	file:///home/mikep/.dotfiles/scripts/.local/share/nvim/lazy/mason.nvim/lua
[08:43:20.241][info] [#0:script/workspace/loading.lua:100]: Preload file at: file:///home/mikep/.dotfiles/scripts/.local/share/nvim/lazy/mason.nvim/lua/mason-core/receipt.lua , size = 5.438 KB
[08:43:20.243][info] [#0:script/workspace/loading.lua:112]: ++++As library of:	file:///home/mikep/.dotfiles/scripts/.local/share/nvim/lazy/mason.nvim/lua
[08:43:20.244][info] [#0:script/workspace/loading.lua:100]: Preload file at: file:///home/mikep/.dotfiles/scripts/.local/share/nvim/lazy/mason.nvim/lua/mason-core/process.lua , size = 6.354 KB
[08:43:20.422][warn] [#0:script/files.lua:704]: Compile [file:///home/mikep/.dotfiles/scripts/.local/share/nvim/lazy/mason.nvim/lua/mason-core/process.lua] takes [0.177] sec, size [6.506] kb.
[08:43:20.438][info] [#0:script/workspace/loading.lua:112]: ++++As library of:	file:///home/mikep/.dotfiles/scripts/.local/share/nvim/lazy/mason.nvim/lua
[08:43:20.438][info] [#0:script/workspace/loading.lua:100]: Preload file at: file:///home/mikep/.dotfiles/scripts/.local/share/nvim/lazy/mason.nvim/lua/mason-core/pep440/init.lua , size = 1.765 KB
[08:43:20.438][info] [#0:script/workspace/loading.lua:112]: ++++As library of:	file:///home/mikep/.dotfiles/scripts/.local/share/nvim/lazy/mason.nvim/lua
[08:43:20.438][info] [#0:script/workspace/loading.lua:100]: Preload file at: file:///home/mikep/.dotfiles/scripts/.local/share/nvim/lazy/mason.nvim/lua/mason-core/terminator.lua , size = 3.074 KB
[08:43:20.439][info] [#0:script/workspace/loading.lua:112]: ++++As library of:	file:///home/mikep/.dotfiles/scripts/.local/share/nvim/lazy/mason.nvim/lua
[08:43:20.441][info] [#0:script/workspace/loading.lua:100]: Preload file at: file:///home/mikep/.dotfiles/scripts/.local/share/nvim/lazy/mason.nvim/lua/mason-core/fs.lua , size = 4.753 KB
[08:43:20.443][info] [#0:script/workspace/loading.lua:112]: ++++As library of:	file:///home/mikep/.dotfiles/scripts/.local/share/nvim/lazy/mason.nvim/lua
[08:43:20.444][info] [#0:script/workspace/loading.lua:100]: Preload file at: file:///home/mikep/.dotfiles/scripts/.local/share/nvim/lazy/mason.nvim/lua/mason-core/log.lua , size = 5.897 KB
[08:43:20.446][info] [#0:script/workspace/loading.lua:112]: ++++As library of:	file:///home/mikep/.dotfiles/scripts/.local/share/nvim/lazy/mason.nvim/lua
[08:43:20.446][info] [#0:script/workspace/loading.lua:100]: Preload file at: file:///home/mikep/.dotfiles/scripts/.local/share/nvim/lazy/mason.nvim/lua/mason-core/fetch.lua , size = 4.212 KB
[08:43:20.448][info] [#0:script/workspace/loading.lua:112]: ++++As library of:	file:///home/mikep/.dotfiles/scripts/.local/share/nvim/lazy/mason.nvim/lua
[08:43:20.448][info] [#0:script/workspace/loading.lua:100]: Preload file at: file:///home/mikep/.dotfiles/scripts/.local/share/nvim/lazy/mason.nvim/lua/mason-core/result.lua , size = 4.645 KB
[08:43:20.450][info] [#0:script/workspace/loading.lua:112]: ++++As library of:	file:///home/mikep/.dotfiles/scripts/.local/share/nvim/lazy/mason.nvim/lua
[08:43:20.450][info] [#0:script/workspace/loading.lua:100]: Preload file at: file:///home/mikep/.dotfiles/scripts/.local/share/nvim/lazy/mason.nvim/lua/mason-core/functional/data.lua , size = 0.495 KB
[08:43:20.451][info] [#0:script/workspace/loading.lua:112]: ++++As library of:	file:///home/mikep/.dotfiles/scripts/.local/share/nvim/lazy/mason.nvim/lua
[08:43:20.452][info] [#0:script/workspace/loading.lua:100]: Preload file at: file:///home/mikep/.dotfiles/scripts/.local/share/nvim/lazy/mason.nvim/lua/mason-core/functional/logic.lua , size = 1.873 KB
[08:43:20.453][info] [#0:script/workspace/loading.lua:112]: ++++As library of:	file:///home/mikep/.dotfiles/scripts/.local/share/nvim/lazy/mason.nvim/lua
[08:43:20.453][info] [#0:script/workspace/loading.lua:100]: Preload file at: file:///home/mikep/.dotfiles/scripts/.local/share/nvim/lazy/mason.nvim/lua/mason-core/functional/relation.lua , size = 0.957 KB
[08:43:20.453][info] [#0:script/workspace/loading.lua:112]: ++++As library of:	file:///home/mikep/.dotfiles/scripts/.local/share/nvim/lazy/mason.nvim/lua
[08:43:20.453][info] [#0:script/workspace/loading.lua:100]: Preload file at: file:///home/mikep/.dotfiles/scripts/.local/share/nvim/lazy/mason.nvim/lua/mason-core/functional/init.lua , size = 4.229 KB
[08:43:20.456][info] [#0:script/workspace/loading.lua:112]: ++++As library of:	file:///home/mikep/.dotfiles/scripts/.local/share/nvim/lazy/mason.nvim/lua
[08:43:20.456][info] [#0:script/workspace/loading.lua:100]: Preload file at: file:///home/mikep/.dotfiles/scripts/.local/share/nvim/lazy/mason.nvim/lua/mason-core/functional/number.lua , size = 0.618 KB
[08:43:20.456][info] [#0:script/workspace/loading.lua:112]: ++++As library of:	file:///home/mikep/.dotfiles/scripts/.local/share/nvim/lazy/mason.nvim/lua
[08:43:20.456][info] [#0:script/workspace/loading.lua:100]: Preload file at: file:///home/mikep/.dotfiles/scripts/.local/share/nvim/lazy/mason.nvim/lua/mason-core/functional/function.lua , size = 3.153 KB
[08:43:20.459][info] [#0:script/workspace/loading.lua:112]: ++++As library of:	file:///home/mikep/.dotfiles/scripts/.local/share/nvim/lazy/mason.nvim/lua
[08:43:20.459][info] [#0:script/workspace/loading.lua:100]: Preload file at: file:///home/mikep/.dotfiles/scripts/.local/share/nvim/lazy/mason.nvim/lua/mason-core/functional/list.lua , size = 6.728 KB
[08:43:20.463][info] [#0:script/workspace/loading.lua:112]: ++++As library of:	file:///home/mikep/.dotfiles/scripts/.local/share/nvim/lazy/mason.nvim/lua
[08:43:20.463][info] [#0:script/workspace/loading.lua:100]: Preload file at: file:///home/mikep/.dotfiles/scripts/.local/share/nvim/lazy/mason.nvim/lua/mason-core/functional/type.lua , size = 0.310 KB
[08:43:20.463][info] [#0:script/workspace/loading.lua:112]: ++++As library of:	file:///home/mikep/.dotfiles/scripts/.local/share/nvim/lazy/mason.nvim/lua
[08:43:20.463][info] [#0:script/workspace/loading.lua:100]: Preload file at: file:///home/mikep/.dotfiles/scripts/.local/share/nvim/lazy/mason.nvim/lua/mason-core/functional/table.lua , size = 2.533 KB
[08:43:20.465][info] [#0:script/workspace/loading.lua:112]: ++++As library of:	file:///home/mikep/.dotfiles/scripts/.local/share/nvim/lazy/mason.nvim/lua
[08:43:20.465][info] [#0:script/workspace/loading.lua:100]: Preload file at: file:///home/mikep/.dotfiles/scripts/.local/share/nvim/lazy/mason.nvim/lua/mason-core/functional/string.lua , size = 3.386 KB
[08:43:20.467][info] [#0:script/workspace/loading.lua:112]: ++++As library of:	file:///home/mikep/.dotfiles/scripts/.local/share/nvim/lazy/mason.nvim/lua
[08:43:20.469][info] [#0:script/workspace/loading.lua:100]: Preload file at: file:///home/mikep/.dotfiles/scripts/.local/share/nvim/lazy/mason.nvim/lua/mason-core/path.lua , size = 1.646 KB
[08:43:20.471][info] [#0:script/workspace/loading.lua:112]: ++++As library of:	file:///home/mikep/.dotfiles/scripts/.local/share/nvim/lazy/mason.nvim/lua
[08:43:20.471][info] [#0:script/workspace/loading.lua:100]: Preload file at: file:///home/mikep/.dotfiles/scripts/.local/share/nvim/lazy/mason.nvim/lua/mason-core/providers/init.lua , size = 4.623 KB
[08:43:20.473][info] [#0:script/workspace/loading.lua:112]: ++++As library of:	file:///home/mikep/.dotfiles/scripts/.local/share/nvim/lazy/mason.nvim/lua
[08:43:20.473][info] [#0:script/workspace/loading.lua:100]: Preload file at: file:///home/mikep/.dotfiles/scripts/.local/share/nvim/lazy/mason.nvim/lua/mason/ui/init.lua , size = 0.490 KB
[08:43:20.473][info] [#0:script/workspace/loading.lua:112]: ++++As library of:	file:///home/mikep/.dotfiles/scripts/.local/share/nvim/lazy/mason.nvim/lua
[08:43:20.473][info] [#0:script/workspace/loading.lua:100]: Preload file at: file:///home/mikep/.dotfiles/scripts/.local/share/nvim/lazy/mason.nvim/lua/mason/ui/components/header.lua , size = 2.729 KB
[08:43:20.474][info] [#0:script/workspace/loading.lua:112]: ++++As library of:	file:///home/mikep/.dotfiles/scripts/.local/share/nvim/lazy/mason.nvim/lua
[08:43:20.474][info] [#0:script/workspace/loading.lua:100]: Preload file at: file:///home/mikep/.dotfiles/scripts/.local/share/nvim/lazy/mason.nvim/lua/mason/ui/components/language-filter.lua , size = 1.094 KB
[08:43:20.475][info] [#0:script/workspace/loading.lua:112]: ++++As library of:	file:///home/mikep/.dotfiles/scripts/.local/share/nvim/lazy/mason.nvim/lua
[08:43:20.475][info] [#0:script/workspace/loading.lua:100]: Preload file at: file:///home/mikep/.dotfiles/scripts/.local/share/nvim/lazy/mason.nvim/lua/mason/ui/components/main/init.lua , size = 0.238 KB
[08:43:20.475][info] [#0:script/workspace/loading.lua:112]: ++++As library of:	file:///home/mikep/.dotfiles/scripts/.local/share/nvim/lazy/mason.nvim/lua
[08:43:20.475][info] [#0:script/workspace/loading.lua:100]: Preload file at: file:///home/mikep/.dotfiles/scripts/.local/share/nvim/lazy/mason.nvim/lua/mason/ui/components/tabs.lua , size = 1.249 KB
[08:43:20.476][info] [#0:script/workspace/loading.lua:112]: ++++As library of:	file:///home/mikep/.dotfiles/scripts/.local/share/nvim/lazy/mason.nvim/lua
[08:43:20.476][info] [#0:script/workspace/loading.lua:100]: Preload file at: file:///home/mikep/.dotfiles/scripts/.local/share/nvim/lazy/mason.nvim/lua/mason/ui/components/main/package_list.lua , size = 14.817 KB
[08:43:20.481][info] [#0:script/workspace/loading.lua:112]: ++++As library of:	file:///home/mikep/.dotfiles/scripts/.local/share/nvim/lazy/mason.nvim/lua
[08:43:20.481][info] [#0:script/workspace/loading.lua:100]: Preload file at: file:///home/mikep/.dotfiles/scripts/.local/share/nvim/lazy/mason.nvim/lua/mason/ui/components/help/dap.lua , size = 1.014 KB
[08:43:20.482][info] [#0:script/workspace/loading.lua:112]: ++++As library of:	file:///home/mikep/.dotfiles/scripts/.local/share/nvim/lazy/mason.nvim/lua
[08:43:20.482][info] [#0:script/workspace/loading.lua:100]: Preload file at: file:///home/mikep/.dotfiles/scripts/.local/share/nvim/lazy/mason.nvim/lua/mason/ui/components/help/linter.lua , size = 0.669 KB
[08:43:20.482][info] [#0:script/workspace/loading.lua:112]: ++++As library of:	file:///home/mikep/.dotfiles/scripts/.local/share/nvim/lazy/mason.nvim/lua
[08:43:20.482][info] [#0:script/workspace/loading.lua:100]: Preload file at: file:///home/mikep/.dotfiles/scripts/.local/share/nvim/lazy/mason.nvim/lua/mason/ui/components/help/lsp.lua , size = 1.118 KB
[08:43:20.483][info] [#0:script/workspace/loading.lua:112]: ++++As library of:	file:///home/mikep/.dotfiles/scripts/.local/share/nvim/lazy/mason.nvim/lua
[08:43:20.483][info] [#0:script/workspace/loading.lua:100]: Preload file at: file:///home/mikep/.dotfiles/scripts/.local/share/nvim/lazy/mason.nvim/lua/mason/ui/components/help/init.lua , size = 7.589 KB
[08:43:20.485][info] [#0:script/workspace/loading.lua:112]: ++++As library of:	file:///home/mikep/.dotfiles/scripts/.local/share/nvim/lazy/mason.nvim/lua
[08:43:20.485][info] [#0:script/workspace/loading.lua:100]: Preload file at: file:///home/mikep/.dotfiles/scripts/.local/share/nvim/lazy/mason.nvim/lua/mason/ui/components/help/formatter.lua , size = 0.629 KB
[08:43:20.485][info] [#0:script/workspace/loading.lua:112]: ++++As library of:	file:///home/mikep/.dotfiles/scripts/.local/share/nvim/lazy/mason.nvim/lua
[08:43:20.485][info] [#0:script/workspace/loading.lua:100]: Preload file at: file:///home/mikep/.dotfiles/scripts/.local/share/nvim/lazy/mason.nvim/lua/mason/ui/components/json-schema.lua , size = 6.487 KB
[08:43:20.487][info] [#0:script/workspace/loading.lua:112]: ++++As library of:	file:///home/mikep/.dotfiles/scripts/.local/share/nvim/lazy/mason.nvim/lua
[08:43:20.487][info] [#0:script/workspace/loading.lua:100]: Preload file at: file:///home/mikep/.dotfiles/scripts/.local/share/nvim/lazy/mason.nvim/lua/mason/ui/colors.lua , size = 1.245 KB
[08:43:20.488][info] [#0:script/workspace/loading.lua:112]: ++++As library of:	file:///home/mikep/.dotfiles/scripts/.local/share/nvim/lazy/mason.nvim/lua
[08:43:20.488][info] [#0:script/workspace/loading.lua:100]: Preload file at: file:///home/mikep/.dotfiles/scripts/.local/share/nvim/lazy/mason.nvim/lua/mason/ui/palette.lua , size = 0.844 KB
[08:43:20.488][info] [#0:script/workspace/loading.lua:112]: ++++As library of:	file:///home/mikep/.dotfiles/scripts/.local/share/nvim/lazy/mason.nvim/lua
[08:43:20.490][info] [#0:script/workspace/loading.lua:100]: Preload file at: file:///home/mikep/.dotfiles/scripts/.local/share/nvim/lazy/mason.nvim/lua/mason/version.lua , size = 0.208 KB
[08:43:20.490][info] [#0:script/workspace/loading.lua:112]: ++++As library of:	file:///home/mikep/.dotfiles/scripts/.local/share/nvim/lazy/mason.nvim/lua
[08:43:20.490][info] [#0:script/workspace/loading.lua:100]: Preload file at: file:///home/mikep/.dotfiles/scripts/.local/share/nvim/lazy/mason.nvim/lua/mason/ui/instance.lua , size = 24.321 KB
[08:43:20.498][info] [#0:script/workspace/loading.lua:112]: ++++As library of:	file:///home/mikep/.dotfiles/scripts/.local/share/nvim/lazy/mason.nvim/lua
[08:43:20.498][info] [#0:script/workspace/loading.lua:100]: Preload file at: file:///home/mikep/.dotfiles/scripts/.local/share/nvim/lazy/mason.nvim/lua/mason/settings.lua , size = 5.624 KB
[08:43:20.500][info] [#0:script/workspace/loading.lua:112]: ++++As library of:	file:///home/mikep/.dotfiles/scripts/.local/share/nvim/lazy/mason.nvim/lua
[08:43:20.500][info] [#0:script/workspace/loading.lua:100]: Preload file at: file:///home/mikep/.dotfiles/scripts/.local/share/nvim/lazy/mason.nvim/lua/mason/init.lua , size = 0.961 KB
[08:43:20.500][info] [#0:script/workspace/loading.lua:112]: ++++As library of:	file:///home/mikep/.dotfiles/scripts/.local/share/nvim/lazy/mason.nvim/lua
[08:43:20.500][info] [#0:script/workspace/loading.lua:100]: Preload file at: file:///home/mikep/.dotfiles/scripts/.local/share/nvim/lazy/mason.nvim/lua/mason/api/command.lua , size = 9.522 KB
[08:43:20.503][info] [#0:script/workspace/loading.lua:112]: ++++As library of:	file:///home/mikep/.dotfiles/scripts/.local/share/nvim/lazy/mason.nvim/lua
[08:43:20.503][info] [#0:script/workspace/loading.lua:100]: Preload file at: file:///home/mikep/.dotfiles/scripts/.local/share/nvim/lazy/mason.nvim/lua/mason/providers/client/gh.lua , size = 0.546 KB
[08:43:20.504][info] [#0:script/workspace/loading.lua:112]: ++++As library of:	file:///home/mikep/.dotfiles/scripts/.local/share/nvim/lazy/mason.nvim/lua
[08:43:20.504][info] [#0:script/workspace/loading.lua:100]: Preload file at: file:///home/mikep/.dotfiles/scripts/.local/share/nvim/lazy/mason.nvim/lua/mason/providers/client/init.lua , size = 0.337 KB
[08:43:20.504][info] [#0:script/workspace/loading.lua:112]: ++++As library of:	file:///home/mikep/.dotfiles/scripts/.local/share/nvim/lazy/mason.nvim/lua
[08:43:20.504][info] [#0:script/workspace/loading.lua:100]: Preload file at: file:///home/mikep/.dotfiles/scripts/.local/share/nvim/lazy/mason.nvim/lua/mason/providers/client/pypi.lua , size = 2.260 KB
[08:43:20.505][info] [#0:script/workspace/loading.lua:112]: ++++As library of:	file:///home/mikep/.dotfiles/scripts/.local/share/nvim/lazy/mason.nvim/lua
[08:43:20.505][info] [#0:script/workspace/loading.lua:100]: Preload file at: file:///home/mikep/.dotfiles/scripts/.local/share/nvim/lazy/mason.nvim/lua/mason/providers/client/openvsx.lua , size = 0.872 KB
[08:43:20.505][info] [#0:script/workspace/loading.lua:112]: ++++As library of:	file:///home/mikep/.dotfiles/scripts/.local/share/nvim/lazy/mason.nvim/lua
[08:43:20.506][info] [#0:script/workspace/loading.lua:100]: Preload file at: file:///home/mikep/.dotfiles/scripts/.local/share/nvim/lazy/mason.nvim/lua/mason/providers/client/rubygems.lua , size = 0.888 KB
[08:43:20.506][info] [#0:script/workspace/loading.lua:112]: ++++As library of:	file:///home/mikep/.dotfiles/scripts/.local/share/nvim/lazy/mason.nvim/lua
[08:43:20.506][info] [#0:script/workspace/loading.lua:100]: Preload file at: file:///home/mikep/.dotfiles/scripts/.local/share/nvim/lazy/mason.nvim/lua/mason/providers/client/npm.lua , size = 0.580 KB
[08:43:20.507][info] [#0:script/workspace/loading.lua:112]: ++++As library of:	file:///home/mikep/.dotfiles/scripts/.local/share/nvim/lazy/mason.nvim/lua
[08:43:20.507][info] [#0:script/workspace/loading.lua:100]: Preload file at: file:///home/mikep/.dotfiles/scripts/.local/share/nvim/lazy/mason.nvim/lua/mason/providers/client/golang.lua , size = 0.470 KB
[08:43:20.507][info] [#0:script/workspace/loading.lua:112]: ++++As library of:	file:///home/mikep/.dotfiles/scripts/.local/share/nvim/lazy/mason.nvim/lua
[08:43:20.507][info] [#0:script/workspace/loading.lua:100]: Preload file at: file:///home/mikep/.dotfiles/scripts/.local/share/nvim/lazy/mason.nvim/lua/mason/providers/registry-api/init.lua , size = 2.942 KB
[08:43:20.508][info] [#0:script/workspace/loading.lua:112]: ++++As library of:	file:///home/mikep/.dotfiles/scripts/.local/share/nvim/lazy/mason.nvim/lua
[08:43:20.509][info] [#0:script/workspace/loading.lua:100]: Preload file at: file:///home/mikep/.dotfiles/scripts/.local/share/nvim/lazy/mason.nvim/lua/mason-vendor/semver.lua , size = 7.046 KB
[08:43:20.512][info] [#0:script/workspace/loading.lua:112]: ++++As library of:	file:///home/mikep/.dotfiles/scripts/.local/share/nvim/lazy/mason.nvim/lua
[08:43:20.512][info] [#0:script/workspace/loading.lua:100]: Preload file at: file:///home/mikep/.dotfiles/scripts/.local/share/nvim/lazy/mason.nvim/lua/mason/health.lua , size = 11.953 KB
[08:43:20.515][info] [#0:script/workspace/loading.lua:112]: ++++As library of:	file:///home/mikep/.dotfiles/scripts/.local/share/nvim/lazy/mason.nvim/lua
[08:43:20.516][info] [#0:script/workspace/loading.lua:100]: Preload file at: file:///home/mikep/.dotfiles/scripts/.local/share/nvim/lazy/mason.nvim/lua/mason-vendor/zzlib/inflate-bit32.lua , size = 7.005 KB
[08:43:20.519][info] [#0:script/workspace/loading.lua:112]: ++++As library of:	file:///home/mikep/.dotfiles/scripts/.local/share/nvim/lazy/mason.nvim/lua
[08:43:20.520][info] [#0:script/workspace/loading.lua:100]: Preload file at: file:///home/mikep/.dotfiles/scripts/.local/share/nvim/lazy/mason.nvim/lua/mason-vendor/zzlib/init.lua , size = 5.544 KB
[08:43:20.523][info] [#0:script/workspace/loading.lua:112]: ++++As library of:	file:///home/mikep/.dotfiles/scripts/.local/share/nvim/lazy/mason.nvim/lua
[08:43:20.523][info] [#0:script/workspace/loading.lua:100]: Preload file at: file:///home/mikep/.dotfiles/scripts/.local/share/nvim/lazy/mason.nvim/lua/mason-vendor/zzlib/inflate-bwo.lua , size = 6.820 KB
[08:43:20.526][info] [#0:script/workspace/loading.lua:112]: ++++As library of:	file:///home/mikep/.dotfiles/scripts/.local/share/nvim/lazy/mason.nvim/lua
[08:43:20.526][info] [#0:script/workspace/loading.lua:100]: Preload file at: file:///home/mikep/.dotfiles/scripts/.local/share/nvim/lazy/mason.nvim/lua/mason-registry/api.lua , size = 3.943 KB
[08:43:20.528][info] [#0:script/workspace/loading.lua:112]: ++++As library of:	file:///home/mikep/.dotfiles/scripts/.local/share/nvim/lazy/mason.nvim/lua
[08:43:20.529][info] [#0:script/workspace/loading.lua:100]: Preload file at: file:///home/mikep/.dotfiles/scripts/.local/share/nvim/lazy/mason.nvim/lua/mason-registry/sources/file.lua , size = 6.030 KB
[08:43:20.531][info] [#0:script/workspace/loading.lua:112]: ++++As library of:	file:///home/mikep/.dotfiles/scripts/.local/share/nvim/lazy/mason.nvim/lua
[08:43:20.531][info] [#0:script/workspace/loading.lua:100]: Preload file at: file:///home/mikep/.dotfiles/scripts/.local/share/nvim/lazy/mason.nvim/lua/mason-registry/sources/util.lua , size = 1.183 KB
[08:43:20.532][info] [#0:script/workspace/loading.lua:112]: ++++As library of:	file:///home/mikep/.dotfiles/scripts/.local/share/nvim/lazy/mason.nvim/lua
[08:43:20.532][info] [#0:script/workspace/loading.lua:100]: Preload file at: file:///home/mikep/.dotfiles/scripts/.local/share/nvim/lazy/mason.nvim/lua/mason-registry/sources/init.lua , size = 3.550 KB
[08:43:20.533][info] [#0:script/workspace/loading.lua:112]: ++++As library of:	file:///home/mikep/.dotfiles/scripts/.local/share/nvim/lazy/mason.nvim/lua
[08:43:20.533][info] [#0:script/workspace/loading.lua:100]: Preload file at: file:///home/mikep/.dotfiles/scripts/.local/share/nvim/lazy/mason.nvim/lua/mason-registry/sources/github.lua , size = 5.879 KB
[08:43:20.536][info] [#0:script/workspace/loading.lua:112]: ++++As library of:	file:///home/mikep/.dotfiles/scripts/.local/share/nvim/lazy/mason.nvim/lua
[08:43:20.536][info] [#0:script/workspace/loading.lua:100]: Preload file at: file:///home/mikep/.dotfiles/scripts/.local/share/nvim/lazy/mason.nvim/lua/mason-registry/sources/lua.lua , size = 1.847 KB
[08:43:20.537][info] [#0:script/workspace/loading.lua:112]: ++++As library of:	file:///home/mikep/.dotfiles/scripts/.local/share/nvim/lazy/mason.nvim/lua
[08:43:20.537][info] [#0:script/workspace/loading.lua:100]: Preload file at: file:///home/mikep/.dotfiles/scripts/.local/share/nvim/lazy/mason.nvim/lua/mason-registry/index/init.lua , size = 0.010 KB
[08:43:20.538][info] [#0:script/workspace/loading.lua:112]: ++++As library of:	file:///home/mikep/.dotfiles/scripts/.local/share/nvim/lazy/mason.nvim/lua
[08:43:20.538][info] [#0:script/workspace/loading.lua:88]: Skip loaded file: file:///home/mikep/.dotfiles/scripts/.local/share/nvim/mason/packages/lua-language-server/libexec/meta/LuaJIT%20en-us%20utf8/os.lua
[08:43:20.538][info] [#0:script/workspace/loading.lua:112]: ++++As library of:	file:///home/mikep/.dotfiles/scripts/.local/share/nvim/mason/packages/lua-language-server/libexec/meta/LuaJIT%20en-us%20utf8/os.lua
[08:43:20.538][info] [#0:script/workspace/loading.lua:88]: Skip loaded file: file:///home/mikep/.dotfiles/scripts/.local/share/nvim/mason/packages/lua-language-server/libexec/meta/LuaJIT%20en-us%20utf8/string/buffer.lua
[08:43:20.538][info] [#0:script/workspace/loading.lua:112]: ++++As library of:	file:///home/mikep/.dotfiles/scripts/.local/share/nvim/mason/packages/lua-language-server/libexec/meta/LuaJIT%20en-us%20utf8/string/buffer.lua
[08:43:20.538][info] [#0:script/workspace/loading.lua:100]: Preload file at: file:///home/mikep/.dotfiles/scripts/.local/share/nvim/lazy/mason.nvim/lua/mason-registry/init.lua , size = 6.897 KB
[08:43:20.541][info] [#0:script/workspace/loading.lua:112]: ++++As library of:	file:///home/mikep/.dotfiles/scripts/.local/share/nvim/lazy/mason.nvim/lua
[08:43:20.541][info] [#0:script/workspace/loading.lua:100]: Preload file at: file:///home/mikep/.dotfiles/scripts/.local/share/nvim/lazy/mason.nvim/lua/mason-registry/installer.lua , size = 1.270 KB
[08:43:20.541][info] [#0:script/workspace/loading.lua:112]: ++++As library of:	file:///home/mikep/.dotfiles/scripts/.local/share/nvim/lazy/mason.nvim/lua
[08:43:20.544][info] [#0:script/workspace/loading.lua:139]: Preload dll at: file:///home/mikep/.dotfiles/scripts/.local/share/nvim/mason/packages/python-lsp-server/venv/lib/python3.10/site-packages/ujson.cpython-310-x86_64-linux-gnu.so , size = 103.453 KB
[08:43:20.544][info] [#0:script/workspace/loading.lua:100]: Preload file at: file:///home/mikep/.dotfiles/scripts/.local/share/nvim/mason/packages/lua-language-server/libexec/debugger.lua , size = 1.768 KB
[08:43:20.545][info] [#0:script/workspace/loading.lua:139]: Preload dll at: file:///home/mikep/.dotfiles/scripts/.local/share/nvim/mason/packages/python-lsp-server/venv/lib64/python3.10/site-packages/ujson.cpython-310-x86_64-linux-gnu.so , size = 103.453 KB
[08:43:20.545][info] [#0:script/workspace/loading.lua:100]: Preload file at: file:///home/mikep/.dotfiles/scripts/.local/share/nvim/mason/packages/lua-language-server/libexec/main.lua , size = 2.128 KB
[08:43:20.547][info] [#0:script/workspace/loading.lua:100]: Preload file at: file:///home/mikep/.dotfiles/scripts/.local/share/nvim/mason/packages/lua-language-server/libexec/meta/3rd/Defold/library/model.lua , size = 1.911 KB
[08:43:20.547][info] [#0:script/workspace/loading.lua:100]: Preload file at: file:///home/mikep/.dotfiles/scripts/.local/share/nvim/mason/packages/lua-language-server/libexec/meta/3rd/Defold/library/collection_proxy.lua , size = 0.240 KB
[08:43:20.548][info] [#0:script/workspace/loading.lua:100]: Preload file at: file:///home/mikep/.dotfiles/scripts/.local/share/nvim/mason/packages/lua-language-server/libexec/meta/3rd/lfs/library/lfs.lua , size = 7.396 KB
[08:43:20.549][info] [#0:script/workspace/loading.lua:100]: Preload file at: file:///home/mikep/.dotfiles/scripts/.local/share/nvim/mason/packages/lua-language-server/libexec/meta/3rd/Defold/library/json.lua , size = 0.474 KB
[08:43:20.550][info] [#0:script/workspace/loading.lua:100]: Preload file at: file:///home/mikep/.dotfiles/scripts/.local/share/nvim/mason/packages/lua-language-server/libexec/meta/3rd/Defold/library/html5.lua , size = 1.062 KB
[08:43:20.550][info] [#0:script/workspace/loading.lua:100]: Preload file at: file:///home/mikep/.dotfiles/scripts/.local/share/nvim/mason/packages/lua-language-server/libexec/meta/3rd/Defold/library/resource.lua , size = 7.729 KB
[08:43:20.552][info] [#0:script/workspace/loading.lua:100]: Preload file at: file:///home/mikep/.dotfiles/scripts/.local/share/nvim/mason/packages/lua-language-server/libexec/meta/3rd/Defold/library/gui.lua , size = 37.633 KB
[08:43:20.563][info] [#0:script/workspace/loading.lua:100]: Preload file at: file:///home/mikep/.dotfiles/scripts/.local/share/nvim/mason/packages/lua-language-server/libexec/meta/3rd/Defold/library/collection_factory.lua , size = 3.291 KB
[08:43:20.564][info] [#0:script/workspace/loading.lua:100]: Preload file at: file:///home/mikep/.dotfiles/scripts/.local/share/nvim/mason/packages/lua-language-server/libexec/meta/3rd/Defold/library/sprite.lua , size = 1.649 KB
[08:43:20.564][info] [#0:script/workspace/loading.lua:100]: Preload file at: file:///home/mikep/.dotfiles/scripts/.local/share/nvim/mason/packages/lua-language-server/libexec/meta/3rd/Defold/library/window.lua , size = 2.341 KB
[08:43:20.565][info] [#0:script/workspace/loading.lua:100]: Preload file at: file:///home/mikep/.dotfiles/scripts/.local/share/nvim/mason/packages/lua-language-server/libexec/meta/3rd/Defold/library/game_object.lua , size = 19.007 KB
[08:43:20.569][info] [#0:script/workspace/loading.lua:100]: Preload file at: file:///home/mikep/.dotfiles/scripts/.local/share/nvim/mason/packages/lua-language-server/libexec/meta/3rd/Defold/library/buffer.lua , size = 2.713 KB
[08:43:20.570][info] [#0:script/workspace/loading.lua:100]: Preload file at: file:///home/mikep/.dotfiles/scripts/.local/share/nvim/mason/packages/lua-language-server/libexec/meta/3rd/Defold/library/system.lua , size = 8.564 KB
[08:43:20.572][info] [#0:script/workspace/loading.lua:100]: Preload file at: file:///home/mikep/.dotfiles/scripts/.local/share/nvim/mason/packages/lua-language-server/libexec/meta/3rd/Defold/library/sound.lua , size = 5.683 KB
[08:43:20.573][info] [#0:script/workspace/loading.lua:100]: Preload file at: file:///home/mikep/.dotfiles/scripts/.local/share/nvim/mason/packages/lua-language-server/libexec/meta/3rd/Defold/library/profiler.lua , size = 4.225 KB
[08:43:20.574][info] [#0:script/workspace/loading.lua:100]: Preload file at: file:///home/mikep/.dotfiles/scripts/.local/share/nvim/mason/packages/lua-language-server/libexec/meta/3rd/Defold/library/particle_effects.lua , size = 2.718 KB
[08:43:20.575][info] [#0:script/workspace/loading.lua:100]: Preload file at: file:///home/mikep/.dotfiles/scripts/.local/share/nvim/mason/packages/lua-language-server/libexec/meta/3rd/Defold/library/zlib.lua , size = 0.425 KB
[08:43:20.575][info] [#0:script/workspace/loading.lua:100]: Preload file at: file:///home/mikep/.dotfiles/scripts/.local/share/nvim/mason/packages/lua-language-server/libexec/meta/3rd/Defold/library/vector_math.lua , size = 16.896 KB
[08:43:20.582][info] [#0:script/workspace/loading.lua:100]: Preload file at: file:///home/mikep/.dotfiles/scripts/.local/share/nvim/mason/packages/lua-language-server/libexec/meta/3rd/Defold/library/luasocket.lua , size = 38.395 KB
[08:43:20.588][info] [#0:script/workspace/loading.lua:100]: Preload file at: file:///home/mikep/.dotfiles/scripts/.local/share/nvim/mason/packages/lua-language-server/libexec/meta/3rd/Defold/library/base.lua , size = 1.782 KB
[08:43:20.589][info] [#0:script/workspace/loading.lua:100]: Preload file at: file:///home/mikep/.dotfiles/scripts/.local/share/nvim/mason/packages/lua-language-server/libexec/meta/3rd/Defold/library/tilemap.lua , size = 3.405 KB
[08:43:20.590][info] [#0:script/workspace/loading.lua:100]: Preload file at: file:///home/mikep/.dotfiles/scripts/.local/share/nvim/mason/packages/lua-language-server/libexec/meta/3rd/Defold/library/label.lua , size = 0.615 KB
[08:43:20.591][info] [#0:script/workspace/loading.lua:100]: Preload file at: file:///home/mikep/.dotfiles/scripts/.local/share/nvim/mason/packages/lua-language-server/libexec/meta/3rd/Defold/library/message.lua , size = 1.882 KB
[08:43:20.592][info] [#0:script/workspace/loading.lua:100]: Preload file at: file:///home/mikep/.dotfiles/scripts/.local/share/nvim/mason/packages/lua-language-server/libexec/meta/3rd/Defold/library/timer.lua , size = 1.765 KB
[08:43:20.593][info] [#0:script/workspace/loading.lua:100]: Preload file at: file:///home/mikep/.dotfiles/scripts/.local/share/nvim/mason/packages/lua-language-server/libexec/meta/3rd/Defold/library/built-ins.lua , size = 0.792 KB
[08:43:20.593][info] [#0:script/workspace/loading.lua:100]: Preload file at: file:///home/mikep/.dotfiles/scripts/.local/share/nvim/mason/packages/lua-language-server/libexec/meta/3rd/Defold/library/render.lua , size = 21.682 KB
[08:43:20.597][info] [#0:script/workspace/loading.lua:100]: Preload file at: file:///home/mikep/.dotfiles/scripts/.local/share/nvim/mason/packages/lua-language-server/libexec/meta/3rd/Defold/library/factory.lua , size = 2.830 KB
[08:43:20.598][info] [#0:script/workspace/loading.lua:100]: Preload file at: file:///home/mikep/.dotfiles/scripts/.local/share/nvim/mason/packages/lua-language-server/libexec/meta/3rd/Defold/library/collision_object.lua , size = 8.680 KB
[08:43:20.600][info] [#0:script/workspace/loading.lua:100]: Preload file at: file:///home/mikep/.dotfiles/scripts/.local/share/nvim/mason/packages/lua-language-server/libexec/meta/3rd/Defold/library/image.lua , size = 0.550 KB
[08:43:20.601][info] [#0:script/workspace/loading.lua:100]: Preload file at: file:///home/mikep/.dotfiles/scripts/.local/share/nvim/mason/packages/lua-language-server/libexec/meta/3rd/Defold/library/http.lua , size = 0.777 KB
[08:43:20.601][info] [#0:script/workspace/loading.lua:100]: Preload file at: file:///home/mikep/.dotfiles/scripts/.local/share/nvim/mason/packages/lua-language-server/libexec/meta/3rd/luassert/library/luassert/mock.lua , size = 1.150 KB
[08:43:20.602][info] [#0:script/workspace/loading.lua:100]: Preload file at: file:///home/mikep/.dotfiles/scripts/.local/share/nvim/mason/packages/lua-language-server/libexec/meta/3rd/luassert/library/luassert.lua , size = 14.181 KB
[08:43:20.605][info] [#0:script/workspace/loading.lua:100]: Preload file at: file:///home/mikep/.dotfiles/scripts/.local/share/nvim/mason/packages/lua-language-server/libexec/meta/3rd/luassert/library/luassert/spy.d.lua , size = 4.246 KB
[08:43:20.607][info] [#0:script/workspace/loading.lua:100]: Preload file at: file:///home/mikep/.dotfiles/scripts/.local/share/nvim/mason/packages/lua-language-server/libexec/meta/3rd/luassert/library/luassert/array.lua , size = 0.326 KB
[08:43:20.607][info] [#0:script/workspace/loading.lua:100]: Preload file at: file:///home/mikep/.dotfiles/scripts/.local/share/nvim/mason/packages/lua-language-server/libexec/meta/3rd/luassert/library/luassert/match.lua , size = 11.840 KB
[08:43:20.611][info] [#0:script/workspace/loading.lua:100]: Preload file at: file:///home/mikep/.dotfiles/scripts/.local/share/nvim/mason/packages/lua-language-server/libexec/meta/3rd/luassert/library/luassert/spy.lua , size = 2.278 KB
[08:43:20.612][info] [#0:script/workspace/loading.lua:100]: Preload file at: file:///home/mikep/.dotfiles/scripts/.local/share/nvim/mason/packages/lua-language-server/libexec/meta/3rd/luassert/library/luassert/stub.lua , size = 1.865 KB
[08:43:20.613][info] [#0:script/workspace/loading.lua:100]: Preload file at: file:///home/mikep/.dotfiles/scripts/.local/share/nvim/mason/packages/lua-language-server/libexec/meta/3rd/busted/library/busted.lua , size = 6.517 KB
[08:43:20.614][info] [#0:script/workspace/loading.lua:100]: Preload file at: file:///home/mikep/.dotfiles/scripts/.local/share/nvim/mason/packages/lua-language-server/libexec/meta/3rd/bee/library/bee/platform.lua , size = 0.954 KB
[08:43:20.615][info] [#0:script/workspace/loading.lua:100]: Preload file at: file:///home/mikep/.dotfiles/scripts/.local/share/nvim/mason/packages/lua-language-server/libexec/meta/3rd/bee/library/bee/subprocess.lua , size = 1.758 KB
[08:43:20.616][info] [#0:script/workspace/loading.lua:100]: Preload file at: file:///home/mikep/.dotfiles/scripts/.local/share/nvim/mason/packages/lua-language-server/libexec/meta/3rd/bee/library/bee/filesystem.lua , size = 3.877 KB
[08:43:20.618][info] [#0:script/workspace/loading.lua:100]: Preload file at: file:///home/mikep/.dotfiles/scripts/.local/share/nvim/mason/packages/lua-language-server/libexec/meta/3rd/bee/library/bee/thread.lua , size = 0.721 KB
[08:43:20.619][info] [#0:script/workspace/loading.lua:100]: Preload file at: file:///home/mikep/.dotfiles/scripts/.local/share/nvim/mason/packages/lua-language-server/libexec/meta/3rd/example/library/love.lua , size = 0.072 KB
[08:43:20.619][info] [#0:script/workspace/loading.lua:100]: Preload file at: file:///home/mikep/.dotfiles/scripts/.local/share/nvim/mason/packages/lua-language-server/libexec/meta/3rd/example/plugin.lua , size = 0.367 KB
[08:43:20.620][info] [#0:script/workspace/loading.lua:100]: Preload file at: file:///home/mikep/.dotfiles/scripts/.local/share/nvim/mason/packages/lua-language-server/libexec/meta/3rd/ffi-reflect/library/reflect.lua , size = 2.494 KB
[08:43:20.621][info] [#0:script/workspace/loading.lua:100]: Preload file at: file:///home/mikep/.dotfiles/scripts/.local/share/nvim/mason/packages/lua-language-server/libexec/meta/3rd/luaecs/library/ecs.lua , size = 11.000 KB
[08:43:20.624][info] [#0:script/workspace/loading.lua:100]: Preload file at: file:///home/mikep/.dotfiles/scripts/.local/share/nvim/mason/packages/lua-language-server/libexec/meta/3rd/luv/library/uv_pipe_t.lua , size = 2.988 KB
[08:43:20.625][info] [#0:script/workspace/loading.lua:100]: Preload file at: file:///home/mikep/.dotfiles/scripts/.local/share/nvim/mason/packages/lua-language-server/libexec/meta/3rd/luv/library/uv_handle_t.lua , size = 5.129 KB
[08:43:20.627][info] [#0:script/workspace/loading.lua:100]: Preload file at: file:///home/mikep/.dotfiles/scripts/.local/share/nvim/mason/packages/lua-language-server/libexec/meta/3rd/luv/library/uv_udp_t.lua , size = 5.970 KB
[08:43:20.628][info] [#0:script/workspace/loading.lua:100]: Preload file at: file:///home/mikep/.dotfiles/scripts/.local/share/nvim/mason/packages/lua-language-server/libexec/meta/3rd/luv/library/types.lua , size = 17.131 KB
[08:43:20.633][info] [#0:script/workspace/loading.lua:100]: Preload file at: file:///home/mikep/.dotfiles/scripts/.local/share/nvim/mason/packages/lua-language-server/libexec/meta/3rd/luv/library/uv_poll_t.lua , size = 2.646 KB
[08:43:20.635][info] [#0:script/workspace/loading.lua:100]: Preload file at: file:///home/mikep/.dotfiles/scripts/.local/share/nvim/mason/packages/lua-language-server/libexec/meta/3rd/luv/library/luv_dir_t.lua , size = 1.056 KB
[08:43:20.635][info] [#0:script/workspace/loading.lua:100]: Preload file at: file:///home/mikep/.dotfiles/scripts/.local/share/nvim/mason/packages/lua-language-server/libexec/meta/3rd/luv/library/uv_idle_t.lua , size = 1.074 KB
[08:43:20.636][info] [#0:script/workspace/loading.lua:100]: Preload file at: file:///home/mikep/.dotfiles/scripts/.local/share/nvim/mason/packages/lua-language-server/libexec/meta/3rd/luv/library/uv_stream_t.lua , size = 5.906 KB
[08:43:20.637][info] [#0:script/workspace/loading.lua:100]: Preload file at: file:///home/mikep/.dotfiles/scripts/.local/share/nvim/mason/packages/lua-language-server/libexec/meta/3rd/luv/library/uv_timer_t.lua , size = 1.999 KB
[08:43:20.638][info] [#0:script/workspace/loading.lua:100]: Preload file at: file:///home/mikep/.dotfiles/scripts/.local/share/nvim/mason/packages/lua-language-server/libexec/meta/3rd/luv/library/luv_work_ctx_t.lua , size = 0.530 KB
[08:43:20.638][info] [#0:script/workspace/loading.lua:100]: Preload file at: file:///home/mikep/.dotfiles/scripts/.local/share/nvim/mason/packages/lua-language-server/libexec/meta/3rd/luv/library/uv_process_t.lua , size = 0.617 KB
[08:43:20.639][info] [#0:script/workspace/loading.lua:100]: Preload file at: file:///home/mikep/.dotfiles/scripts/.local/share/nvim/mason/packages/lua-language-server/libexec/meta/3rd/luv/library/uv_signal_t.lua , size = 2.997 KB
[08:43:20.639][info] [#0:script/workspace/loading.lua:100]: Preload file at: file:///home/mikep/.dotfiles/scripts/.local/share/nvim/mason/packages/lua-language-server/libexec/meta/3rd/luv/library/uv.lua , size = 98.128 KB
[08:43:20.663][info] [#0:script/workspace/loading.lua:100]: Preload file at: file:///home/mikep/.dotfiles/scripts/.local/share/nvim/mason/packages/lua-language-server/libexec/meta/3rd/luv/library/uv_async_t.lua , size = 1.058 KB
[08:43:20.663][info] [#0:script/workspace/loading.lua:100]: Preload file at: file:///home/mikep/.dotfiles/scripts/.local/share/nvim/mason/packages/lua-language-server/libexec/meta/3rd/luv/library/errors.lua , size = 15.165 KB
[08:43:20.666][info] [#0:script/workspace/loading.lua:100]: Preload file at: file:///home/mikep/.dotfiles/scripts/.local/share/nvim/mason/packages/lua-language-server/libexec/meta/3rd/luv/library/uv_tty_t.lua , size = 1.135 KB
[08:43:20.667][info] [#0:script/workspace/loading.lua:100]: Preload file at: file:///home/mikep/.dotfiles/scripts/.local/share/nvim/mason/packages/lua-language-server/libexec/meta/3rd/luv/library/uv_fs_poll_t.lua , size = 1.140 KB
[08:43:20.667][info] [#0:script/workspace/loading.lua:100]: Preload file at: file:///home/mikep/.dotfiles/scripts/.local/share/nvim/mason/packages/lua-language-server/libexec/meta/3rd/luv/library/uv_req_t.lua , size = 0.705 KB
[08:43:20.668][info] [#0:script/workspace/loading.lua:100]: Preload file at: file:///home/mikep/.dotfiles/scripts/.local/share/nvim/mason/packages/lua-language-server/libexec/meta/3rd/luv/library/luv_thread_t.lua , size = 0.500 KB
[08:43:20.668][info] [#0:script/workspace/loading.lua:100]: Preload file at: file:///home/mikep/.dotfiles/scripts/.local/share/nvim/mason/packages/lua-language-server/libexec/meta/3rd/luv/library/uv_tcp_t.lua , size = 3.923 KB
[08:43:20.670][info] [#0:script/workspace/loading.lua:100]: Preload file at: file:///home/mikep/.dotfiles/scripts/.local/share/nvim/mason/packages/lua-language-server/libexec/meta/3rd/luv/library/uv_fs_event_t.lua , size = 1.033 KB
[08:43:20.670][info] [#0:script/workspace/loading.lua:100]: Preload file at: file:///home/mikep/.dotfiles/scripts/.local/share/nvim/mason/packages/lua-language-server/libexec/meta/3rd/luv/library/uv_check_t.lua , size = 0.694 KB
[08:43:20.671][info] [#0:script/workspace/loading.lua:100]: Preload file at: file:///home/mikep/.dotfiles/scripts/.local/share/nvim/mason/packages/lua-language-server/libexec/meta/3rd/luv/library/uv_prepare_t.lua , size = 0.716 KB
[08:43:20.672][info] [#0:script/workspace/loading.lua:100]: Preload file at: file:///home/mikep/.dotfiles/scripts/.local/share/nvim/mason/packages/lua-language-server/libexec/meta/3rd/lovr/library/callback.lua , size = 8.835 KB
[08:43:20.673][info] [#0:script/workspace/loading.lua:100]: Preload file at: file:///home/mikep/.dotfiles/scripts/.local/share/nvim/mason/packages/lua-language-server/libexec/meta/3rd/lovr/library/lovr/audio.lua , size = 27.805 KB
[08:43:20.679][info] [#0:script/workspace/loading.lua:100]: Preload file at: file:///home/mikep/.dotfiles/scripts/.local/share/nvim/mason/packages/lua-language-server/libexec/meta/3rd/lovr/library/lovr/data.lua , size = 50.661 KB
[08:43:20.691][info] [#0:script/workspace/loading.lua:100]: Preload file at: file:///home/mikep/.dotfiles/scripts/.local/share/nvim/mason/packages/lua-language-server/libexec/meta/3rd/lovr/library/lovr/headset.lua , size = 23.334 KB
[08:43:20.697][info] [#0:script/workspace/loading.lua:100]: Preload file at: file:///home/mikep/.dotfiles/scripts/.local/share/nvim/mason/packages/lua-language-server/libexec/meta/3rd/lovr/library/lovr/thread.lua , size = 6.063 KB
[08:43:20.699][info] [#0:script/workspace/loading.lua:100]: Preload file at: file:///home/mikep/.dotfiles/scripts/.local/share/nvim/mason/packages/lua-language-server/libexec/meta/3rd/lovr/library/lovr/system.lua , size = 3.189 KB
[08:43:20.700][info] [#0:script/workspace/loading.lua:100]: Preload file at: file:///home/mikep/.dotfiles/scripts/.local/share/nvim/mason/packages/lua-language-server/libexec/meta/3rd/lovr/library/lovr/event.lua , size = 5.917 KB
[08:43:20.702][info] [#0:script/workspace/loading.lua:100]: Preload file at: file:///home/mikep/.dotfiles/scripts/.local/share/nvim/mason/packages/lua-language-server/libexec/meta/3rd/lovr/library/lovr/filesystem.lua , size = 10.365 KB
[08:43:20.704][info] [#0:script/workspace/loading.lua:100]: Preload file at: file:///home/mikep/.dotfiles/scripts/.local/share/nvim/mason/packages/lua-language-server/libexec/meta/3rd/lovr/library/lovr/timer.lua , size = 1.728 KB
[08:43:20.705][info] [#0:script/workspace/loading.lua:100]: Preload file at: file:///home/mikep/.dotfiles/scripts/.local/share/nvim/mason/packages/lua-language-server/libexec/meta/3rd/lovr/library/lovr/graphics.lua , size = 129.702 KB
[08:43:20.732][info] [#0:script/workspace/loading.lua:100]: Preload file at: file:///home/mikep/.dotfiles/scripts/.local/share/nvim/mason/packages/lua-language-server/libexec/meta/3rd/lovr/library/lovr/math.lua , size = 44.854 KB
[08:43:20.744][info] [#0:script/workspace/loading.lua:100]: Preload file at: file:///home/mikep/.dotfiles/scripts/.local/share/nvim/mason/packages/lua-language-server/libexec/meta/3rd/lovr/library/lovr/physics.lua , size = 61.004 KB
[08:43:20.761][info] [#0:script/workspace/loading.lua:100]: Preload file at: file:///home/mikep/.dotfiles/scripts/.local/share/nvim/mason/packages/lua-language-server/libexec/meta/3rd/lovr/library/lovr.lua , size = 1.424 KB
[08:43:20.763][info] [#0:script/workspace/loading.lua:100]: Preload file at: file:///home/mikep/.dotfiles/scripts/.local/share/nvim/mason/packages/lua-language-server/libexec/meta/3rd/Cocos4.0/library/cc/TransitionFadeDown.lua , size = 0.616 KB
[08:43:20.764][info] [#0:script/workspace/loading.lua:100]: Preload file at: file:///home/mikep/.dotfiles/scripts/.local/share/nvim/mason/packages/lua-language-server/libexec/meta/3rd/Cocos4.0/library/cc/SkewTo.lua , size = 0.843 KB
[08:43:20.764][info] [#0:script/workspace/loading.lua:100]: Preload file at: file:///home/mikep/.dotfiles/scripts/.local/share/nvim/mason/packages/lua-language-server/libexec/meta/3rd/Cocos4.0/library/cc/Ripple3D.lua , size = 3.110 KB
[08:43:20.766][info] [#0:script/workspace/loading.lua:100]: Preload file at: file:///home/mikep/.dotfiles/scripts/.local/share/nvim/mason/packages/lua-language-server/libexec/meta/3rd/Cocos4.0/library/cc/RotateBy.lua , size = 1.090 KB
[08:43:20.766][info] [#0:script/workspace/loading.lua:100]: Preload file at: file:///home/mikep/.dotfiles/scripts/.local/share/nvim/mason/packages/lua-language-server/libexec/meta/3rd/Cocos4.0/library/cc/EaseQuadraticActionInOut.lua , size = 0.574 KB
[08:43:20.767][info] [#0:script/workspace/loading.lua:100]: Preload file at: file:///home/mikep/.dotfiles/scripts/.local/share/nvim/mason/packages/lua-language-server/libexec/meta/3rd/Cocos4.0/library/cc/LabelAtlas.lua , size = 1.300 KB
[08:43:20.768][info] [#0:script/workspace/loading.lua:100]: Preload file at: file:///home/mikep/.dotfiles/scripts/.local/share/nvim/mason/packages/lua-language-server/libexec/meta/3rd/Cocos4.0/library/cc/Lens3D.lua , size = 2.371 KB
[08:43:20.769][info] [#0:script/workspace/loading.lua:100]: Preload file at: file:///home/mikep/.dotfiles/scripts/.local/share/nvim/mason/packages/lua-language-server/libexec/meta/3rd/Cocos4.0/library/cc/Image.lua , size = 1.985 KB
[08:43:20.770][info] [#0:script/workspace/loading.lua:100]: Preload file at: file:///home/mikep/.dotfiles/scripts/.local/share/nvim/mason/packages/lua-language-server/libexec/meta/3rd/Cocos4.0/library/cc/AtlasNode.lua , size = 3.055 KB
[08:43:20.771][info] [#0:script/workspace/loading.lua:100]: Preload file at: file:///home/mikep/.dotfiles/scripts/.local/share/nvim/mason/packages/lua-language-server/libexec/meta/3rd/Cocos4.0/library/cc/Controller.lua , size = 2.073 KB
[08:43:20.772][info] [#0:script/workspace/loading.lua:100]: Preload file at: file:///home/mikep/.dotfiles/scripts/.local/share/nvim/mason/packages/lua-language-server/libexec/meta/3rd/Cocos4.0/library/cc/Node.lua , size = 34.564 KB
[08:43:20.783][info] [#0:script/workspace/loading.lua:100]: Preload file at: file:///home/mikep/.dotfiles/scripts/.local/share/nvim/mason/packages/lua-language-server/libexec/meta/3rd/Cocos4.0/library/cc/PhysicsJointFixed.lua , size = 0.536 KB
[08:43:20.783][info] [#0:script/workspace/loading.lua:100]: Preload file at: file:///home/mikep/.dotfiles/scripts/.local/share/nvim/mason/packages/lua-language-server/libexec/meta/3rd/Cocos4.0/library/cc/MotionStreak3D.lua , size = 4.334 KB
[08:43:20.785][info] [#0:script/workspace/loading.lua:100]: Preload file at: file:///home/mikep/.dotfiles/scripts/.local/share/nvim/mason/packages/lua-language-server/libexec/meta/3rd/Cocos4.0/library/cc/EventFocus.lua , size = 0.397 KB
[08:43:20.785][info] [#0:script/workspace/loading.lua:100]: Preload file at: file:///home/mikep/.dotfiles/scripts/.local/share/nvim/mason/packages/lua-language-server/libexec/meta/3rd/Cocos4.0/library/cc/Physics3DWorld.lua , size = 2.023 KB
[08:43:20.787][info] [#0:script/workspace/loading.lua:100]: Preload file at: file:///home/mikep/.dotfiles/scripts/.local/share/nvim/mason/packages/lua-language-server/libexec/meta/3rd/Cocos4.0/library/cc/PhysicsJointRotaryLimit.lua , size = 1.005 KB
[08:43:20.787][info] [#0:script/workspace/loading.lua:100]: Preload file at: file:///home/mikep/.dotfiles/scripts/.local/share/nvim/mason/packages/lua-language-server/libexec/meta/3rd/Cocos4.0/library/cc/TransitionFade.lua , size = 0.745 KB
[08:43:20.788][info] [#0:script/workspace/loading.lua:100]: Preload file at: file:///home/mikep/.dotfiles/scripts/.local/share/nvim/mason/packages/lua-language-server/libexec/meta/3rd/Cocos4.0/library/cc/EaseElasticOut.lua , size = 0.505 KB
[08:43:20.788][info] [#0:script/workspace/loading.lua:100]: Preload file at: file:///home/mikep/.dotfiles/scripts/.local/share/nvim/mason/packages/lua-language-server/libexec/meta/3rd/Cocos4.0/library/cc/TransitionSceneOriented.lua , size = 0.903 KB
[08:43:20.788][info] [#0:script/workspace/loading.lua:100]: Preload file at: file:///home/mikep/.dotfiles/scripts/.local/share/nvim/mason/packages/lua-language-server/libexec/meta/3rd/Cocos4.0/library/cc/EaseCubicActionOut.lua , size = 0.516 KB
[08:43:20.789][info] [#0:script/workspace/loading.lua:100]: Preload file at: file:///home/mikep/.dotfiles/scripts/.local/share/nvim/mason/packages/lua-language-server/libexec/meta/3rd/Cocos4.0/library/cc/TransitionFadeBL.lua , size = 0.599 KB
[08:43:20.790][info] [#0:script/workspace/loading.lua:100]: Preload file at: file:///home/mikep/.dotfiles/scripts/.local/share/nvim/mason/packages/lua-language-server/libexec/meta/3rd/Cocos4.0/library/cc/EaseQuarticActionInOut.lua , size = 0.555 KB
[08:43:20.790][info] [#0:script/workspace/loading.lua:100]: Preload file at: file:///home/mikep/.dotfiles/scripts/.local/share/nvim/mason/packages/lua-language-server/libexec/meta/3rd/Cocos4.0/library/cc/PhysicsJointSpring.lua , size = 1.999 KB
[08:43:20.791][info] [#0:script/workspace/loading.lua:100]: Preload file at: file:///home/mikep/.dotfiles/scripts/.local/share/nvim/mason/packages/lua-language-server/libexec/meta/3rd/Cocos4.0/library/cc/JumpBy.lua , size = 1.078 KB
[08:43:20.792][info] [#0:script/workspace/loading.lua:100]: Preload file at: file:///home/mikep/.dotfiles/scripts/.local/share/nvim/mason/packages/lua-language-server/libexec/meta/3rd/Cocos4.0/library/cc/EaseIn.lua , size = 0.433 KB
[08:43:20.792][info] [#0:script/workspace/loading.lua:100]: Preload file at: file:///home/mikep/.dotfiles/scripts/.local/share/nvim/mason/packages/lua-language-server/libexec/meta/3rd/Cocos4.0/library/cc/FlipX.lua , size = 0.601 KB
[08:43:20.793][info] [#0:script/workspace/loading.lua:100]: Preload file at: file:///home/mikep/.dotfiles/scripts/.local/share/nvim/mason/packages/lua-language-server/libexec/meta/3rd/Cocos4.0/library/cc/CardinalSplineTo.lua , size = 1.215 KB
[08:43:20.794][info] [#0:script/workspace/loading.lua:100]: Preload file at: file:///home/mikep/.dotfiles/scripts/.local/share/nvim/mason/packages/lua-language-server/libexec/meta/3rd/Cocos4.0/library/cc/PhysicsJointRatchet.lua , size = 1.330 KB
[08:43:20.794][info] [#0:script/workspace/loading.lua:100]: Preload file at: file:///home/mikep/.dotfiles/scripts/.local/share/nvim/mason/packages/lua-language-server/libexec/meta/3rd/Cocos4.0/library/cc/TargetedAction.lua , size = 1.460 KB
[08:43:20.795][info] [#0:script/workspace/loading.lua:100]: Preload file at: file:///home/mikep/.dotfiles/scripts/.local/share/nvim/mason/packages/lua-language-server/libexec/meta/3rd/Cocos4.0/library/cc/TransitionTurnOffTiles.lua , size = 0.902 KB
[08:43:20.796][info] [#0:script/workspace/loading.lua:100]: Preload file at: file:///home/mikep/.dotfiles/scripts/.local/share/nvim/mason/packages/lua-language-server/libexec/meta/3rd/Cocos4.0/library/cc/Properties.lua , size = 11.709 KB
[08:43:20.798][info] [#0:script/workspace/loading.lua:100]: Preload file at: file:///home/mikep/.dotfiles/scripts/.local/share/nvim/mason/packages/lua-language-server/libexec/meta/3rd/Cocos4.0/library/cc/SpriteFrameCache.lua , size = 4.512 KB
[08:43:20.799][info] [#0:script/workspace/loading.lua:100]: Preload file at: file:///home/mikep/.dotfiles/scripts/.local/share/nvim/mason/packages/lua-language-server/libexec/meta/3rd/Cocos4.0/library/cc/MenuItemToggle.lua , size = 1.230 KB
[08:43:20.800][info] [#0:script/workspace/loading.lua:100]: Preload file at: file:///home/mikep/.dotfiles/scripts/.local/share/nvim/mason/packages/lua-language-server/libexec/meta/3rd/Cocos4.0/library/cc/TransitionProgress.lua , size = 0.506 KB
[08:43:20.801][info] [#0:script/workspace/loading.lua:100]: Preload file at: file:///home/mikep/.dotfiles/scripts/.local/share/nvim/mason/packages/lua-language-server/libexec/meta/3rd/Cocos4.0/library/cc/NavMeshObstacle.lua , size = 1.365 KB
[08:43:20.801][info] [#0:script/workspace/loading.lua:100]: Preload file at: file:///home/mikep/.dotfiles/scripts/.local/share/nvim/mason/packages/lua-language-server/libexec/meta/3rd/Cocos4.0/library/cc/EaseBounceIn.lua , size = 0.457 KB
[08:43:20.802][info] [#0:script/workspace/loading.lua:100]: Preload file at: file:///home/mikep/.dotfiles/scripts/.local/share/nvim/mason/packages/lua-language-server/libexec/meta/3rd/Cocos4.0/library/cc/FadeOut.lua , size = 0.546 KB
[08:43:20.803][info] [#0:script/workspace/loading.lua:100]: Preload file at: file:///home/mikep/.dotfiles/scripts/.local/share/nvim/mason/packages/lua-language-server/libexec/meta/3rd/Cocos4.0/library/cc/Spawn.lua , size = 0.759 KB
[08:43:20.803][info] [#0:script/workspace/loading.lua:100]: Preload file at: file:///home/mikep/.dotfiles/scripts/.local/share/nvim/mason/packages/lua-language-server/libexec/meta/3rd/Cocos4.0/library/cc/TransitionScene.lua , size = 1.222 KB
[08:43:20.804][info] [#0:script/workspace/loading.lua:100]: Preload file at: file:///home/mikep/.dotfiles/scripts/.local/share/nvim/mason/packages/lua-language-server/libexec/meta/3rd/Cocos4.0/library/cc/TransitionProgressRadialCW.lua , size = 0.579 KB
[08:43:20.804][info] [#0:script/workspace/loading.lua:100]: Preload file at: file:///home/mikep/.dotfiles/scripts/.local/share/nvim/mason/packages/lua-language-server/libexec/meta/3rd/Cocos4.0/library/cc/PhysicsShapeCircle.lua , size = 1.737 KB
[08:43:20.805][info] [#0:script/workspace/loading.lua:100]: Preload file at: file:///home/mikep/.dotfiles/scripts/.local/share/nvim/mason/packages/lua-language-server/libexec/meta/3rd/Cocos4.0/library/cc/EaseSineIn.lua , size = 0.438 KB
[08:43:20.805][info] [#0:script/workspace/loading.lua:100]: Preload file at: file:///home/mikep/.dotfiles/scripts/.local/share/nvim/mason/packages/lua-language-server/libexec/meta/3rd/Cocos4.0/library/cc/EventController.lua , size = 1.176 KB
[08:43:20.806][info] [#0:script/workspace/loading.lua:100]: Preload file at: file:///home/mikep/.dotfiles/scripts/.local/share/nvim/mason/packages/lua-language-server/libexec/meta/3rd/Cocos4.0/library/cc/TransitionZoomFlipX.lua , size = 0.447 KB
[08:43:20.807][info] [#0:script/workspace/loading.lua:100]: Preload file at: file:///home/mikep/.dotfiles/scripts/.local/share/nvim/mason/packages/lua-language-server/libexec/meta/3rd/Cocos4.0/library/cc/PhysicsContactPreSolve.lua , size = 0.985 KB
[08:43:20.807][info] [#0:script/workspace/loading.lua:100]: Preload file at: file:///home/mikep/.dotfiles/scripts/.local/share/nvim/mason/packages/lua-language-server/libexec/meta/3rd/Cocos4.0/library/cc/ShuffleTiles.lua , size = 1.523 KB
[08:43:20.808][info] [#0:script/workspace/loading.lua:100]: Preload file at: file:///home/mikep/.dotfiles/scripts/.local/share/nvim/mason/packages/lua-language-server/libexec/meta/3rd/Cocos4.0/library/cc/Physics3DHingeConstraint.lua , size = 3.866 KB
[08:43:20.810][info] [#0:script/workspace/loading.lua:100]: Preload file at: file:///home/mikep/.dotfiles/scripts/.local/share/nvim/mason/packages/lua-language-server/libexec/meta/3rd/Cocos4.0/library/cc/EaseElasticIn.lua , size = 0.495 KB
[08:43:20.810][info] [#0:script/workspace/loading.lua:100]: Preload file at: file:///home/mikep/.dotfiles/scripts/.local/share/nvim/mason/packages/lua-language-server/libexec/meta/3rd/Cocos4.0/library/cc/Animation.lua , size = 4.433 KB
[08:43:20.812][info] [#0:script/workspace/loading.lua:100]: Preload file at: file:///home/mikep/.dotfiles/scripts/.local/share/nvim/mason/packages/lua-language-server/libexec/meta/3rd/Cocos4.0/library/cc/EventCustom.lua , size = 0.395 KB
[08:43:20.812][info] [#0:script/workspace/loading.lua:100]: Preload file at: file:///home/mikep/.dotfiles/scripts/.local/share/nvim/mason/packages/lua-language-server/libexec/meta/3rd/Cocos4.0/library/cc/ProgressTo.lua , size = 1.294 KB
[08:43:20.813][info] [#0:script/workspace/loading.lua:100]: Preload file at: file:///home/mikep/.dotfiles/scripts/.local/share/nvim/mason/packages/lua-language-server/libexec/meta/3rd/Cocos4.0/library/cc/SplitRows.lua , size = 1.229 KB
[08:43:20.814][info] [#0:script/workspace/loading.lua:100]: Preload file at: file:///home/mikep/.dotfiles/scripts/.local/share/nvim/mason/packages/lua-language-server/libexec/meta/3rd/Cocos4.0/library/cc/MenuItemLabel.lua , size = 1.366 KB
[08:43:20.814][info] [#0:script/workspace/loading.lua:100]: Preload file at: file:///home/mikep/.dotfiles/scripts/.local/share/nvim/mason/packages/lua-language-server/libexec/meta/3rd/Cocos4.0/library/cc/TransitionSlideInT.lua , size = 0.657 KB
[08:43:20.815][info] [#0:script/workspace/loading.lua:100]: Preload file at: file:///home/mikep/.dotfiles/scripts/.local/share/nvim/mason/packages/lua-language-server/libexec/meta/3rd/Cocos4.0/library/cc/PhysicsShape.lua , size = 6.776 KB
[08:43:20.817][info] [#0:script/workspace/loading.lua:100]: Preload file at: file:///home/mikep/.dotfiles/scripts/.local/share/nvim/mason/packages/lua-language-server/libexec/meta/3rd/Cocos4.0/library/cc/EaseBounceOut.lua , size = 0.467 KB
[08:43:20.817][info] [#0:script/workspace/loading.lua:100]: Preload file at: file:///home/mikep/.dotfiles/scripts/.local/share/nvim/mason/packages/lua-language-server/libexec/meta/3rd/Cocos4.0/library/cc/TMXLayer.lua , size = 5.364 KB
[08:43:20.819][info] [#0:script/workspace/loading.lua:100]: Preload file at: file:///home/mikep/.dotfiles/scripts/.local/share/nvim/mason/packages/lua-language-server/libexec/meta/3rd/Cocos4.0/library/cc/EventTouch.lua , size = 0.442 KB
[08:43:20.820][info] [#0:script/workspace/loading.lua:100]: Preload file at: file:///home/mikep/.dotfiles/scripts/.local/share/nvim/mason/packages/lua-language-server/libexec/meta/3rd/Cocos4.0/library/cc/ToggleVisibility.lua , size = 0.566 KB
[08:43:20.820][info] [#0:script/workspace/loading.lua:100]: Preload file at: file:///home/mikep/.dotfiles/scripts/.local/share/nvim/mason/packages/lua-language-server/libexec/meta/3rd/Cocos4.0/library/cc/PointLight.lua , size = 0.720 KB
[08:43:20.821][info] [#0:script/workspace/loading.lua:100]: Preload file at: file:///home/mikep/.dotfiles/scripts/.local/share/nvim/mason/packages/lua-language-server/libexec/meta/3rd/Cocos4.0/library/cc/ProtectedNode.lua , size = 3.857 KB
[08:43:20.822][info] [#0:script/workspace/loading.lua:100]: Preload file at: file:///home/mikep/.dotfiles/scripts/.local/share/nvim/mason/packages/lua-language-server/libexec/meta/3rd/Cocos4.0/library/cc/FlipY.lua , size = 0.598 KB
[08:43:20.822][info] [#0:script/workspace/loading.lua:100]: Preload file at: file:///home/mikep/.dotfiles/scripts/.local/share/nvim/mason/packages/lua-language-server/libexec/meta/3rd/Cocos4.0/library/cc/FadeOutTRTiles.lua , size = 1.776 KB
[08:43:20.823][info] [#0:script/workspace/loading.lua:100]: Preload file at: file:///home/mikep/.dotfiles/scripts/.local/share/nvim/mason/packages/lua-language-server/libexec/meta/3rd/Cocos4.0/library/cc/EaseCircleActionIn.lua , size = 0.516 KB
[08:43:20.824][info] [#0:script/workspace/loading.lua:100]: Preload file at: file:///home/mikep/.dotfiles/scripts/.local/share/nvim/mason/packages/lua-language-server/libexec/meta/3rd/Cocos4.0/library/cc/Sequence.lua , size = 0.820 KB
[08:43:20.825][info] [#0:script/workspace/loading.lua:100]: Preload file at: file:///home/mikep/.dotfiles/scripts/.local/share/nvim/mason/packages/lua-language-server/libexec/meta/3rd/Cocos4.0/library/cc/TransitionShrinkGrow.lua , size = 0.702 KB
[08:43:20.825][info] [#0:script/workspace/loading.lua:100]: Preload file at: file:///home/mikep/.dotfiles/scripts/.local/share/nvim/mason/packages/lua-language-server/libexec/meta/3rd/Cocos4.0/library/cc/PhysicsJointGroove.lua , size = 1.404 KB
[08:43:20.826][info] [#0:script/workspace/loading.lua:100]: Preload file at: file:///home/mikep/.dotfiles/scripts/.local/share/nvim/mason/packages/lua-language-server/libexec/meta/3rd/Cocos4.0/library/cc/Action.lua , size = 2.990 KB
[08:43:20.827][info] [#0:script/workspace/loading.lua:100]: Preload file at: file:///home/mikep/.dotfiles/scripts/.local/share/nvim/mason/packages/lua-language-server/libexec/meta/3rd/Cocos4.0/library/cc/PhysicsShapeEdgePolygon.lua , size = 0.434 KB
[08:43:20.827][info] [#0:script/workspace/loading.lua:100]: Preload file at: file:///home/mikep/.dotfiles/scripts/.local/share/nvim/mason/packages/lua-language-server/libexec/meta/3rd/Cocos4.0/library/cc/MoveTo.lua , size = 0.779 KB
[08:43:20.828][info] [#0:script/workspace/loading.lua:100]: Preload file at: file:///home/mikep/.dotfiles/scripts/.local/share/nvim/mason/packages/lua-language-server/libexec/meta/3rd/Cocos4.0/library/cc/TransitionZoomFlipY.lua , size = 0.447 KB
[08:43:20.829][info] [#0:script/workspace/loading.lua:100]: Preload file at: file:///home/mikep/.dotfiles/scripts/.local/share/nvim/mason/packages/lua-language-server/libexec/meta/3rd/Cocos4.0/library/cc/NavMesh.lua , size = 1.389 KB
[08:43:20.830][info] [#0:script/workspace/loading.lua:100]: Preload file at: file:///home/mikep/.dotfiles/scripts/.local/share/nvim/mason/packages/lua-language-server/libexec/meta/3rd/Cocos4.0/library/cc/ParticleFire.lua , size = 0.807 KB
[08:43:20.830][info] [#0:script/workspace/loading.lua:100]: Preload file at: file:///home/mikep/.dotfiles/scripts/.local/share/nvim/mason/packages/lua-language-server/libexec/meta/3rd/Cocos4.0/library/cc/EventListenerAssetsManagerEx.lua , size = 0.659 KB
[08:43:20.831][info] [#0:script/workspace/loading.lua:100]: Preload file at: file:///home/mikep/.dotfiles/scripts/.local/share/nvim/mason/packages/lua-language-server/libexec/meta/3rd/Cocos4.0/library/cc/OrbitCamera.lua , size = 1.466 KB
[08:43:20.831][info] [#0:script/workspace/loading.lua:100]: Preload file at: file:///home/mikep/.dotfiles/scripts/.local/share/nvim/mason/packages/lua-language-server/libexec/meta/3rd/Cocos4.0/library/cc/DrawNode.lua , size = 6.633 KB
[08:43:20.834][info] [#0:script/workspace/loading.lua:100]: Preload file at: file:///home/mikep/.dotfiles/scripts/.local/share/nvim/mason/packages/lua-language-server/libexec/meta/3rd/Cocos4.0/library/cc/FlipX3D.lua , size = 1.307 KB
[08:43:20.834][info] [#0:script/workspace/loading.lua:100]: Preload file at: file:///home/mikep/.dotfiles/scripts/.local/share/nvim/mason/packages/lua-language-server/libexec/meta/3rd/Cocos4.0/library/cc/CallFunc.lua , size = 0.419 KB
[08:43:20.835][info] [#0:script/workspace/loading.lua:100]: Preload file at: file:///home/mikep/.dotfiles/scripts/.local/share/nvim/mason/packages/lua-language-server/libexec/meta/3rd/Cocos4.0/library/cc/DirectionLight.lua , size = 0.886 KB
[08:43:20.835][info] [#0:script/workspace/loading.lua:100]: Preload file at: file:///home/mikep/.dotfiles/scripts/.local/share/nvim/mason/packages/lua-language-server/libexec/meta/3rd/Cocos4.0/library/cc/AttachNode.lua , size = 0.812 KB
[08:43:20.836][info] [#0:script/workspace/loading.lua:100]: Preload file at: file:///home/mikep/.dotfiles/scripts/.local/share/nvim/mason/packages/lua-language-server/libexec/meta/3rd/Cocos4.0/library/cc/Physics3DObject.lua , size = 1.230 KB
[08:43:20.837][info] [#0:script/workspace/loading.lua:100]: Preload file at: file:///home/mikep/.dotfiles/scripts/.local/share/nvim/mason/packages/lua-language-server/libexec/meta/3rd/Cocos4.0/library/cc/EventListenerPhysicsContactWithGroup.lua , size = 0.576 KB
[08:43:20.837][info] [#0:script/workspace/loading.lua:100]: Preload file at: file:///home/mikep/.dotfiles/scripts/.local/share/nvim/mason/packages/lua-language-server/libexec/meta/3rd/Cocos4.0/library/cc/TransitionFadeUp.lua , size = 0.599 KB
[08:43:20.838][info] [#0:script/workspace/loading.lua:100]: Preload file at: file:///home/mikep/.dotfiles/scripts/.local/share/nvim/mason/packages/lua-language-server/libexec/meta/3rd/Cocos4.0/library/cc/Physics3DSliderConstraint.lua , size = 7.630 KB
[08:43:20.841][info] [#0:script/workspace/loading.lua:100]: Preload file at: file:///home/mikep/.dotfiles/scripts/.local/share/nvim/mason/packages/lua-language-server/libexec/meta/3rd/Cocos4.0/library/cc/EaseCircleActionOut.lua , size = 0.525 KB
[08:43:20.842][info] [#0:script/workspace/loading.lua:100]: Preload file at: file:///home/mikep/.dotfiles/scripts/.local/share/nvim/mason/packages/lua-language-server/libexec/meta/3rd/Cocos4.0/library/cc/PhysicsContact.lua , size = 0.588 KB
[08:43:20.842][info] [#0:script/workspace/loading.lua:100]: Preload file at: file:///home/mikep/.dotfiles/scripts/.local/share/nvim/mason/packages/lua-language-server/libexec/meta/3rd/Cocos4.0/library/cc/PhysicsJointMotor.lua , size = 0.767 KB
[08:43:20.843][info] [#0:script/workspace/loading.lua:100]: Preload file at: file:///home/mikep/.dotfiles/scripts/.local/share/nvim/mason/packages/lua-language-server/libexec/meta/3rd/Cocos4.0/library/cc/FastTMXLayer.lua , size = 4.998 KB
[08:43:20.844][info] [#0:script/workspace/loading.lua:100]: Preload file at: file:///home/mikep/.dotfiles/scripts/.local/share/nvim/mason/packages/lua-language-server/libexec/meta/3rd/Cocos4.0/library/cc/PhysicsShapeBox.lua , size = 0.970 KB
[08:43:20.845][info] [#0:script/workspace/loading.lua:100]: Preload file at: file:///home/mikep/.dotfiles/scripts/.local/share/nvim/mason/packages/lua-language-server/libexec/meta/3rd/Cocos4.0/library/cc/AudioEngine.lua , size = 5.667 KB
[08:43:20.847][info] [#0:script/workspace/loading.lua:100]: Preload file at: file:///home/mikep/.dotfiles/scripts/.local/share/nvim/mason/packages/lua-language-server/libexec/meta/3rd/Cocos4.0/library/cc/Physics3DShape.lua , size = 1.758 KB
[08:43:20.848][info] [#0:script/workspace/loading.lua:100]: Preload file at: file:///home/mikep/.dotfiles/scripts/.local/share/nvim/mason/packages/lua-language-server/libexec/meta/3rd/Cocos4.0/library/cc/Repeat.lua , size = 1.354 KB
[08:43:20.849][info] [#0:script/workspace/loading.lua:100]: Preload file at: file:///home/mikep/.dotfiles/scripts/.local/share/nvim/mason/packages/lua-language-server/libexec/meta/3rd/Cocos4.0/library/cc/ProgressFromTo.lua , size = 1.643 KB
[08:43:20.850][info] [#0:script/workspace/loading.lua:100]: Preload file at: file:///home/mikep/.dotfiles/scripts/.local/share/nvim/mason/packages/lua-language-server/libexec/meta/3rd/Cocos4.0/library/cc/DelayTime.lua , size = 0.535 KB
[08:43:20.850][info] [#0:script/workspace/loading.lua:100]: Preload file at: file:///home/mikep/.dotfiles/scripts/.local/share/nvim/mason/packages/lua-language-server/libexec/meta/3rd/Cocos4.0/library/cc/Menu.lua , size = 1.999 KB
[08:43:20.852][info] [#0:script/workspace/loading.lua:100]: Preload file at: file:///home/mikep/.dotfiles/scripts/.local/share/nvim/mason/packages/lua-language-server/libexec/meta/3rd/Cocos4.0/library/cc/TMXMapInfo.lua , size = 4.253 KB
[08:43:20.854][info] [#0:script/workspace/loading.lua:100]: Preload file at: file:///home/mikep/.dotfiles/scripts/.local/share/nvim/mason/packages/lua-language-server/libexec/meta/3rd/Cocos4.0/library/cc/EventListener.lua , size = 1.010 KB
[08:43:20.854][info] [#0:script/workspace/loading.lua:100]: Preload file at: file:///home/mikep/.dotfiles/scripts/.local/share/nvim/mason/packages/lua-language-server/libexec/meta/3rd/Cocos4.0/library/cc/AnimationCache.lua , size = 2.083 KB
[08:43:20.856][info] [#0:script/workspace/loading.lua:100]: Preload file at: file:///home/mikep/.dotfiles/scripts/.local/share/nvim/mason/packages/lua-language-server/libexec/meta/3rd/Cocos4.0/library/cc/EaseQuarticActionIn.lua , size = 0.525 KB
[08:43:20.856][info] [#0:script/workspace/loading.lua:100]: Preload file at: file:///home/mikep/.dotfiles/scripts/.local/share/nvim/mason/packages/lua-language-server/libexec/meta/3rd/Cocos4.0/library/cc/ParticleExplosion.lua , size = 0.875 KB
[08:43:20.857][info] [#0:script/workspace/loading.lua:100]: Preload file at: file:///home/mikep/.dotfiles/scripts/.local/share/nvim/mason/packages/lua-language-server/libexec/meta/3rd/Cocos4.0/library/cc/ParticleRain.lua , size = 0.807 KB
[08:43:20.857][info] [#0:script/workspace/loading.lua:100]: Preload file at: file:///home/mikep/.dotfiles/scripts/.local/share/nvim/mason/packages/lua-language-server/libexec/meta/3rd/Cocos4.0/library/cc/Animation3D.lua , size = 0.772 KB
[08:43:20.858][info] [#0:script/workspace/loading.lua:100]: Preload file at: file:///home/mikep/.dotfiles/scripts/.local/share/nvim/mason/packages/lua-language-server/libexec/meta/3rd/Cocos4.0/library/cc/PhysicsShapeEdgeBox.lua , size = 0.928 KB
[08:43:20.858][info] [#0:script/workspace/loading.lua:100]: Preload file at: file:///home/mikep/.dotfiles/scripts/.local/share/nvim/mason/packages/lua-language-server/libexec/meta/3rd/Cocos4.0/library/cc/ActionTween.lua , size = 1.664 KB
[08:43:20.859][info] [#0:script/workspace/loading.lua:100]: Preload file at: file:///home/mikep/.dotfiles/scripts/.local/share/nvim/mason/packages/lua-language-server/libexec/meta/3rd/Cocos4.0/library/cc/TextureCube.lua , size = 1.502 KB
[08:43:20.860][info] [#0:script/workspace/loading.lua:100]: Preload file at: file:///home/mikep/.dotfiles/scripts/.local/share/nvim/mason/packages/lua-language-server/libexec/meta/3rd/Cocos4.0/library/cc/PUParticleSystem3D.lua , size = 5.732 KB
[08:43:20.862][info] [#0:script/workspace/loading.lua:100]: Preload file at: file:///home/mikep/.dotfiles/scripts/.local/share/nvim/mason/packages/lua-language-server/libexec/meta/3rd/Cocos4.0/library/cc/Pass.lua , size = 3.624 KB
[08:43:20.865][info] [#0:script/workspace/loading.lua:100]: Preload file at: file:///home/mikep/.dotfiles/scripts/.local/share/nvim/mason/packages/lua-language-server/libexec/meta/3rd/Cocos4.0/library/cc/Event.lua , size = 0.802 KB
[08:43:20.865][info] [#0:script/workspace/loading.lua:100]: Preload file at: file:///home/mikep/.dotfiles/scripts/.local/share/nvim/mason/packages/lua-language-server/libexec/meta/3rd/Cocos4.0/library/cc/TransitionRotoZoom.lua , size = 0.505 KB
[08:43:20.866][info] [#0:script/workspace/loading.lua:100]: Preload file at: file:///home/mikep/.dotfiles/scripts/.local/share/nvim/mason/packages/lua-language-server/libexec/meta/3rd/Cocos4.0/library/cc/EaseSineInOut.lua , size = 0.467 KB
[08:43:20.866][info] [#0:script/workspace/loading.lua:100]: Preload file at: file:///home/mikep/.dotfiles/scripts/.local/share/nvim/mason/packages/lua-language-server/libexec/meta/3rd/Cocos4.0/library/cc/ParticleData.lua , size = 0.453 KB
[08:43:20.867][info] [#0:script/workspace/loading.lua:100]: Preload file at: file:///home/mikep/.dotfiles/scripts/.local/share/nvim/mason/packages/lua-language-server/libexec/meta/3rd/Cocos4.0/library/cc/CSLoader.lua , size = 1.554 KB
[08:43:20.868][info] [#0:script/workspace/loading.lua:100]: Preload file at: file:///home/mikep/.dotfiles/scripts/.local/share/nvim/mason/packages/lua-language-server/libexec/meta/3rd/Cocos4.0/library/cc/CameraBackgroundColorBrush.lua , size = 1.068 KB
[08:43:20.869][info] [#0:script/workspace/loading.lua:100]: Preload file at: file:///home/mikep/.dotfiles/scripts/.local/share/nvim/mason/packages/lua-language-server/libexec/meta/3rd/Cocos4.0/library/cc/RenderTexture.lua , size = 6.029 KB
[08:43:20.871][info] [#0:script/workspace/loading.lua:100]: Preload file at: file:///home/mikep/.dotfiles/scripts/.local/share/nvim/mason/packages/lua-language-server/libexec/meta/3rd/Cocos4.0/library/cc/EventListenerTouchOneByOne.lua , size = 0.841 KB
[08:43:20.872][info] [#0:script/workspace/loading.lua:100]: Preload file at: file:///home/mikep/.dotfiles/scripts/.local/share/nvim/mason/packages/lua-language-server/libexec/meta/3rd/Cocos4.0/library/cc/TMXTiledMap.lua , size = 3.700 KB
[08:43:20.873][info] [#0:script/workspace/loading.lua:100]: Preload file at: file:///home/mikep/.dotfiles/scripts/.local/share/nvim/mason/packages/lua-language-server/libexec/meta/3rd/Cocos4.0/library/cc/TileMapAtlas.lua , size = 1.353 KB
[08:43:20.874][info] [#0:script/workspace/loading.lua:100]: Preload file at: file:///home/mikep/.dotfiles/scripts/.local/share/nvim/mason/packages/lua-language-server/libexec/meta/3rd/Cocos4.0/library/cc/Physics3D6DofConstraint.lua , size = 2.252 KB
[08:43:20.875][info] [#0:script/workspace/loading.lua:100]: Preload file at: file:///home/mikep/.dotfiles/scripts/.local/share/nvim/mason/packages/lua-language-server/libexec/meta/3rd/Cocos4.0/library/cc/TransitionProgressVertical.lua , size = 0.579 KB
[08:43:20.876][info] [#0:script/workspace/loading.lua:100]: Preload file at: file:///home/mikep/.dotfiles/scripts/.local/share/nvim/mason/packages/lua-language-server/libexec/meta/3rd/Cocos4.0/library/cc/ComponentLua.lua , size = 0.553 KB
[08:43:20.876][info] [#0:script/workspace/loading.lua:100]: Preload file at: file:///home/mikep/.dotfiles/scripts/.local/share/nvim/mason/packages/lua-language-server/libexec/meta/3rd/Cocos4.0/library/cc/TransitionMoveInL.lua , size = 0.842 KB
[08:43:20.877][info] [#0:script/workspace/loading.lua:100]: Preload file at: file:///home/mikep/.dotfiles/scripts/.local/share/nvim/mason/packages/lua-language-server/libexec/meta/3rd/Cocos4.0/library/cc/Grid3DAction.lua , size = 0.361 KB
[08:43:20.877][info] [#0:script/workspace/loading.lua:100]: Preload file at: file:///home/mikep/.dotfiles/scripts/.local/share/nvim/mason/packages/lua-language-server/libexec/meta/3rd/Cocos4.0/library/cc/EaseBezierAction.lua , size = 0.859 KB
[08:43:20.878][info] [#0:script/workspace/loading.lua:100]: Preload file at: file:///home/mikep/.dotfiles/scripts/.local/share/nvim/mason/packages/lua-language-server/libexec/meta/3rd/Cocos4.0/library/cc/Shaky3D.lua , size = 1.515 KB
[08:43:20.879][info] [#0:script/workspace/loading.lua:100]: Preload file at: file:///home/mikep/.dotfiles/scripts/.local/share/nvim/mason/packages/lua-language-server/libexec/meta/3rd/Cocos4.0/library/cc/TransitionFlipAngular.lua , size = 0.461 KB
[08:43:20.879][info] [#0:script/workspace/loading.lua:100]: Preload file at: file:///home/mikep/.dotfiles/scripts/.local/share/nvim/mason/packages/lua-language-server/libexec/meta/3rd/Cocos4.0/library/cc/EventKeyboard.lua , size = 0.354 KB
[08:43:20.880][info] [#0:script/workspace/loading.lua:100]: Preload file at: file:///home/mikep/.dotfiles/scripts/.local/share/nvim/mason/packages/lua-language-server/libexec/meta/3rd/Cocos4.0/library/cc/Director.lua , size = 11.481 KB
[08:43:20.884][info] [#0:script/workspace/loading.lua:100]: Preload file at: file:///home/mikep/.dotfiles/scripts/.local/share/nvim/mason/packages/lua-language-server/libexec/meta/3rd/Cocos4.0/library/cc/MenuItemSprite.lua , size = 1.645 KB
[08:43:20.885][info] [#0:script/workspace/loading.lua:100]: Preload file at: file:///home/mikep/.dotfiles/scripts/.local/share/nvim/mason/packages/lua-language-server/libexec/meta/3rd/Cocos4.0/library/cc/PhysicsBody.lua , size = 14.614 KB
[08:43:20.890][info] [#0:script/workspace/loading.lua:100]: Preload file at: file:///home/mikep/.dotfiles/scripts/.local/share/nvim/mason/packages/lua-language-server/libexec/meta/3rd/Cocos4.0/library/cc/Animate3D.lua , size = 2.961 KB
[08:43:20.891][info] [#0:script/workspace/loading.lua:100]: Preload file at: file:///home/mikep/.dotfiles/scripts/.local/share/nvim/mason/packages/lua-language-server/libexec/meta/3rd/Cocos4.0/library/cc/ClippingNode.lua , size = 3.037 KB
[08:43:20.892][info] [#0:script/workspace/loading.lua:100]: Preload file at: file:///home/mikep/.dotfiles/scripts/.local/share/nvim/mason/packages/lua-language-server/libexec/meta/3rd/Cocos4.0/library/cc/TransitionProgressInOut.lua , size = 0.556 KB
[08:43:20.893][info] [#0:script/workspace/loading.lua:100]: Preload file at: file:///home/mikep/.dotfiles/scripts/.local/share/nvim/mason/packages/lua-language-server/libexec/meta/3rd/Cocos4.0/library/cc/EventListenerCustom.lua , size = 0.366 KB
[08:43:20.893][info] [#0:script/workspace/loading.lua:100]: Preload file at: file:///home/mikep/.dotfiles/scripts/.local/share/nvim/mason/packages/lua-language-server/libexec/meta/3rd/Cocos4.0/library/cc/FadeOutDownTiles.lua , size = 0.813 KB
[08:43:20.894][info] [#0:script/workspace/loading.lua:100]: Preload file at: file:///home/mikep/.dotfiles/scripts/.local/share/nvim/mason/packages/lua-language-server/libexec/meta/3rd/Cocos4.0/library/cc/CameraBackgroundSkyBoxBrush.lua , size = 1.569 KB
[08:43:20.895][info] [#0:script/workspace/loading.lua:100]: Preload file at: file:///home/mikep/.dotfiles/scripts/.local/share/nvim/mason/packages/lua-language-server/libexec/meta/3rd/Cocos4.0/library/cc/Control.lua , size = 2.701 KB
[08:43:20.896][info] [#0:script/workspace/loading.lua:100]: Preload file at: file:///home/mikep/.dotfiles/scripts/.local/share/nvim/mason/packages/lua-language-server/libexec/meta/3rd/Cocos4.0/library/cc/Sprite3DCache.lua , size = 0.557 KB
[08:43:20.897][info] [#0:script/workspace/loading.lua:100]: Preload file at: file:///home/mikep/.dotfiles/scripts/.local/share/nvim/mason/packages/lua-language-server/libexec/meta/3rd/Cocos4.0/library/cc/GridBase.lua , size = 2.696 KB
[08:43:20.898][info] [#0:script/workspace/loading.lua:100]: Preload file at: file:///home/mikep/.dotfiles/scripts/.local/share/nvim/mason/packages/lua-language-server/libexec/meta/3rd/Cocos4.0/library/cc/TMXLayerInfo.lua , size = 0.334 KB
[08:43:20.899][info] [#0:script/workspace/loading.lua:100]: Preload file at: file:///home/mikep/.dotfiles/scripts/.local/share/nvim/mason/packages/lua-language-server/libexec/meta/3rd/Cocos4.0/library/cc/RotateTo.lua , size = 1.013 KB
[08:43:20.900][info] [#0:script/workspace/loading.lua:100]: Preload file at: file:///home/mikep/.dotfiles/scripts/.local/share/nvim/mason/packages/lua-language-server/libexec/meta/3rd/Cocos4.0/library/cc/ActionManager.lua , size = 5.086 KB
[08:43:20.901][info] [#0:script/workspace/loading.lua:100]: Preload file at: file:///home/mikep/.dotfiles/scripts/.local/share/nvim/mason/packages/lua-language-server/libexec/meta/3rd/Cocos4.0/library/cc/TiledGrid3DAction.lua , size = 0.268 KB
[08:43:20.903][info] [#0:script/workspace/loading.lua:100]: Preload file at: file:///home/mikep/.dotfiles/scripts/.local/share/nvim/mason/packages/lua-language-server/libexec/meta/3rd/Cocos4.0/library/cc/EaseOut.lua , size = 0.442 KB
[08:43:20.903][info] [#0:script/workspace/loading.lua:100]: Preload file at: file:///home/mikep/.dotfiles/scripts/.local/share/nvim/mason/packages/lua-language-server/libexec/meta/3rd/Cocos4.0/library/cc/AsyncTaskPool.lua , size = 0.808 KB
[08:43:20.904][info] [#0:script/workspace/loading.lua:100]: Preload file at: file:///home/mikep/.dotfiles/scripts/.local/share/nvim/mason/packages/lua-language-server/libexec/meta/3rd/Cocos4.0/library/cc/PhysicsJointGear.lua , size = 1.062 KB
[08:43:20.905][info] [#0:script/workspace/loading.lua:100]: Preload file at: file:///home/mikep/.dotfiles/scripts/.local/share/nvim/mason/packages/lua-language-server/libexec/meta/3rd/Cocos4.0/library/cc/ControlPotentiometer.lua , size = 3.533 KB
[08:43:20.907][info] [#0:script/workspace/loading.lua:100]: Preload file at: file:///home/mikep/.dotfiles/scripts/.local/share/nvim/mason/packages/lua-language-server/libexec/meta/3rd/Cocos4.0/library/cc/EventListenerFocus.lua , size = 0.407 KB
[08:43:20.907][info] [#0:script/workspace/loading.lua:100]: Preload file at: file:///home/mikep/.dotfiles/scripts/.local/share/nvim/mason/packages/lua-language-server/libexec/meta/3rd/Cocos4.0/library/cc/Liquid.lua , size = 2.235 KB
[08:43:20.908][info] [#0:script/workspace/loading.lua:100]: Preload file at: file:///home/mikep/.dotfiles/scripts/.local/share/nvim/mason/packages/lua-language-server/libexec/meta/3rd/Cocos4.0/library/cc/PhysicsJoint.lua , size = 1.444 KB
[08:43:20.909][info] [#0:script/workspace/loading.lua:100]: Preload file at: file:///home/mikep/.dotfiles/scripts/.local/share/nvim/mason/packages/lua-language-server/libexec/meta/3rd/Cocos4.0/library/cc/AnimationFrame.lua , size = 1.945 KB
[08:43:20.910][info] [#0:script/workspace/loading.lua:100]: Preload file at: file:///home/mikep/.dotfiles/scripts/.local/share/nvim/mason/packages/lua-language-server/libexec/meta/3rd/Cocos4.0/library/cc/Sprite3DMaterial.lua , size = 1.100 KB
[08:43:20.911][info] [#0:script/workspace/loading.lua:100]: Preload file at: file:///home/mikep/.dotfiles/scripts/.local/share/nvim/mason/packages/lua-language-server/libexec/meta/3rd/Cocos4.0/library/cc/EaseExponentialOut.lua , size = 0.516 KB
[08:43:20.912][info] [#0:script/workspace/loading.lua:100]: Preload file at: file:///home/mikep/.dotfiles/scripts/.local/share/nvim/mason/packages/lua-language-server/libexec/meta/3rd/Cocos4.0/library/cc/EventListenerPhysicsContact.lua , size = 0.577 KB
[08:43:20.912][info] [#0:script/workspace/loading.lua:100]: Preload file at: file:///home/mikep/.dotfiles/scripts/.local/share/nvim/mason/packages/lua-language-server/libexec/meta/3rd/Cocos4.0/library/cc/TransitionFlipY.lua , size = 0.420 KB
[08:43:20.913][info] [#0:script/workspace/loading.lua:100]: Preload file at: file:///home/mikep/.dotfiles/scripts/.local/share/nvim/mason/packages/lua-language-server/libexec/meta/3rd/Cocos4.0/library/cc/Manifest.lua , size = 0.830 KB
[08:43:20.914][info] [#0:script/workspace/loading.lua:100]: Preload file at: file:///home/mikep/.dotfiles/scripts/.local/share/nvim/mason/packages/lua-language-server/libexec/meta/3rd/Cocos4.0/library/cc/LayerRadialGradient.lua , size = 2.853 KB
[08:43:20.915][info] [#0:script/workspace/loading.lua:100]: Preload file at: file:///home/mikep/.dotfiles/scripts/.local/share/nvim/mason/packages/lua-language-server/libexec/meta/3rd/Cocos4.0/library/cc/ParticleGalaxy.lua , size = 0.834 KB
[08:43:20.916][info] [#0:script/workspace/loading.lua:100]: Preload file at: file:///home/mikep/.dotfiles/scripts/.local/share/nvim/mason/packages/lua-language-server/libexec/meta/3rd/Cocos4.0/library/cc/NavMeshAgent.lua , size = 3.547 KB
[08:43:20.918][info] [#0:script/workspace/loading.lua:100]: Preload file at: file:///home/mikep/.dotfiles/scripts/.local/share/nvim/mason/packages/lua-language-server/libexec/meta/3rd/Cocos4.0/library/cc/EaseQuinticActionInOut.lua , size = 0.555 KB
[08:43:20.918][info] [#0:script/workspace/loading.lua:100]: Preload file at: file:///home/mikep/.dotfiles/scripts/.local/share/nvim/mason/packages/lua-language-server/libexec/meta/3rd/Cocos4.0/library/cc/Follow.lua , size = 3.408 KB
[08:43:20.921][info] [#0:script/workspace/loading.lua:100]: Preload file at: file:///home/mikep/.dotfiles/scripts/.local/share/nvim/mason/packages/lua-language-server/libexec/meta/3rd/Cocos4.0/library/cc/ControlSaturationBrightnessPicker.lua , size = 1.279 KB
[08:43:20.923][info] [#0:script/workspace/loading.lua:100]: Preload file at: file:///home/mikep/.dotfiles/scripts/.local/share/nvim/mason/packages/lua-language-server/libexec/meta/3rd/Cocos4.0/library/cc/EventListenerController.lua , size = 0.467 KB
[08:43:20.924][info] [#0:script/workspace/loading.lua:100]: Preload file at: file:///home/mikep/.dotfiles/scripts/.local/share/nvim/mason/packages/lua-language-server/libexec/meta/3rd/Cocos4.0/library/cc/PhysicsJointPin.lua , size = 0.599 KB
[08:43:20.924][info] [#0:script/workspace/loading.lua:100]: Preload file at: file:///home/mikep/.dotfiles/scripts/.local/share/nvim/mason/packages/lua-language-server/libexec/meta/3rd/Cocos4.0/library/cc/Physics3DRigidBody.lua , size = 6.742 KB
[08:43:20.927][info] [#0:script/workspace/loading.lua:100]: Preload file at: file:///home/mikep/.dotfiles/scripts/.local/share/nvim/mason/packages/lua-language-server/libexec/meta/3rd/Cocos4.0/library/cc/ShatteredTiles3D.lua , size = 1.652 KB
[08:43:20.928][info] [#0:script/workspace/loading.lua:100]: Preload file at: file:///home/mikep/.dotfiles/scripts/.local/share/nvim/mason/packages/lua-language-server/libexec/meta/3rd/Cocos4.0/library/cc/Skybox.lua , size = 1.296 KB
[08:43:20.929][info] [#0:script/workspace/loading.lua:100]: Preload file at: file:///home/mikep/.dotfiles/scripts/.local/share/nvim/mason/packages/lua-language-server/libexec/meta/3rd/Cocos4.0/library/cc/TintBy.lua , size = 1.117 KB
[08:43:20.929][info] [#0:script/workspace/loading.lua:100]: Preload file at: file:///home/mikep/.dotfiles/scripts/.local/share/nvim/mason/packages/lua-language-server/libexec/meta/3rd/Cocos4.0/library/cc/TransitionSplitRows.lua , size = 0.591 KB
[08:43:20.930][info] [#0:script/workspace/loading.lua:100]: Preload file at: file:///home/mikep/.dotfiles/scripts/.local/share/nvim/mason/packages/lua-language-server/libexec/meta/3rd/Cocos4.0/library/cc/BezierBy.lua , size = 0.642 KB
[08:43:20.931][info] [#0:script/workspace/loading.lua:100]: Preload file at: file:///home/mikep/.dotfiles/scripts/.local/share/nvim/mason/packages/lua-language-server/libexec/meta/3rd/Cocos4.0/library/cc/Waves3D.lua , size = 2.242 KB
[08:43:20.932][info] [#0:script/workspace/loading.lua:100]: Preload file at: file:///home/mikep/.dotfiles/scripts/.local/share/nvim/mason/packages/lua-language-server/libexec/meta/3rd/Cocos4.0/library/cc/UserDefault.lua , size = 3.116 KB
[08:43:20.933][info] [#0:script/workspace/loading.lua:100]: Preload file at: file:///home/mikep/.dotfiles/scripts/.local/share/nvim/mason/packages/lua-language-server/libexec/meta/3rd/Cocos4.0/library/cc/MenuItemImage.lua , size = 1.020 KB
[08:43:20.934][info] [#0:script/workspace/loading.lua:100]: Preload file at: file:///home/mikep/.dotfiles/scripts/.local/share/nvim/mason/packages/lua-language-server/libexec/meta/3rd/Cocos4.0/library/cc/FastTMXTiledMap.lua , size = 3.218 KB
[08:43:20.936][info] [#0:script/workspace/loading.lua:100]: Preload file at: file:///home/mikep/.dotfiles/scripts/.local/share/nvim/mason/packages/lua-language-server/libexec/meta/3rd/Cocos4.0/library/cc/TMXTilesetInfo.lua , size = 0.276 KB
[08:43:20.936][info] [#0:script/workspace/loading.lua:100]: Preload file at: file:///home/mikep/.dotfiles/scripts/.local/share/nvim/mason/packages/lua-language-server/libexec/meta/3rd/Cocos4.0/library/cc/Terrain.lua , size = 3.620 KB
[08:43:20.938][info] [#0:script/workspace/loading.lua:100]: Preload file at: file:///home/mikep/.dotfiles/scripts/.local/share/nvim/mason/packages/lua-language-server/libexec/meta/3rd/Cocos4.0/library/cc/StopGrid.lua , size = 0.500 KB
[08:43:20.939][info] [#0:script/workspace/loading.lua:100]: Preload file at: file:///home/mikep/.dotfiles/scripts/.local/share/nvim/mason/packages/lua-language-server/libexec/meta/3rd/Cocos4.0/library/cc/ReuseGrid.lua , size = 0.963 KB
[08:43:20.940][info] [#0:script/workspace/loading.lua:100]: Preload file at: file:///home/mikep/.dotfiles/scripts/.local/share/nvim/mason/packages/lua-language-server/libexec/meta/3rd/Cocos4.0/library/cc/ControlStepper.lua , size = 2.812 KB
[08:43:20.942][info] [#0:script/workspace/loading.lua:100]: Preload file at: file:///home/mikep/.dotfiles/scripts/.local/share/nvim/mason/packages/lua-language-server/libexec/meta/3rd/Cocos4.0/library/cc/ParticleFlower.lua , size = 0.834 KB
[08:43:20.942][info] [#0:script/workspace/loading.lua:100]: Preload file at: file:///home/mikep/.dotfiles/scripts/.local/share/nvim/mason/packages/lua-language-server/libexec/meta/3rd/Cocos4.0/library/cc/Blink.lua , size = 0.887 KB
[08:43:20.943][info] [#0:script/workspace/loading.lua:100]: Preload file at: file:///home/mikep/.dotfiles/scripts/.local/share/nvim/mason/packages/lua-language-server/libexec/meta/3rd/Cocos4.0/library/cc/EaseInOut.lua , size = 0.462 KB
[08:43:20.944][info] [#0:script/workspace/loading.lua:100]: Preload file at: file:///home/mikep/.dotfiles/scripts/.local/share/nvim/mason/packages/lua-language-server/libexec/meta/3rd/Cocos4.0/library/cc/ClippingRectangleNode.lua , size = 1.300 KB
[08:43:20.944][info] [#0:script/workspace/loading.lua:100]: Preload file at: file:///home/mikep/.dotfiles/scripts/.local/share/nvim/mason/packages/lua-language-server/libexec/meta/3rd/Cocos4.0/library/cc/FadeTo.lua , size = 0.961 KB
[08:43:20.945][info] [#0:script/workspace/loading.lua:100]: Preload file at: file:///home/mikep/.dotfiles/scripts/.local/share/nvim/mason/packages/lua-language-server/libexec/meta/3rd/Cocos4.0/library/cc/GridAction.lua , size = 0.844 KB
[08:43:20.946][info] [#0:script/workspace/loading.lua:100]: Preload file at: file:///home/mikep/.dotfiles/scripts/.local/share/nvim/mason/packages/lua-language-server/libexec/meta/3rd/Cocos4.0/library/cc/EaseQuadraticActionIn.lua , size = 0.545 KB
[08:43:20.946][info] [#0:script/workspace/loading.lua:100]: Preload file at: file:///home/mikep/.dotfiles/scripts/.local/share/nvim/mason/packages/lua-language-server/libexec/meta/3rd/Cocos4.0/library/cc/NodeGrid.lua , size = 1.260 KB
[08:43:20.947][info] [#0:script/workspace/loading.lua:100]: Preload file at: file:///home/mikep/.dotfiles/scripts/.local/share/nvim/mason/packages/lua-language-server/libexec/meta/3rd/Cocos4.0/library/cc/ControlHuePicker.lua , size = 1.486 KB
[08:43:20.948][info] [#0:script/workspace/loading.lua:100]: Preload file at: file:///home/mikep/.dotfiles/scripts/.local/share/nvim/mason/packages/lua-language-server/libexec/meta/3rd/Cocos4.0/library/cc/EaseBounceInOut.lua , size = 0.486 KB
[08:43:20.949][info] [#0:script/workspace/loading.lua:100]: Preload file at: file:///home/mikep/.dotfiles/scripts/.local/share/nvim/mason/packages/lua-language-server/libexec/meta/3rd/Cocos4.0/library/cc/ControlButton.lua , size = 8.543 KB
[08:43:20.954][info] [#0:script/workspace/loading.lua:100]: Preload file at: file:///home/mikep/.dotfiles/scripts/.local/share/nvim/mason/packages/lua-language-server/libexec/meta/3rd/Cocos4.0/library/cc/AudioProfile.lua , size = 0.187 KB
[08:43:20.954][info] [#0:script/workspace/loading.lua:100]: Preload file at: file:///home/mikep/.dotfiles/scripts/.local/share/nvim/mason/packages/lua-language-server/libexec/meta/3rd/Cocos4.0/library/cc/Physics3DComponent.lua , size = 1.499 KB
[08:43:20.955][info] [#0:script/workspace/loading.lua:100]: Preload file at: file:///home/mikep/.dotfiles/scripts/.local/share/nvim/mason/packages/lua-language-server/libexec/meta/3rd/Cocos4.0/library/cc/FadeIn.lua , size = 0.581 KB
[08:43:20.956][info] [#0:script/workspace/loading.lua:100]: Preload file at: file:///home/mikep/.dotfiles/scripts/.local/share/nvim/mason/packages/lua-language-server/libexec/meta/3rd/Cocos4.0/library/cc/TMXObjectGroup.lua , size = 2.016 KB
[08:43:20.956][info] [#0:script/workspace/loading.lua:100]: Preload file at: file:///home/mikep/.dotfiles/scripts/.local/share/nvim/mason/packages/lua-language-server/libexec/meta/3rd/Cocos4.0/library/cc/RenderState.lua , size = 0.365 KB
[08:43:20.957][info] [#0:script/workspace/loading.lua:100]: Preload file at: file:///home/mikep/.dotfiles/scripts/.local/share/nvim/mason/packages/lua-language-server/libexec/meta/3rd/Cocos4.0/library/cc/Console.lua , size = 0.992 KB
[08:43:20.958][info] [#0:script/workspace/loading.lua:100]: Preload file at: file:///home/mikep/.dotfiles/scripts/.local/share/nvim/mason/packages/lua-language-server/libexec/meta/3rd/Cocos4.0/library/cc/TransitionEaseScene.lua , size = 0.452 KB
[08:43:20.958][info] [#0:script/workspace/loading.lua:100]: Preload file at: file:///home/mikep/.dotfiles/scripts/.local/share/nvim/mason/packages/lua-language-server/libexec/meta/3rd/Cocos4.0/library/cc/EaseQuinticActionIn.lua , size = 0.525 KB
[08:43:20.959][info] [#0:script/workspace/loading.lua:100]: Preload file at: file:///home/mikep/.dotfiles/scripts/.local/share/nvim/mason/packages/lua-language-server/libexec/meta/3rd/Cocos4.0/library/cc/SplitCols.lua , size = 1.263 KB
[08:43:20.960][info] [#0:script/workspace/loading.lua:100]: Preload file at: file:///home/mikep/.dotfiles/scripts/.local/share/nvim/mason/packages/lua-language-server/libexec/meta/3rd/Cocos4.0/library/cc/EaseBackOut.lua , size = 0.447 KB
[08:43:20.960][info] [#0:script/workspace/loading.lua:100]: Preload file at: file:///home/mikep/.dotfiles/scripts/.local/share/nvim/mason/packages/lua-language-server/libexec/meta/3rd/Cocos4.0/library/cc/EaseExponentialInOut.lua , size = 0.535 KB
[08:43:20.961][info] [#0:script/workspace/loading.lua:100]: Preload file at: file:///home/mikep/.dotfiles/scripts/.local/share/nvim/mason/packages/lua-language-server/libexec/meta/3rd/Cocos4.0/library/cc/SkewBy.lua , size = 0.798 KB
[08:43:20.962][info] [#0:script/workspace/loading.lua:100]: Preload file at: file:///home/mikep/.dotfiles/scripts/.local/share/nvim/mason/packages/lua-language-server/libexec/meta/3rd/Cocos4.0/library/cc/EventListenerPhysicsContactWithBodies.lua , size = 0.631 KB
[08:43:20.962][info] [#0:script/workspace/loading.lua:100]: Preload file at: file:///home/mikep/.dotfiles/scripts/.local/share/nvim/mason/packages/lua-language-server/libexec/meta/3rd/Cocos4.0/library/cc/CardinalSplineBy.lua , size = 0.509 KB
[08:43:20.963][info] [#0:script/workspace/loading.lua:100]: Preload file at: file:///home/mikep/.dotfiles/scripts/.local/share/nvim/mason/packages/lua-language-server/libexec/meta/3rd/Cocos4.0/library/cc/Waves.lua , size = 2.664 KB
[08:43:20.964][info] [#0:script/workspace/loading.lua:100]: Preload file at: file:///home/mikep/.dotfiles/scripts/.local/share/nvim/mason/packages/lua-language-server/libexec/meta/3rd/Cocos4.0/library/cc/Hide.lua , size = 0.449 KB
[08:43:20.964][info] [#0:script/workspace/loading.lua:100]: Preload file at: file:///home/mikep/.dotfiles/scripts/.local/share/nvim/mason/packages/lua-language-server/libexec/meta/3rd/Cocos4.0/library/cc/FiniteTimeAction.lua , size = 0.576 KB
[08:43:20.965][info] [#0:script/workspace/loading.lua:100]: Preload file at: file:///home/mikep/.dotfiles/scripts/.local/share/nvim/mason/packages/lua-language-server/libexec/meta/3rd/Cocos4.0/library/cc/ActionFloat.lua , size = 1.166 KB
[08:43:20.966][info] [#0:script/workspace/loading.lua:100]: Preload file at: file:///home/mikep/.dotfiles/scripts/.local/share/nvim/mason/packages/lua-language-server/libexec/meta/3rd/Cocos4.0/library/cc/EaseCubicActionInOut.lua , size = 0.535 KB
[08:43:20.966][info] [#0:script/workspace/loading.lua:100]: Preload file at: file:///home/mikep/.dotfiles/scripts/.local/share/nvim/mason/packages/lua-language-server/libexec/meta/3rd/Cocos4.0/library/cc/SpriteFrame.lua , size = 6.188 KB
[08:43:20.969][info] [#0:script/workspace/loading.lua:100]: Preload file at: file:///home/mikep/.dotfiles/scripts/.local/share/nvim/mason/packages/lua-language-server/libexec/meta/3rd/Cocos4.0/library/cc/EaseElastic.lua , size = 0.863 KB
[08:43:20.970][info] [#0:script/workspace/loading.lua:100]: Preload file at: file:///home/mikep/.dotfiles/scripts/.local/share/nvim/mason/packages/lua-language-server/libexec/meta/3rd/Cocos4.0/library/cc/MenuItem.lua , size = 0.875 KB
[08:43:20.971][info] [#0:script/workspace/loading.lua:100]: Preload file at: file:///home/mikep/.dotfiles/scripts/.local/share/nvim/mason/packages/lua-language-server/libexec/meta/3rd/Cocos4.0/library/cc/TransitionMoveInR.lua , size = 0.499 KB
[08:43:20.971][info] [#0:script/workspace/loading.lua:100]: Preload file at: file:///home/mikep/.dotfiles/scripts/.local/share/nvim/mason/packages/lua-language-server/libexec/meta/3rd/Cocos4.0/library/cc/LayerGradient.lua , size = 3.321 KB
[08:43:20.972][info] [#0:script/workspace/loading.lua:100]: Preload file at: file:///home/mikep/.dotfiles/scripts/.local/share/nvim/mason/packages/lua-language-server/libexec/meta/3rd/Cocos4.0/library/cc/Sprite.lua , size = 12.740 KB
[08:43:20.977][info] [#0:script/workspace/loading.lua:100]: Preload file at: file:///home/mikep/.dotfiles/scripts/.local/share/nvim/mason/packages/lua-language-server/libexec/meta/3rd/Cocos4.0/library/cc/EventListenerKeyboard.lua , size = 0.434 KB
[08:43:20.979][info] [#0:script/workspace/loading.lua:100]: Preload file at: file:///home/mikep/.dotfiles/scripts/.local/share/nvim/mason/packages/lua-language-server/libexec/meta/3rd/Cocos4.0/library/cc/ActionInstant.lua , size = 0.576 KB
[08:43:20.980][info] [#0:script/workspace/loading.lua:100]: Preload file at: file:///home/mikep/.dotfiles/scripts/.local/share/nvim/mason/packages/lua-language-server/libexec/meta/3rd/Cocos4.0/library/cc/EventAcceleration.lua , size = 0.118 KB
[08:43:20.981][info] [#0:script/workspace/loading.lua:100]: Preload file at: file:///home/mikep/.dotfiles/scripts/.local/share/nvim/mason/packages/lua-language-server/libexec/meta/3rd/Cocos4.0/library/cc/EventListenerTouchAllAtOnce.lua , size = 0.486 KB
[08:43:20.981][info] [#0:script/workspace/loading.lua:100]: Preload file at: file:///home/mikep/.dotfiles/scripts/.local/share/nvim/mason/packages/lua-language-server/libexec/meta/3rd/Cocos4.0/library/cc/TintTo.lua , size = 1.016 KB
[08:43:20.982][info] [#0:script/workspace/loading.lua:100]: Preload file at: file:///home/mikep/.dotfiles/scripts/.local/share/nvim/mason/packages/lua-language-server/libexec/meta/3rd/Cocos4.0/library/cc/Twirl.lua , size = 2.854 KB
[08:43:20.983][info] [#0:script/workspace/loading.lua:100]: Preload file at: file:///home/mikep/.dotfiles/scripts/.local/share/nvim/mason/packages/lua-language-server/libexec/meta/3rd/Cocos4.0/library/cc/MenuItemAtlasFont.lua , size = 0.563 KB
[08:43:20.983][info] [#0:script/workspace/loading.lua:100]: Preload file at: file:///home/mikep/.dotfiles/scripts/.local/share/nvim/mason/packages/lua-language-server/libexec/meta/3rd/Cocos4.0/library/cc/ControlSlider.lua , size = 3.020 KB
[08:43:20.985][info] [#0:script/workspace/loading.lua:100]: Preload file at: file:///home/mikep/.dotfiles/scripts/.local/share/nvim/mason/packages/lua-language-server/libexec/meta/3rd/Cocos4.0/library/cc/ProgressTimer.lua , size = 3.866 KB
[08:43:20.987][info] [#0:script/workspace/loading.lua:100]: Preload file at: file:///home/mikep/.dotfiles/scripts/.local/share/nvim/mason/packages/lua-language-server/libexec/meta/3rd/Cocos4.0/library/cc/WavesTiles3D.lua , size = 2.386 KB
[08:43:20.989][info] [#0:script/workspace/loading.lua:100]: Preload file at: file:///home/mikep/.dotfiles/scripts/.local/share/nvim/mason/packages/lua-language-server/libexec/meta/3rd/Cocos4.0/library/cc/TableViewCell.lua , size = 0.547 KB
[08:43:20.989][info] [#0:script/workspace/loading.lua:100]: Preload file at: file:///home/mikep/.dotfiles/scripts/.local/share/nvim/mason/packages/lua-language-server/libexec/meta/3rd/Cocos4.0/library/cc/Sprite3D.lua , size = 3.923 KB
[08:43:20.991][info] [#0:script/workspace/loading.lua:100]: Preload file at: file:///home/mikep/.dotfiles/scripts/.local/share/nvim/mason/packages/lua-language-server/libexec/meta/3rd/Cocos4.0/library/cc/Ref.lua , size = 0.658 KB
[08:43:20.992][info] [#0:script/workspace/loading.lua:100]: Preload file at: file:///home/mikep/.dotfiles/scripts/.local/share/nvim/mason/packages/lua-language-server/libexec/meta/3rd/Cocos4.0/library/cc/PolygonInfo.lua , size = 2.018 KB
[08:43:20.992][info] [#0:script/workspace/loading.lua:100]: Preload file at: file:///home/mikep/.dotfiles/scripts/.local/share/nvim/mason/packages/lua-language-server/libexec/meta/3rd/Cocos4.0/library/cc/EaseCubicActionIn.lua , size = 0.506 KB
[08:43:20.994][info] [#0:script/workspace/loading.lua:100]: Preload file at: file:///home/mikep/.dotfiles/scripts/.local/share/nvim/mason/packages/lua-language-server/libexec/meta/3rd/Cocos4.0/library/cc/PhysicsShapePolygon.lua , size = 0.770 KB
[08:43:20.995][info] [#0:script/workspace/loading.lua:100]: Preload file at: file:///home/mikep/.dotfiles/scripts/.local/share/nvim/mason/packages/lua-language-server/libexec/meta/3rd/Cocos4.0/library/cc/Label.lua , size = 13.549 KB
[08:43:21.001][info] [#0:script/workspace/loading.lua:100]: Preload file at: file:///home/mikep/.dotfiles/scripts/.local/share/nvim/mason/packages/lua-language-server/libexec/meta/3rd/Cocos4.0/library/cc/EaseBackInOut.lua , size = 0.467 KB
[08:43:21.002][info] [#0:script/workspace/loading.lua:100]: Preload file at: file:///home/mikep/.dotfiles/scripts/.local/share/nvim/mason/packages/lua-language-server/libexec/meta/3rd/Cocos4.0/library/cc/TransitionJumpZoom.lua , size = 0.505 KB
[08:43:21.003][info] [#0:script/workspace/loading.lua:100]: Preload file at: file:///home/mikep/.dotfiles/scripts/.local/share/nvim/mason/packages/lua-language-server/libexec/meta/3rd/Cocos4.0/library/cc/ParticleSmoke.lua , size = 0.820 KB
[08:43:21.004][info] [#0:script/workspace/loading.lua:100]: Preload file at: file:///home/mikep/.dotfiles/scripts/.local/share/nvim/mason/packages/lua-language-server/libexec/meta/3rd/Cocos4.0/library/cc/TableView.lua , size = 2.298 KB
[08:43:21.005][info] [#0:script/workspace/loading.lua:100]: Preload file at: file:///home/mikep/.dotfiles/scripts/.local/share/nvim/mason/packages/lua-language-server/libexec/meta/3rd/Cocos4.0/library/cc/CatmullRomTo.lua , size = 0.471 KB
[08:43:21.006][info] [#0:script/workspace/loading.lua:100]: Preload file at: file:///home/mikep/.dotfiles/scripts/.local/share/nvim/mason/packages/lua-language-server/libexec/meta/3rd/Cocos4.0/library/cc/EventMouse.lua , size = 3.103 KB
[08:43:21.007][info] [#0:script/workspace/loading.lua:100]: Preload file at: file:///home/mikep/.dotfiles/scripts/.local/share/nvim/mason/packages/lua-language-server/libexec/meta/3rd/Cocos4.0/library/cc/ActionEase.lua , size = 0.699 KB
[08:43:21.008][info] [#0:script/workspace/loading.lua:100]: Preload file at: file:///home/mikep/.dotfiles/scripts/.local/share/nvim/mason/packages/lua-language-server/libexec/meta/3rd/Cocos4.0/library/cc/TransitionFadeTR.lua , size = 1.082 KB
[08:43:21.009][info] [#0:script/workspace/loading.lua:100]: Preload file at: file:///home/mikep/.dotfiles/scripts/.local/share/nvim/mason/packages/lua-language-server/libexec/meta/3rd/Cocos4.0/library/cc/Physics3DConstraint.lua , size = 1.571 KB
[08:43:21.010][info] [#0:script/workspace/loading.lua:100]: Preload file at: file:///home/mikep/.dotfiles/scripts/.local/share/nvim/mason/packages/lua-language-server/libexec/meta/3rd/Cocos4.0/library/cc/EaseCircleActionInOut.lua , size = 0.545 KB
[08:43:21.011][info] [#0:script/workspace/loading.lua:100]: Preload file at: file:///home/mikep/.dotfiles/scripts/.local/share/nvim/mason/packages/lua-language-server/libexec/meta/3rd/Cocos4.0/library/cc/EaseElasticInOut.lua , size = 0.524 KB
[08:43:21.012][info] [#0:script/workspace/loading.lua:100]: Preload file at: file:///home/mikep/.dotfiles/scripts/.local/share/nvim/mason/packages/lua-language-server/libexec/meta/3rd/Cocos4.0/library/cc/ParticleMeteor.lua , size = 0.834 KB
[08:43:21.013][info] [#0:script/workspace/loading.lua:100]: Preload file at: file:///home/mikep/.dotfiles/scripts/.local/share/nvim/mason/packages/lua-language-server/libexec/meta/3rd/Cocos4.0/library/cc/CameraBackgroundDepthBrush.lua , size = 0.953 KB
[08:43:21.014][info] [#0:script/workspace/loading.lua:100]: Preload file at: file:///home/mikep/.dotfiles/scripts/.local/share/nvim/mason/packages/lua-language-server/libexec/meta/3rd/Cocos4.0/library/cc/ParticleSnow.lua , size = 0.807 KB
[08:43:21.014][info] [#0:script/workspace/loading.lua:100]: Preload file at: file:///home/mikep/.dotfiles/scripts/.local/share/nvim/mason/packages/lua-language-server/libexec/meta/3rd/Cocos4.0/library/cc/TransitionProgressHorizontal.lua , size = 0.595 KB
[08:43:21.015][info] [#0:script/workspace/loading.lua:100]: Preload file at: file:///home/mikep/.dotfiles/scripts/.local/share/nvim/mason/packages/lua-language-server/libexec/meta/3rd/Cocos4.0/library/cc/Physics3DConeTwistConstraint.lua , size = 3.545 KB
[08:43:21.017][info] [#0:script/workspace/loading.lua:100]: Preload file at: file:///home/mikep/.dotfiles/scripts/.local/share/nvim/mason/packages/lua-language-server/libexec/meta/3rd/Cocos4.0/library/cc/ParticleSpiral.lua , size = 0.834 KB
[08:43:21.018][info] [#0:script/workspace/loading.lua:100]: Preload file at: file:///home/mikep/.dotfiles/scripts/.local/share/nvim/mason/packages/lua-language-server/libexec/meta/3rd/Cocos4.0/library/cc/Skeleton3D.lua , size = 0.938 KB
[08:43:21.019][info] [#0:script/workspace/loading.lua:100]: Preload file at: file:///home/mikep/.dotfiles/scripts/.local/share/nvim/mason/packages/lua-language-server/libexec/meta/3rd/Cocos4.0/library/cc/FlipY3D.lua , size = 0.564 KB
[08:43:21.019][info] [#0:script/workspace/loading.lua:100]: Preload file at: file:///home/mikep/.dotfiles/scripts/.local/share/nvim/mason/packages/lua-language-server/libexec/meta/3rd/Cocos4.0/library/cc/GLView.lua , size = 7.335 KB
[08:43:21.022][info] [#0:script/workspace/loading.lua:100]: Preload file at: file:///home/mikep/.dotfiles/scripts/.local/share/nvim/mason/packages/lua-language-server/libexec/meta/3rd/Cocos4.0/library/cc/ParticleSun.lua , size = 0.793 KB
[08:43:21.023][info] [#0:script/workspace/loading.lua:100]: Preload file at: file:///home/mikep/.dotfiles/scripts/.local/share/nvim/mason/packages/lua-language-server/libexec/meta/3rd/Cocos4.0/library/cc/TransitionPageTurn.lua , size = 1.913 KB
[08:43:21.024][info] [#0:script/workspace/loading.lua:100]: Preload file at: file:///home/mikep/.dotfiles/scripts/.local/share/nvim/mason/packages/lua-language-server/libexec/meta/3rd/Cocos4.0/library/cc/Bundle3D.lua , size = 1.631 KB
[08:43:21.026][info] [#0:script/workspace/loading.lua:100]: Preload file at: file:///home/mikep/.dotfiles/scripts/.local/share/nvim/mason/packages/lua-language-server/libexec/meta/3rd/Cocos4.0/library/cc/BillBoard.lua , size = 1.239 KB
[08:43:21.027][info] [#0:script/workspace/loading.lua:100]: Preload file at: file:///home/mikep/.dotfiles/scripts/.local/share/nvim/mason/packages/lua-language-server/libexec/meta/3rd/Cocos4.0/library/cc/Component.lua , size = 0.790 KB
[08:43:21.027][info] [#0:script/workspace/loading.lua:100]: Preload file at: file:///home/mikep/.dotfiles/scripts/.local/share/nvim/mason/packages/lua-language-server/libexec/meta/3rd/Cocos4.0/library/cc/PhysicsContactPostSolve.lua , size = 0.472 KB
[08:43:21.028][info] [#0:script/workspace/loading.lua:100]: Preload file at: file:///home/mikep/.dotfiles/scripts/.local/share/nvim/mason/packages/lua-language-server/libexec/meta/3rd/Cocos4.0/library/cc/Grid3D.lua , size = 1.199 KB
[08:43:21.029][info] [#0:script/workspace/loading.lua:100]: Preload file at: file:///home/mikep/.dotfiles/scripts/.local/share/nvim/mason/packages/lua-language-server/libexec/meta/3rd/Cocos4.0/library/cc/CameraBackgroundBrush.lua , size = 2.170 KB
[08:43:21.030][info] [#0:script/workspace/loading.lua:100]: Preload file at: file:///home/mikep/.dotfiles/scripts/.local/share/nvim/mason/packages/lua-language-server/libexec/meta/3rd/Cocos4.0/library/cc/Device.lua , size = 1.037 KB
[08:43:21.031][info] [#0:script/workspace/loading.lua:100]: Preload file at: file:///home/mikep/.dotfiles/scripts/.local/share/nvim/mason/packages/lua-language-server/libexec/meta/3rd/Cocos4.0/library/cc/Application.lua , size = 1.189 KB
[08:43:21.032][info] [#0:script/workspace/loading.lua:100]: Preload file at: file:///home/mikep/.dotfiles/scripts/.local/share/nvim/mason/packages/lua-language-server/libexec/meta/3rd/Cocos4.0/library/cc/ActionCamera.lua , size = 0.957 KB
[08:43:21.033][info] [#0:script/workspace/loading.lua:100]: Preload file at: file:///home/mikep/.dotfiles/scripts/.local/share/nvim/mason/packages/lua-language-server/libexec/meta/3rd/Cocos4.0/library/cc/BaseLight.lua , size = 0.796 KB
[08:43:21.034][info] [#0:script/workspace/loading.lua:100]: Preload file at: file:///home/mikep/.dotfiles/scripts/.local/share/nvim/mason/packages/lua-language-server/libexec/meta/3rd/Cocos4.0/library/cc/EventListenerAcceleration.lua , size = 0.504 KB
[08:43:21.034][info] [#0:script/workspace/loading.lua:100]: Preload file at: file:///home/mikep/.dotfiles/scripts/.local/share/nvim/mason/packages/lua-language-server/libexec/meta/3rd/Cocos4.0/library/cc/AmbientLight.lua , size = 0.414 KB
[08:43:21.035][info] [#0:script/workspace/loading.lua:100]: Preload file at: file:///home/mikep/.dotfiles/scripts/.local/share/nvim/mason/packages/lua-language-server/libexec/meta/3rd/Cocos4.0/library/cc/Speed.lua , size = 1.581 KB
[08:43:21.036][info] [#0:script/workspace/loading.lua:100]: Preload file at: file:///home/mikep/.dotfiles/scripts/.local/share/nvim/mason/packages/lua-language-server/libexec/meta/3rd/Cocos4.0/library/cc/EventListenerMouse.lua , size = 0.407 KB
[08:43:21.037][info] [#0:script/workspace/loading.lua:100]: Preload file at: file:///home/mikep/.dotfiles/scripts/.local/share/nvim/mason/packages/lua-language-server/libexec/meta/3rd/Cocos4.0/library/cc/TextureCache.lua , size = 3.850 KB
[08:43:21.038][info] [#0:script/workspace/loading.lua:100]: Preload file at: file:///home/mikep/.dotfiles/scripts/.local/share/nvim/mason/packages/lua-language-server/libexec/meta/3rd/Cocos4.0/library/cc/Renderer.lua , size = 9.653 KB
[08:43:21.042][info] [#0:script/workspace/loading.lua:100]: Preload file at: file:///home/mikep/.dotfiles/scripts/.local/share/nvim/mason/packages/lua-language-server/libexec/meta/3rd/Cocos4.0/library/cc/EaseSineOut.lua , size = 0.447 KB
[08:43:21.043][info] [#0:script/workspace/loading.lua:100]: Preload file at: file:///home/mikep/.dotfiles/scripts/.local/share/nvim/mason/packages/lua-language-server/libexec/meta/3rd/Cocos4.0/library/cc/EaseExponentialIn.lua , size = 0.506 KB
[08:43:21.044][info] [#0:script/workspace/loading.lua:100]: Preload file at: file:///home/mikep/.dotfiles/scripts/.local/share/nvim/mason/packages/lua-language-server/libexec/meta/3rd/Cocos4.0/library/cc/ControlSwitch.lua , size = 2.275 KB
[08:43:21.045][info] [#0:script/workspace/loading.lua:100]: Preload file at: file:///home/mikep/.dotfiles/scripts/.local/share/nvim/mason/packages/lua-language-server/libexec/meta/3rd/Cocos4.0/library/cc/JumpTiles3D.lua , size = 2.396 KB
[08:43:21.046][info] [#0:script/workspace/loading.lua:100]: Preload file at: file:///home/mikep/.dotfiles/scripts/.local/share/nvim/mason/packages/lua-language-server/libexec/meta/3rd/Cocos4.0/library/cc/PageTurn3D.lua , size = 0.713 KB
[08:43:21.047][info] [#0:script/workspace/loading.lua:100]: Preload file at: file:///home/mikep/.dotfiles/scripts/.local/share/nvim/mason/packages/lua-language-server/libexec/meta/3rd/Cocos4.0/library/cc/ParticleSystemQuad.lua , size = 1.807 KB
[08:43:21.047][info] [#0:script/workspace/loading.lua:100]: Preload file at: file:///home/mikep/.dotfiles/scripts/.local/share/nvim/mason/packages/lua-language-server/libexec/meta/3rd/Cocos4.0/library/cc/MotionStreak.lua , size = 3.785 KB
[08:43:21.050][info] [#0:script/workspace/loading.lua:100]: Preload file at: file:///home/mikep/.dotfiles/scripts/.local/share/nvim/mason/packages/lua-language-server/libexec/meta/3rd/Cocos4.0/library/cc/TiledGrid3D.lua , size = 0.811 KB
[08:43:21.051][info] [#0:script/workspace/loading.lua:100]: Preload file at: file:///home/mikep/.dotfiles/scripts/.local/share/nvim/mason/packages/lua-language-server/libexec/meta/3rd/Cocos4.0/library/cc/Touch.lua , size = 2.216 KB
[08:43:21.052][info] [#0:script/workspace/loading.lua:100]: Preload file at: file:///home/mikep/.dotfiles/scripts/.local/share/nvim/mason/packages/lua-language-server/libexec/meta/3rd/Cocos4.0/library/cc/TransitionCrossFade.lua , size = 0.693 KB
[08:43:21.053][info] [#0:script/workspace/loading.lua:100]: Preload file at: file:///home/mikep/.dotfiles/scripts/.local/share/nvim/mason/packages/lua-language-server/libexec/meta/3rd/Cocos4.0/library/cc/PhysicsShapeEdgeSegment.lua , size = 1.123 KB
[08:43:21.053][info] [#0:script/workspace/loading.lua:100]: Preload file at: file:///home/mikep/.dotfiles/scripts/.local/share/nvim/mason/packages/lua-language-server/libexec/meta/3rd/Cocos4.0/library/cc/TransitionSlideInB.lua , size = 0.657 KB
[08:43:21.054][info] [#0:script/workspace/loading.lua:100]: Preload file at: file:///home/mikep/.dotfiles/scripts/.local/share/nvim/mason/packages/lua-language-server/libexec/meta/3rd/Cocos4.0/library/cc/LayerMultiplex.lua , size = 1.159 KB
[08:43:21.055][info] [#0:script/workspace/loading.lua:100]: Preload file at: file:///home/mikep/.dotfiles/scripts/.local/share/nvim/mason/packages/lua-language-server/libexec/meta/3rd/Cocos4.0/library/cc/AssetsManagerEx.lua , size = 2.475 KB
[08:43:21.056][info] [#0:script/workspace/loading.lua:100]: Preload file at: file:///home/mikep/.dotfiles/scripts/.local/share/nvim/mason/packages/lua-language-server/libexec/meta/3rd/Cocos4.0/library/cc/JumpTo.lua , size = 0.987 KB
[08:43:21.057][info] [#0:script/workspace/loading.lua:100]: Preload file at: file:///home/mikep/.dotfiles/scripts/.local/share/nvim/mason/packages/lua-language-server/libexec/meta/3rd/Cocos4.0/library/cc/EaseQuarticActionOut.lua , size = 0.535 KB
[08:43:21.058][info] [#0:script/workspace/loading.lua:100]: Preload file at: file:///home/mikep/.dotfiles/scripts/.local/share/nvim/mason/packages/lua-language-server/libexec/meta/3rd/Cocos4.0/library/cc/RemoveSelf.lua , size = 0.673 KB
[08:43:21.058][info] [#0:script/workspace/loading.lua:100]: Preload file at: file:///home/mikep/.dotfiles/scripts/.local/share/nvim/mason/packages/lua-language-server/libexec/meta/3rd/Cocos4.0/library/cc/CatmullRomBy.lua , size = 0.472 KB
[08:43:21.059][info] [#0:script/workspace/loading.lua:100]: Preload file at: file:///home/mikep/.dotfiles/scripts/.local/share/nvim/mason/packages/lua-language-server/libexec/meta/3rd/Cocos4.0/library/cc/TransitionProgressOutIn.lua , size = 0.556 KB
[08:43:21.060][info] [#0:script/workspace/loading.lua:100]: Preload file at: file:///home/mikep/.dotfiles/scripts/.local/share/nvim/mason/packages/lua-language-server/libexec/meta/3rd/Cocos4.0/library/cc/BezierTo.lua , size = 0.466 KB
[08:43:21.060][info] [#0:script/workspace/loading.lua:100]: Preload file at: file:///home/mikep/.dotfiles/scripts/.local/share/nvim/mason/packages/lua-language-server/libexec/meta/3rd/Cocos4.0/library/cc/ParticleFireworks.lua , size = 0.875 KB
[08:43:21.061][info] [#0:script/workspace/loading.lua:100]: Preload file at: file:///home/mikep/.dotfiles/scripts/.local/share/nvim/mason/packages/lua-language-server/libexec/meta/3rd/Cocos4.0/library/cc/Scene.lua , size = 1.938 KB
[08:43:21.062][info] [#0:script/workspace/loading.lua:100]: Preload file at: file:///home/mikep/.dotfiles/scripts/.local/share/nvim/mason/packages/lua-language-server/libexec/meta/3rd/Cocos4.0/library/cc/Mesh.lua , size = 2.224 KB
[08:43:21.063][info] [#0:script/workspace/loading.lua:100]: Preload file at: file:///home/mikep/.dotfiles/scripts/.local/share/nvim/mason/packages/lua-language-server/libexec/meta/3rd/Cocos4.0/library/cc/AssetsManager.lua , size = 1.511 KB
[08:43:21.064][info] [#0:script/workspace/loading.lua:100]: Preload file at: file:///home/mikep/.dotfiles/scripts/.local/share/nvim/mason/packages/lua-language-server/libexec/meta/3rd/Cocos4.0/library/cc/ParticleSystem.lua , size = 19.496 KB
[08:43:21.072][info] [#0:script/workspace/loading.lua:100]: Preload file at: file:///home/mikep/.dotfiles/scripts/.local/share/nvim/mason/packages/lua-language-server/libexec/meta/3rd/Cocos4.0/library/cc/ShaderCache.lua , size = 1.046 KB
[08:43:21.073][info] [#0:script/workspace/loading.lua:100]: Preload file at: file:///home/mikep/.dotfiles/scripts/.local/share/nvim/mason/packages/lua-language-server/libexec/meta/3rd/Cocos4.0/library/cc/TransitionFlipX.lua , size = 0.420 KB
[08:43:21.074][info] [#0:script/workspace/loading.lua:100]: Preload file at: file:///home/mikep/.dotfiles/scripts/.local/share/nvim/mason/packages/lua-language-server/libexec/meta/3rd/Cocos4.0/library/cc/EaseBackIn.lua , size = 0.438 KB
[08:43:21.075][info] [#0:script/workspace/loading.lua:100]: Preload file at: file:///home/mikep/.dotfiles/scripts/.local/share/nvim/mason/packages/lua-language-server/libexec/meta/3rd/Cocos4.0/library/cc/ControlColourPicker.lua , size = 1.431 KB
[08:43:21.076][info] [#0:script/workspace/loading.lua:100]: Preload file at: file:///home/mikep/.dotfiles/scripts/.local/share/nvim/mason/packages/lua-language-server/libexec/meta/3rd/Cocos4.0/library/cc/AutoPolygon.lua , size = 0.413 KB
[08:43:21.076][info] [#0:script/workspace/loading.lua:100]: Preload file at: file:///home/mikep/.dotfiles/scripts/.local/share/nvim/mason/packages/lua-language-server/libexec/meta/3rd/Cocos4.0/library/cc/Animate.lua , size = 1.420 KB
[08:43:21.077][info] [#0:script/workspace/loading.lua:100]: Preload file at: file:///home/mikep/.dotfiles/scripts/.local/share/nvim/mason/packages/lua-language-server/libexec/meta/3rd/Cocos4.0/library/cc/EaseRateAction.lua , size = 0.979 KB
[08:43:21.078][info] [#0:script/workspace/loading.lua:100]: Preload file at: file:///home/mikep/.dotfiles/scripts/.local/share/nvim/mason/packages/lua-language-server/libexec/meta/3rd/Cocos4.0/library/cc/PhysicsWorld.lua , size = 6.802 KB
[08:43:21.080][info] [#0:script/workspace/loading.lua:100]: Preload file at: file:///home/mikep/.dotfiles/scripts/.local/share/nvim/mason/packages/lua-language-server/libexec/meta/3rd/Cocos4.0/library/cc/PhysicsJointLimit.lua , size = 1.634 KB
[08:43:21.081][info] [#0:script/workspace/loading.lua:100]: Preload file at: file:///home/mikep/.dotfiles/scripts/.local/share/nvim/mason/packages/lua-language-server/libexec/meta/3rd/Cocos4.0/library/cc/SpotLight.lua , size = 2.281 KB
[08:43:21.082][info] [#0:script/workspace/loading.lua:100]: Preload file at: file:///home/mikep/.dotfiles/scripts/.local/share/nvim/mason/packages/lua-language-server/libexec/meta/3rd/Cocos4.0/library/cc/ParticleBatchNode.lua , size = 4.268 KB
[08:43:21.084][info] [#0:script/workspace/loading.lua:100]: Preload file at: file:///home/mikep/.dotfiles/scripts/.local/share/nvim/mason/packages/lua-language-server/libexec/meta/3rd/Cocos4.0/library/cc/Scheduler.lua , size = 1.086 KB
[08:43:21.084][info] [#0:script/workspace/loading.lua:100]: Preload file at: file:///home/mikep/.dotfiles/scripts/.local/share/nvim/mason/packages/lua-language-server/libexec/meta/3rd/Cocos4.0/library/cc/Physics3DPointToPointConstraint.lua , size = 1.821 KB
[08:43:21.086][info] [#0:script/workspace/loading.lua:100]: Preload file at: file:///home/mikep/.dotfiles/scripts/.local/share/nvim/mason/packages/lua-language-server/libexec/meta/3rd/Cocos4.0/library/cc/EventListenerPhysicsContactWithShapes.lua , size = 0.637 KB
[08:43:21.086][info] [#0:script/workspace/loading.lua:100]: Preload file at: file:///home/mikep/.dotfiles/scripts/.local/share/nvim/mason/packages/lua-language-server/libexec/meta/3rd/Cocos4.0/library/cc/MoveBy.lua , size = 0.901 KB
[08:43:21.087][info] [#0:script/workspace/loading.lua:100]: Preload file at: file:///home/mikep/.dotfiles/scripts/.local/share/nvim/mason/packages/lua-language-server/libexec/meta/3rd/Cocos4.0/library/cc/TransitionZoomFlipAngular.lua , size = 0.488 KB
[08:43:21.088][info] [#0:script/workspace/loading.lua:100]: Preload file at: file:///home/mikep/.dotfiles/scripts/.local/share/nvim/mason/packages/lua-language-server/libexec/meta/3rd/Cocos4.0/library/cc/LayerColor.lua , size = 2.000 KB
[08:43:21.089][info] [#0:script/workspace/loading.lua:100]: Preload file at: file:///home/mikep/.dotfiles/scripts/.local/share/nvim/mason/packages/lua-language-server/libexec/meta/3rd/Cocos4.0/library/cc/Camera.lua , size = 5.797 KB
[08:43:21.091][info] [#0:script/workspace/loading.lua:100]: Preload file at: file:///home/mikep/.dotfiles/scripts/.local/share/nvim/mason/packages/lua-language-server/libexec/meta/3rd/Cocos4.0/library/cc/TransitionMoveInB.lua , size = 0.499 KB
[08:43:21.092][info] [#0:script/workspace/loading.lua:100]: Preload file at: file:///home/mikep/.dotfiles/scripts/.local/share/nvim/mason/packages/lua-language-server/libexec/meta/3rd/Cocos4.0/library/cc/EaseQuinticActionOut.lua , size = 0.535 KB
[08:43:21.093][info] [#0:script/workspace/loading.lua:100]: Preload file at: file:///home/mikep/.dotfiles/scripts/.local/share/nvim/mason/packages/lua-language-server/libexec/meta/3rd/Cocos4.0/library/cc/PhysicsJointRotarySpring.lua , size = 1.456 KB
[08:43:21.093][info] [#0:script/workspace/loading.lua:100]: Preload file at: file:///home/mikep/.dotfiles/scripts/.local/share/nvim/mason/packages/lua-language-server/libexec/meta/3rd/Cocos4.0/library/cc/GLViewImpl.lua , size = 0.675 KB
[08:43:21.094][info] [#0:script/workspace/loading.lua:100]: Preload file at: file:///home/mikep/.dotfiles/scripts/.local/share/nvim/mason/packages/lua-language-server/libexec/meta/3rd/Cocos4.0/library/cc/ActionInterval.lua , size = 1.119 KB
[08:43:21.095][info] [#0:script/workspace/loading.lua:100]: Preload file at: file:///home/mikep/.dotfiles/scripts/.local/share/nvim/mason/packages/lua-language-server/libexec/meta/3rd/Cocos4.0/library/cc/Layer.lua , size = 0.352 KB
[08:43:21.095][info] [#0:script/workspace/loading.lua:100]: Preload file at: file:///home/mikep/.dotfiles/scripts/.local/share/nvim/mason/packages/lua-language-server/libexec/meta/3rd/Cocos4.0/library/cc/Place.lua , size = 0.648 KB
[08:43:21.096][info] [#0:script/workspace/loading.lua:100]: Preload file at: file:///home/mikep/.dotfiles/scripts/.local/share/nvim/mason/packages/lua-language-server/libexec/meta/3rd/Cocos4.0/library/cc/Show.lua , size = 0.450 KB
[08:43:21.097][info] [#0:script/workspace/loading.lua:100]: Preload file at: file:///home/mikep/.dotfiles/scripts/.local/share/nvim/mason/packages/lua-language-server/libexec/meta/3rd/Cocos4.0/library/cc/Material.lua , size = 2.894 KB
[08:43:21.098][info] [#0:script/workspace/loading.lua:100]: Preload file at: file:///home/mikep/.dotfiles/scripts/.local/share/nvim/mason/packages/lua-language-server/libexec/meta/3rd/Cocos4.0/library/cc/PhysicsShapeEdgeChain.lua , size = 0.418 KB
[08:43:21.098][info] [#0:script/workspace/loading.lua:100]: Preload file at: file:///home/mikep/.dotfiles/scripts/.local/share/nvim/mason/packages/lua-language-server/libexec/meta/3rd/Cocos4.0/library/cc/Texture2D.lua , size = 5.399 KB
[08:43:21.101][info] [#0:script/workspace/loading.lua:100]: Preload file at: file:///home/mikep/.dotfiles/scripts/.local/share/nvim/mason/packages/lua-language-server/libexec/meta/3rd/Cocos4.0/library/cc/EventAssetsManagerEx.lua , size = 1.123 KB
[08:43:21.102][info] [#0:script/workspace/loading.lua:100]: Preload file at: file:///home/mikep/.dotfiles/scripts/.local/share/nvim/mason/packages/lua-language-server/libexec/meta/3rd/Cocos4.0/library/cc/PhysicsJointDistance.lua , size = 0.918 KB
[08:43:21.103][info] [#0:script/workspace/loading.lua:100]: Preload file at: file:///home/mikep/.dotfiles/scripts/.local/share/nvim/mason/packages/lua-language-server/libexec/meta/3rd/Cocos4.0/library/cc/TransitionSlideInL.lua , size = 0.919 KB
[08:43:21.103][info] [#0:script/workspace/loading.lua:100]: Preload file at: file:///home/mikep/.dotfiles/scripts/.local/share/nvim/mason/packages/lua-language-server/libexec/meta/3rd/Cocos4.0/library/cc/ParallaxNode.lua , size = 1.611 KB
[08:43:21.104][info] [#0:script/workspace/loading.lua:100]: Preload file at: file:///home/mikep/.dotfiles/scripts/.local/share/nvim/mason/packages/lua-language-server/libexec/meta/3rd/Cocos4.0/library/cc/TransitionSlideInR.lua , size = 0.658 KB
[08:43:21.104][info] [#0:script/workspace/loading.lua:100]: Preload file at: file:///home/mikep/.dotfiles/scripts/.local/share/nvim/mason/packages/lua-language-server/libexec/meta/3rd/Cocos4.0/library/cc/ParticleSystem3D.lua , size = 2.620 KB
[08:43:21.106][info] [#0:script/workspace/loading.lua:100]: Preload file at: file:///home/mikep/.dotfiles/scripts/.local/share/nvim/mason/packages/lua-language-server/libexec/meta/3rd/Cocos4.0/library/cc/ShakyTiles3D.lua , size = 1.560 KB
[08:43:21.106][info] [#0:script/workspace/loading.lua:100]: Preload file at: file:///home/mikep/.dotfiles/scripts/.local/share/nvim/mason/packages/lua-language-server/libexec/meta/3rd/Cocos4.0/library/cc/MenuItemFont.lua , size = 1.579 KB
[08:43:21.107][info] [#0:script/workspace/loading.lua:100]: Preload file at: file:///home/mikep/.dotfiles/scripts/.local/share/nvim/mason/packages/lua-language-server/libexec/meta/3rd/Cocos4.0/library/cc/ScaleBy.lua , size = 0.639 KB
[08:43:21.108][info] [#0:script/workspace/loading.lua:100]: Preload file at: file:///home/mikep/.dotfiles/scripts/.local/share/nvim/mason/packages/lua-language-server/libexec/meta/3rd/Cocos4.0/library/cc/RepeatForever.lua , size = 1.188 KB
[08:43:21.109][info] [#0:script/workspace/loading.lua:100]: Preload file at: file:///home/mikep/.dotfiles/scripts/.local/share/nvim/mason/packages/lua-language-server/libexec/meta/3rd/Cocos4.0/library/cc/Timer.lua , size = 0.598 KB
[08:43:21.109][info] [#0:script/workspace/loading.lua:100]: Preload file at: file:///home/mikep/.dotfiles/scripts/.local/share/nvim/mason/packages/lua-language-server/libexec/meta/3rd/Cocos4.0/library/cc/FileUtils.lua , size = 16.089 KB
[08:43:21.113][info] [#0:script/workspace/loading.lua:100]: Preload file at: file:///home/mikep/.dotfiles/scripts/.local/share/nvim/mason/packages/lua-language-server/libexec/meta/3rd/Cocos4.0/library/cc/TransitionProgressRadialCCW.lua , size = 0.587 KB
[08:43:21.114][info] [#0:script/workspace/loading.lua:100]: Preload file at: file:///home/mikep/.dotfiles/scripts/.local/share/nvim/mason/packages/lua-language-server/libexec/meta/3rd/Cocos4.0/library/cc/EventDispatcher.lua , size = 5.170 KB
[08:43:21.116][info] [#0:script/workspace/loading.lua:100]: Preload file at: file:///home/mikep/.dotfiles/scripts/.local/share/nvim/mason/packages/lua-language-server/libexec/meta/3rd/Cocos4.0/library/cc/FadeOutBLTiles.lua , size = 0.792 KB
[08:43:21.116][info] [#0:script/workspace/loading.lua:100]: Preload file at: file:///home/mikep/.dotfiles/scripts/.local/share/nvim/mason/packages/lua-language-server/libexec/meta/3rd/Cocos4.0/library/cc/Technique.lua , size = 1.156 KB
[08:43:21.117][info] [#0:script/workspace/loading.lua:100]: Preload file at: file:///home/mikep/.dotfiles/scripts/.local/share/nvim/mason/packages/lua-language-server/libexec/meta/3rd/Cocos4.0/library/cc/ScaleTo.lua , size = 1.072 KB
[08:43:21.118][info] [#0:script/workspace/loading.lua:100]: Preload file at: file:///home/mikep/.dotfiles/scripts/.local/share/nvim/mason/packages/lua-language-server/libexec/meta/3rd/Cocos4.0/library/cc/TurnOffTiles.lua , size = 1.593 KB
[08:43:21.119][info] [#0:script/workspace/loading.lua:100]: Preload file at: file:///home/mikep/.dotfiles/scripts/.local/share/nvim/mason/packages/lua-language-server/libexec/meta/3rd/Cocos4.0/library/cc/TransitionMoveInT.lua , size = 0.499 KB
[08:43:21.120][info] [#0:script/workspace/loading.lua:100]: Preload file at: file:///home/mikep/.dotfiles/scripts/.local/share/nvim/mason/packages/lua-language-server/libexec/meta/3rd/Cocos4.0/library/cc/FadeOutUpTiles.lua , size = 0.917 KB
[08:43:21.120][info] [#0:script/workspace/loading.lua:100]: Preload file at: file:///home/mikep/.dotfiles/scripts/.local/share/nvim/mason/packages/lua-language-server/libexec/meta/3rd/Cocos4.0/library/cc/SpriteBatchNode.lua , size = 6.760 KB
[08:43:21.123][info] [#0:script/workspace/loading.lua:100]: Preload file at: file:///home/mikep/.dotfiles/scripts/.local/share/nvim/mason/packages/lua-language-server/libexec/meta/3rd/Cocos4.0/library/cc/EaseQuadraticActionOut.lua , size = 0.555 KB
[08:43:21.123][info] [#0:script/workspace/loading.lua:100]: Preload file at: file:///home/mikep/.dotfiles/scripts/.local/share/nvim/mason/packages/lua-language-server/libexec/meta/3rd/Cocos4.0/library/cc/EaseBounce.lua , size = 0.096 KB
[08:43:21.124][info] [#0:script/workspace/loading.lua:100]: Preload file at: file:///home/mikep/.dotfiles/scripts/.local/share/nvim/mason/packages/lua-language-server/libexec/meta/3rd/Cocos4.0/library/cc/PhysicsSprite3D.lua , size = 0.651 KB
[08:43:21.124][info] [#0:script/workspace/loading.lua:100]: Preload file at: file:///home/mikep/.dotfiles/scripts/.local/share/nvim/mason/packages/lua-language-server/libexec/meta/3rd/Cocos4.0/library/ccs/ArmatureAnimation.lua , size = 3.269 KB
[08:43:21.126][info] [#0:script/workspace/loading.lua:100]: Preload file at: file:///home/mikep/.dotfiles/scripts/.local/share/nvim/mason/packages/lua-language-server/libexec/meta/3rd/Cocos4.0/library/cc/TransitionSplitCols.lua , size = 1.034 KB
[08:43:21.127][info] [#0:script/workspace/loading.lua:100]: Preload file at: file:///home/mikep/.dotfiles/scripts/.local/share/nvim/mason/packages/lua-language-server/libexec/meta/3rd/Cocos4.0/library/ccs/BoneData.lua , size = 0.453 KB
[08:43:21.128][info] [#0:script/workspace/loading.lua:100]: Preload file at: file:///home/mikep/.dotfiles/scripts/.local/share/nvim/mason/packages/lua-language-server/libexec/meta/3rd/Cocos4.0/library/ccs/ArmatureData.lua , size = 0.478 KB
[08:43:21.128][info] [#0:script/workspace/loading.lua:100]: Preload file at: file:///home/mikep/.dotfiles/scripts/.local/share/nvim/mason/packages/lua-language-server/libexec/meta/3rd/Cocos4.0/library/ccs/ComController.lua , size = 0.636 KB
[08:43:21.129][info] [#0:script/workspace/loading.lua:100]: Preload file at: file:///home/mikep/.dotfiles/scripts/.local/share/nvim/mason/packages/lua-language-server/libexec/meta/3rd/Cocos4.0/library/ccs/FrameData.lua , size = 0.297 KB
[08:43:21.129][info] [#0:script/workspace/loading.lua:100]: Preload file at: file:///home/mikep/.dotfiles/scripts/.local/share/nvim/mason/packages/lua-language-server/libexec/meta/3rd/Cocos4.0/library/ccs/ActionTimelineData.lua , size = 0.546 KB
[08:43:21.130][info] [#0:script/workspace/loading.lua:100]: Preload file at: file:///home/mikep/.dotfiles/scripts/.local/share/nvim/mason/packages/lua-language-server/libexec/meta/3rd/Cocos4.0/library/ccs/ComAudio.lua , size = 3.022 KB
[08:43:21.132][info] [#0:script/workspace/loading.lua:100]: Preload file at: file:///home/mikep/.dotfiles/scripts/.local/share/nvim/mason/packages/lua-language-server/libexec/meta/3rd/Cocos4.0/library/ccs/ActionMoveFrame.lua , size = 0.741 KB
[08:43:21.132][info] [#0:script/workspace/loading.lua:100]: Preload file at: file:///home/mikep/.dotfiles/scripts/.local/share/nvim/mason/packages/lua-language-server/libexec/meta/3rd/Cocos4.0/library/ccs/PlayableFrame.lua , size = 0.444 KB
[08:43:21.133][info] [#0:script/workspace/loading.lua:100]: Preload file at: file:///home/mikep/.dotfiles/scripts/.local/share/nvim/mason/packages/lua-language-server/libexec/meta/3rd/Cocos4.0/library/ccs/ArmatureDisplayData.lua , size = 0.279 KB
[08:43:21.133][info] [#0:script/workspace/loading.lua:100]: Preload file at: file:///home/mikep/.dotfiles/scripts/.local/share/nvim/mason/packages/lua-language-server/libexec/meta/3rd/Cocos4.0/library/ccs/DisplayManager.lua , size = 2.839 KB
[08:43:21.135][info] [#0:script/workspace/loading.lua:100]: Preload file at: file:///home/mikep/.dotfiles/scripts/.local/share/nvim/mason/packages/lua-language-server/libexec/meta/3rd/Cocos4.0/library/ccs/Bone.lua , size = 4.267 KB
[08:43:21.137][info] [#0:script/workspace/loading.lua:100]: Preload file at: file:///home/mikep/.dotfiles/scripts/.local/share/nvim/mason/packages/lua-language-server/libexec/meta/3rd/Cocos4.0/library/ccs/ActionTimeline.lua , size = 5.021 KB
[08:43:21.139][info] [#0:script/workspace/loading.lua:100]: Preload file at: file:///home/mikep/.dotfiles/scripts/.local/share/nvim/mason/packages/lua-language-server/libexec/meta/3rd/Cocos4.0/library/ccs/ActionScaleFrame.lua , size = 1.040 KB
[08:43:21.140][info] [#0:script/workspace/loading.lua:100]: Preload file at: file:///home/mikep/.dotfiles/scripts/.local/share/nvim/mason/packages/lua-language-server/libexec/meta/3rd/Cocos4.0/library/ccs/InnerActionFrame.lua , size = 1.219 KB
[08:43:21.141][info] [#0:script/workspace/loading.lua:100]: Preload file at: file:///home/mikep/.dotfiles/scripts/.local/share/nvim/mason/packages/lua-language-server/libexec/meta/3rd/Cocos4.0/library/ccs/Armature.lua , size = 3.898 KB
[08:43:21.143][info] [#0:script/workspace/loading.lua:100]: Preload file at: file:///home/mikep/.dotfiles/scripts/.local/share/nvim/mason/packages/lua-language-server/libexec/meta/3rd/Cocos4.0/library/ccs/Tween.lua , size = 1.704 KB
[08:43:21.144][info] [#0:script/workspace/loading.lua:100]: Preload file at: file:///home/mikep/.dotfiles/scripts/.local/share/nvim/mason/packages/lua-language-server/libexec/meta/3rd/Cocos4.0/library/ccs/ActionTintFrame.lua , size = 0.741 KB
[08:43:21.144][info] [#0:script/workspace/loading.lua:100]: Preload file at: file:///home/mikep/.dotfiles/scripts/.local/share/nvim/mason/packages/lua-language-server/libexec/meta/3rd/Cocos4.0/library/ccs/RotationFrame.lua , size = 0.438 KB
[08:43:21.145][info] [#0:script/workspace/loading.lua:100]: Preload file at: file:///home/mikep/.dotfiles/scripts/.local/share/nvim/mason/packages/lua-language-server/libexec/meta/3rd/Cocos4.0/library/ccs/ActionFadeFrame.lua , size = 0.736 KB
[08:43:21.146][info] [#0:script/workspace/loading.lua:100]: Preload file at: file:///home/mikep/.dotfiles/scripts/.local/share/nvim/mason/packages/lua-language-server/libexec/meta/3rd/Cocos4.0/library/ccs/EventFrame.lua , size = 0.530 KB
[08:43:21.146][info] [#0:script/workspace/loading.lua:100]: Preload file at: file:///home/mikep/.dotfiles/scripts/.local/share/nvim/mason/packages/lua-language-server/libexec/meta/3rd/Cocos4.0/library/ccs/Frame.lua , size = 1.132 KB
[08:43:21.147][info] [#0:script/workspace/loading.lua:100]: Preload file at: file:///home/mikep/.dotfiles/scripts/.local/share/nvim/mason/packages/lua-language-server/libexec/meta/3rd/Cocos4.0/library/ccs/BaseData.lua , size = 0.344 KB
[08:43:21.147][info] [#0:script/workspace/loading.lua:100]: Preload file at: file:///home/mikep/.dotfiles/scripts/.local/share/nvim/mason/packages/lua-language-server/libexec/meta/3rd/Cocos4.0/library/ccs/ActionManagerEx.lua , size = 1.501 KB
[08:43:21.148][info] [#0:script/workspace/loading.lua:100]: Preload file at: file:///home/mikep/.dotfiles/scripts/.local/share/nvim/mason/packages/lua-language-server/libexec/meta/3rd/Cocos4.0/library/ccs/RotationSkewFrame.lua , size = 0.319 KB
[08:43:21.149][info] [#0:script/workspace/loading.lua:100]: Preload file at: file:///home/mikep/.dotfiles/scripts/.local/share/nvim/mason/packages/lua-language-server/libexec/meta/3rd/Cocos4.0/library/ccs/ScaleFrame.lua , size = 0.623 KB
[08:43:21.149][info] [#0:script/workspace/loading.lua:100]: Preload file at: file:///home/mikep/.dotfiles/scripts/.local/share/nvim/mason/packages/lua-language-server/libexec/meta/3rd/Cocos4.0/library/ccs/GUIReader.lua , size = 0.647 KB
[08:43:21.150][info] [#0:script/workspace/loading.lua:100]: Preload file at: file:///home/mikep/.dotfiles/scripts/.local/share/nvim/mason/packages/lua-language-server/libexec/meta/3rd/Cocos4.0/library/ccs/ActionTimelineNode.lua , size = 0.868 KB
[08:43:21.151][info] [#0:script/workspace/loading.lua:100]: Preload file at: file:///home/mikep/.dotfiles/scripts/.local/share/nvim/mason/packages/lua-language-server/libexec/meta/3rd/Cocos4.0/library/ccs/Skin.lua , size = 1.188 KB
[08:43:21.151][info] [#0:script/workspace/loading.lua:100]: Preload file at: file:///home/mikep/.dotfiles/scripts/.local/share/nvim/mason/packages/lua-language-server/libexec/meta/3rd/Cocos4.0/library/ccs/ParticleDisplayData.lua , size = 0.279 KB
[08:43:21.152][info] [#0:script/workspace/loading.lua:100]: Preload file at: file:///home/mikep/.dotfiles/scripts/.local/share/nvim/mason/packages/lua-language-server/libexec/meta/3rd/Cocos4.0/library/ccs/AnchorPointFrame.lua , size = 0.478 KB
[08:43:21.152][info] [#0:script/workspace/loading.lua:100]: Preload file at: file:///home/mikep/.dotfiles/scripts/.local/share/nvim/mason/packages/lua-language-server/libexec/meta/3rd/Cocos4.0/library/ccs/ContourData.lua , size = 0.360 KB
[08:43:21.153][info] [#0:script/workspace/loading.lua:100]: Preload file at: file:///home/mikep/.dotfiles/scripts/.local/share/nvim/mason/packages/lua-language-server/libexec/meta/3rd/Cocos4.0/library/ccs/ActionTimelineCache.lua , size = 1.675 KB
[08:43:21.154][info] [#0:script/workspace/loading.lua:100]: Preload file at: file:///home/mikep/.dotfiles/scripts/.local/share/nvim/mason/packages/lua-language-server/libexec/meta/3rd/Cocos4.0/library/ccs/SceneReader.lua , size = 0.712 KB
[08:43:21.154][info] [#0:script/workspace/loading.lua:100]: Preload file at: file:///home/mikep/.dotfiles/scripts/.local/share/nvim/mason/packages/lua-language-server/libexec/meta/3rd/Cocos4.0/library/ccs/ArmatureDataManager.lua , size = 3.567 KB
[08:43:21.156][info] [#0:script/workspace/loading.lua:100]: Preload file at: file:///home/mikep/.dotfiles/scripts/.local/share/nvim/mason/packages/lua-language-server/libexec/meta/3rd/Cocos4.0/library/ccs/ComRender.lua , size = 0.688 KB
[08:43:21.156][info] [#0:script/workspace/loading.lua:100]: Preload file at: file:///home/mikep/.dotfiles/scripts/.local/share/nvim/mason/packages/lua-language-server/libexec/meta/3rd/Cocos4.0/library/ccs/PositionFrame.lua , size = 0.702 KB
[08:43:21.157][info] [#0:script/workspace/loading.lua:100]: Preload file at: file:///home/mikep/.dotfiles/scripts/.local/share/nvim/mason/packages/lua-language-server/libexec/meta/3rd/Cocos4.0/library/ccs/AlphaFrame.lua , size = 0.413 KB
[08:43:21.157][info] [#0:script/workspace/loading.lua:100]: Preload file at: file:///home/mikep/.dotfiles/scripts/.local/share/nvim/mason/packages/lua-language-server/libexec/meta/3rd/Cocos4.0/library/ccs/ActionFrame.lua , size = 1.789 KB
[08:43:21.158][info] [#0:script/workspace/loading.lua:100]: Preload file at: file:///home/mikep/.dotfiles/scripts/.local/share/nvim/mason/packages/lua-language-server/libexec/meta/3rd/Cocos4.0/library/ccs/TextureFrame.lua , size = 0.524 KB
[08:43:21.159][info] [#0:script/workspace/loading.lua:100]: Preload file at: file:///home/mikep/.dotfiles/scripts/.local/share/nvim/mason/packages/lua-language-server/libexec/meta/3rd/Cocos4.0/library/ccs/SkeletonNode.lua , size = 1.130 KB
[08:43:21.159][info] [#0:script/workspace/loading.lua:100]: Preload file at: file:///home/mikep/.dotfiles/scripts/.local/share/nvim/mason/packages/lua-language-server/libexec/meta/3rd/Cocos4.0/library/ccs/ComAttribute.lua , size = 1.303 KB
[08:43:21.160][info] [#0:script/workspace/loading.lua:100]: Preload file at: file:///home/mikep/.dotfiles/scripts/.local/share/nvim/mason/packages/lua-language-server/libexec/meta/3rd/Cocos4.0/library/ccs/SpriteDisplayData.lua , size = 0.371 KB
[08:43:21.161][info] [#0:script/workspace/loading.lua:100]: Preload file at: file:///home/mikep/.dotfiles/scripts/.local/share/nvim/mason/packages/lua-language-server/libexec/meta/3rd/Cocos4.0/library/ccs/MovementBoneData.lua , size = 0.514 KB
[08:43:21.161][info] [#0:script/workspace/loading.lua:100]: Preload file at: file:///home/mikep/.dotfiles/scripts/.local/share/nvim/mason/packages/lua-language-server/libexec/meta/3rd/Cocos4.0/library/ccs/ComExtensionData.lua , size = 0.883 KB
[08:43:21.162][info] [#0:script/workspace/loading.lua:100]: Preload file at: file:///home/mikep/.dotfiles/scripts/.local/share/nvim/mason/packages/lua-language-server/libexec/meta/3rd/Cocos4.0/library/ccs/BoneNode.lua , size = 3.379 KB
[08:43:21.164][info] [#0:script/workspace/loading.lua:100]: Preload file at: file:///home/mikep/.dotfiles/scripts/.local/share/nvim/mason/packages/lua-language-server/libexec/meta/3rd/Cocos4.0/library/ccs/BlendFuncFrame.lua , size = 0.466 KB
[08:43:21.165][info] [#0:script/workspace/loading.lua:100]: Preload file at: file:///home/mikep/.dotfiles/scripts/.local/share/nvim/mason/packages/lua-language-server/libexec/meta/3rd/Cocos4.0/library/ccs/TextureData.lua , size = 0.477 KB
[08:43:21.165][info] [#0:script/workspace/loading.lua:100]: Preload file at: file:///home/mikep/.dotfiles/scripts/.local/share/nvim/mason/packages/lua-language-server/libexec/meta/3rd/Cocos4.0/library/ccs/BatchNode.lua , size = 0.724 KB
[08:43:21.166][info] [#0:script/workspace/loading.lua:100]: Preload file at: file:///home/mikep/.dotfiles/scripts/.local/share/nvim/mason/packages/lua-language-server/libexec/meta/3rd/Cocos4.0/library/ccs/ColorFrame.lua , size = 0.413 KB
[08:43:21.167][info] [#0:script/workspace/loading.lua:100]: Preload file at: file:///home/mikep/.dotfiles/scripts/.local/share/nvim/mason/packages/lua-language-server/libexec/meta/3rd/Cocos4.0/library/ccs/Timeline.lua , size = 1.200 KB
[08:43:21.168][info] [#0:script/workspace/loading.lua:100]: Preload file at: file:///home/mikep/.dotfiles/scripts/.local/share/nvim/mason/packages/lua-language-server/libexec/meta/3rd/Cocos4.0/library/ccs/ActionRotationFrame.lua , size = 0.822 KB
[08:43:21.168][info] [#0:script/workspace/loading.lua:100]: Preload file at: file:///home/mikep/.dotfiles/scripts/.local/share/nvim/mason/packages/lua-language-server/libexec/meta/3rd/Cocos4.0/library/ccs/MovementData.lua , size = 0.459 KB
[08:43:21.169][info] [#0:script/workspace/loading.lua:100]: Preload file at: file:///home/mikep/.dotfiles/scripts/.local/share/nvim/mason/packages/lua-language-server/libexec/meta/3rd/Cocos4.0/library/ccs/DisplayData.lua , size = 0.426 KB
[08:43:21.169][info] [#0:script/workspace/loading.lua:100]: Preload file at: file:///home/mikep/.dotfiles/scripts/.local/share/nvim/mason/packages/lua-language-server/libexec/meta/3rd/Cocos4.0/library/ccs/VisibleFrame.lua , size = 0.428 KB
[08:43:21.170][info] [#0:script/workspace/loading.lua:100]: Preload file at: file:///home/mikep/.dotfiles/scripts/.local/share/nvim/mason/packages/lua-language-server/libexec/meta/3rd/Cocos4.0/library/ccs/ZOrderFrame.lua , size = 0.407 KB
[08:43:21.170][info] [#0:script/workspace/loading.lua:100]: Preload file at: file:///home/mikep/.dotfiles/scripts/.local/share/nvim/mason/packages/lua-language-server/libexec/meta/3rd/Cocos4.0/library/ccs/SkewFrame.lua , size = 0.522 KB
[08:43:21.171][info] [#0:script/workspace/loading.lua:100]: Preload file at: file:///home/mikep/.dotfiles/scripts/.local/share/nvim/mason/packages/lua-language-server/libexec/meta/3rd/Cocos4.0/library/ccs/ActionObject.lua , size = 2.502 KB
[08:43:21.172][info] [#0:script/workspace/loading.lua:100]: Preload file at: file:///home/mikep/.dotfiles/scripts/.local/share/nvim/mason/packages/lua-language-server/libexec/meta/3rd/Cocos4.0/library/global.lua , size = 2.785 KB
[08:43:21.173][info] [#0:script/workspace/loading.lua:100]: Preload file at: file:///home/mikep/.dotfiles/scripts/.local/share/nvim/mason/packages/lua-language-server/libexec/meta/3rd/Cocos4.0/library/ccs/AnimationData.lua , size = 0.509 KB
[08:43:21.174][info] [#0:script/workspace/loading.lua:100]: Preload file at: file:///home/mikep/.dotfiles/scripts/.local/share/nvim/mason/packages/lua-language-server/libexec/meta/3rd/Cocos4.0/library/ccui/RichElementCustomNode.lua , size = 1.259 KB
[08:43:21.174][info] [#0:script/workspace/loading.lua:100]: Preload file at: file:///home/mikep/.dotfiles/scripts/.local/share/nvim/mason/packages/lua-language-server/libexec/meta/3rd/Cocos4.0/library/ccui/Slider.lua , size = 6.250 KB
[08:43:21.177][info] [#0:script/workspace/loading.lua:100]: Preload file at: file:///home/mikep/.dotfiles/scripts/.local/share/nvim/mason/packages/lua-language-server/libexec/meta/3rd/Cocos4.0/library/ccui/Button.lua , size = 7.547 KB
[08:43:21.180][info] [#0:script/workspace/loading.lua:100]: Preload file at: file:///home/mikep/.dotfiles/scripts/.local/share/nvim/mason/packages/lua-language-server/libexec/meta/3rd/Cocos4.0/library/ccui/RichElementImage.lua , size = 1.804 KB
[08:43:21.181][info] [#0:script/workspace/loading.lua:100]: Preload file at: file:///home/mikep/.dotfiles/scripts/.local/share/nvim/mason/packages/lua-language-server/libexec/meta/3rd/Cocos4.0/library/ccui/RichElementText.lua , size = 3.038 KB
[08:43:21.182][info] [#0:script/workspace/loading.lua:100]: Preload file at: file:///home/mikep/.dotfiles/scripts/.local/share/nvim/mason/packages/lua-language-server/libexec/meta/3rd/Cocos4.0/library/ccui/TextBMFont.lua , size = 1.503 KB
[08:43:21.183][info] [#0:script/workspace/loading.lua:100]: Preload file at: file:///home/mikep/.dotfiles/scripts/.local/share/nvim/mason/packages/lua-language-server/libexec/meta/3rd/Cocos4.0/library/ccui/LinearLayoutParameter.lua , size = 1.047 KB
[08:43:21.183][info] [#0:script/workspace/loading.lua:100]: Preload file at: file:///home/mikep/.dotfiles/scripts/.local/share/nvim/mason/packages/lua-language-server/libexec/meta/3rd/Cocos4.0/library/ccui/Widget.lua , size = 16.001 KB
[08:43:21.188][info] [#0:script/workspace/loading.lua:100]: Preload file at: file:///home/mikep/.dotfiles/scripts/.local/share/nvim/mason/packages/lua-language-server/libexec/meta/3rd/Cocos4.0/library/ccui/TextField.lua , size = 8.536 KB
[08:43:21.191][info] [#0:script/workspace/loading.lua:100]: Preload file at: file:///home/mikep/.dotfiles/scripts/.local/share/nvim/mason/packages/lua-language-server/libexec/meta/3rd/Cocos4.0/library/ccui/TabControl.lua , size = 3.646 KB
[08:43:21.193][info] [#0:script/workspace/loading.lua:100]: Preload file at: file:///home/mikep/.dotfiles/scripts/.local/share/nvim/mason/packages/lua-language-server/libexec/meta/3rd/Cocos4.0/library/ccui/Layout.lua , size = 8.391 KB
[08:43:21.196][info] [#0:script/workspace/loading.lua:100]: Preload file at: file:///home/mikep/.dotfiles/scripts/.local/share/nvim/mason/packages/lua-language-server/libexec/meta/3rd/Cocos4.0/library/ccui/CheckBox.lua , size = 1.060 KB
[08:43:21.197][info] [#0:script/workspace/loading.lua:100]: Preload file at: file:///home/mikep/.dotfiles/scripts/.local/share/nvim/mason/packages/lua-language-server/libexec/meta/3rd/Cocos4.0/library/ccui/TabHeader.lua , size = 2.216 KB
[08:43:21.198][info] [#0:script/workspace/loading.lua:100]: Preload file at: file:///home/mikep/.dotfiles/scripts/.local/share/nvim/mason/packages/lua-language-server/libexec/meta/3rd/Cocos4.0/library/ccui/PageView.lua , size = 6.413 KB
[08:43:21.201][info] [#0:script/workspace/loading.lua:100]: Preload file at: file:///home/mikep/.dotfiles/scripts/.local/share/nvim/mason/packages/lua-language-server/libexec/meta/3rd/Cocos4.0/library/ccui/LoadingBar.lua , size = 2.740 KB
[08:43:21.202][info] [#0:script/workspace/loading.lua:100]: Preload file at: file:///home/mikep/.dotfiles/scripts/.local/share/nvim/mason/packages/lua-language-server/libexec/meta/3rd/Cocos4.0/library/ccui/Helper.lua , size = 2.862 KB
[08:43:21.203][info] [#0:script/workspace/loading.lua:100]: Preload file at: file:///home/mikep/.dotfiles/scripts/.local/share/nvim/mason/packages/lua-language-server/libexec/meta/3rd/Cocos4.0/library/ccui/RichElement.lua , size = 0.793 KB
[08:43:21.203][info] [#0:script/workspace/loading.lua:100]: Preload file at: file:///home/mikep/.dotfiles/scripts/.local/share/nvim/mason/packages/lua-language-server/libexec/meta/3rd/Cocos4.0/library/ccui/RelativeLayoutParameter.lua , size = 1.792 KB
[08:43:21.204][info] [#0:script/workspace/loading.lua:100]: Preload file at: file:///home/mikep/.dotfiles/scripts/.local/share/nvim/mason/packages/lua-language-server/libexec/meta/3rd/Cocos4.0/library/ccui/TextAtlas.lua , size = 2.216 KB
[08:43:21.205][info] [#0:script/workspace/loading.lua:100]: Preload file at: file:///home/mikep/.dotfiles/scripts/.local/share/nvim/mason/packages/lua-language-server/libexec/meta/3rd/Cocos4.0/library/ccui/ImageView.lua , size = 2.977 KB
[08:43:21.206][info] [#0:script/workspace/loading.lua:100]: Preload file at: file:///home/mikep/.dotfiles/scripts/.local/share/nvim/mason/packages/lua-language-server/libexec/meta/3rd/Cocos4.0/library/ccui/RadioButton.lua , size = 1.096 KB
[08:43:21.207][info] [#0:script/workspace/loading.lua:100]: Preload file at: file:///home/mikep/.dotfiles/scripts/.local/share/nvim/mason/packages/lua-language-server/libexec/meta/3rd/Cocos4.0/library/ccui/RichElementNewLine.lua , size = 0.649 KB
[08:43:21.208][info] [#0:script/workspace/loading.lua:100]: Preload file at: file:///home/mikep/.dotfiles/scripts/.local/share/nvim/mason/packages/lua-language-server/libexec/meta/3rd/Cocos4.0/library/ccui/WebView.lua , size = 2.722 KB
[08:43:21.209][info] [#0:script/workspace/loading.lua:100]: Preload file at: file:///home/mikep/.dotfiles/scripts/.local/share/nvim/mason/packages/lua-language-server/libexec/meta/3rd/Cocos4.0/library/ccui/LayoutComponent.lua , size = 9.731 KB
[08:43:21.212][info] [#0:script/workspace/loading.lua:100]: Preload file at: file:///home/mikep/.dotfiles/scripts/.local/share/nvim/mason/packages/lua-language-server/libexec/meta/3rd/Cocos4.0/library/ccui/RadioButtonGroup.lua , size = 2.799 KB
[08:43:21.213][info] [#0:script/workspace/loading.lua:100]: Preload file at: file:///home/mikep/.dotfiles/scripts/.local/share/nvim/mason/packages/lua-language-server/libexec/meta/3rd/Cocos4.0/library/ccui/LayoutParameter.lua , size = 1.051 KB
[08:43:21.214][info] [#0:script/workspace/loading.lua:100]: Preload file at: file:///home/mikep/.dotfiles/scripts/.local/share/nvim/mason/packages/lua-language-server/libexec/meta/3rd/Cocos4.0/library/ccui/EditBox.lua , size = 11.863 KB
[08:43:21.218][info] [#0:script/workspace/loading.lua:100]: Preload file at: file:///home/mikep/.dotfiles/scripts/.local/share/nvim/mason/packages/lua-language-server/libexec/meta/3rd/Cocos4.0/library/ccui/AbstractCheckButton.lua , size = 5.384 KB
[08:43:21.219][info] [#0:script/workspace/loading.lua:100]: Preload file at: file:///home/mikep/.dotfiles/scripts/.local/share/nvim/mason/packages/lua-language-server/libexec/meta/3rd/Cocos4.0/library/ccui/RichText.lua , size = 5.298 KB
[08:43:21.222][info] [#0:script/workspace/loading.lua:100]: Preload file at: file:///home/mikep/.dotfiles/scripts/.local/share/nvim/mason/packages/lua-language-server/libexec/meta/3rd/Cocos4.0/library/ccui/Scale9Sprite.lua , size = 9.171 KB
[08:43:21.225][info] [#0:script/workspace/loading.lua:100]: Preload file at: file:///home/mikep/.dotfiles/scripts/.local/share/nvim/mason/packages/lua-language-server/libexec/meta/3rd/Cocos4.0/library/ccui/Text.lua , size = 6.893 KB
[08:43:21.227][info] [#0:script/workspace/loading.lua:100]: Preload file at: file:///home/mikep/.dotfiles/scripts/.local/share/nvim/mason/packages/lua-language-server/libexec/meta/3rd/Cocos4.0/library/ccui/VideoPlayer.lua , size = 3.946 KB
[08:43:21.229][info] [#0:script/workspace/loading.lua:100]: Preload file at: file:///home/mikep/.dotfiles/scripts/.local/share/nvim/mason/packages/lua-language-server/libexec/meta/3rd/Cocos4.0/library/ccui/VBox.lua , size = 0.444 KB
[08:43:21.229][info] [#0:script/workspace/loading.lua:100]: Preload file at: file:///home/mikep/.dotfiles/scripts/.local/share/nvim/mason/packages/lua-language-server/libexec/meta/3rd/Cocos4.0/library/ccui/ListView.lua , size = 10.846 KB
[08:43:21.234][info] [#0:script/workspace/loading.lua:100]: Preload file at: file:///home/mikep/.dotfiles/scripts/.local/share/nvim/mason/packages/lua-language-server/libexec/meta/3rd/Cocos4.0/library/ccui/RelativeBox.lua , size = 0.507 KB
[08:43:21.235][info] [#0:script/workspace/loading.lua:100]: Preload file at: file:///home/mikep/.dotfiles/scripts/.local/share/nvim/mason/packages/lua-language-server/libexec/meta/3rd/Cocos4.0/library/ccui/HBox.lua , size = 0.444 KB
[08:43:21.235][info] [#0:script/workspace/loading.lua:100]: Preload file at: file:///home/mikep/.dotfiles/scripts/.local/share/nvim/mason/packages/lua-language-server/libexec/meta/3rd/Cocos4.0/library/ccui/ScrollView.lua , size = 14.854 KB
[08:43:21.240][info] [#0:script/workspace/loading.lua:100]: Preload file at: file:///home/mikep/.dotfiles/scripts/.local/share/nvim/mason/packages/lua-language-server/libexec/meta/3rd/Cocos4.0/library/sp/SkeletonAnimation.lua , size = 3.215 KB
[08:43:21.241][info] [#0:script/workspace/loading.lua:100]: Preload file at: file:///home/mikep/.dotfiles/scripts/.local/share/nvim/mason/packages/lua-language-server/libexec/meta/3rd/Cocos4.0/library/sp/SkeletonRenderer.lua , size = 3.669 KB
[08:43:21.243][info] [#0:script/workspace/loading.lua:100]: Preload file at: file:///home/mikep/.dotfiles/scripts/.local/share/nvim/mason/packages/lua-language-server/libexec/meta/3rd/Cocos4.0/library/ccb/Texture2DBackend.lua , size = 3.576 KB
[08:43:21.244][info] [#0:script/workspace/loading.lua:100]: Preload file at: file:///home/mikep/.dotfiles/scripts/.local/share/nvim/mason/packages/lua-language-server/libexec/meta/3rd/Cocos4.0/library/ccb/TextureBackend.lua , size = 2.083 KB
[08:43:21.244][info] [#0:script/workspace/loading.lua:100]: Preload file at: file:///home/mikep/.dotfiles/scripts/.local/share/nvim/mason/packages/lua-language-server/libexec/meta/3rd/Cocos4.0/library/ccb/TextureCubemapBackend.lua , size = 0.475 KB
[08:43:21.245][info] [#0:script/workspace/loading.lua:100]: Preload file at: file:///home/mikep/.dotfiles/scripts/.local/share/nvim/mason/packages/lua-language-server/libexec/meta/3rd/Cocos4.0/library/ccb/Program.lua , size = 1.727 KB
[08:43:21.245][info] [#0:script/workspace/loading.lua:100]: Preload file at: file:///home/mikep/.dotfiles/scripts/.local/share/nvim/mason/packages/lua-language-server/libexec/meta/3rd/Cocos4.0/library/ccb/VertexLayout.lua , size = 1.658 KB
[08:43:21.246][info] [#0:script/workspace/loading.lua:100]: Preload file at: file:///home/mikep/.dotfiles/scripts/.local/share/nvim/mason/packages/lua-language-server/libexec/meta/3rd/Cocos4.0/library/ccb/ProgramState.lua , size = 1.635 KB
[08:43:21.248][info] [#0:script/workspace/loading.lua:100]: Preload file at: file:///home/mikep/.dotfiles/scripts/.local/share/nvim/mason/packages/lua-language-server/libexec/meta/3rd/OpenResty/library/ndk.lua , size = 0.045 KB
[08:43:21.248][info] [#0:script/workspace/loading.lua:100]: Preload file at: file:///home/mikep/.dotfiles/scripts/.local/share/nvim/mason/packages/lua-language-server/libexec/meta/3rd/OpenResty/library/ngx/base64.lua , size = 0.543 KB
[08:43:21.248][info] [#0:script/workspace/loading.lua:100]: Preload file at: file:///home/mikep/.dotfiles/scripts/.local/share/nvim/mason/packages/lua-language-server/libexec/meta/3rd/OpenResty/library/ngx/req.lua , size = 0.754 KB
[08:43:21.249][info] [#0:script/workspace/loading.lua:100]: Preload file at: file:///home/mikep/.dotfiles/scripts/.local/share/nvim/mason/packages/lua-language-server/libexec/meta/3rd/OpenResty/library/ngx/re.lua , size = 3.663 KB
[08:43:21.250][info] [#0:script/workspace/loading.lua:100]: Preload file at: file:///home/mikep/.dotfiles/scripts/.local/share/nvim/mason/packages/lua-language-server/libexec/meta/3rd/OpenResty/library/ngx.lua , size = 174.948 KB
[08:43:21.276][info] [#0:script/workspace/loading.lua:100]: Preload file at: file:///home/mikep/.dotfiles/scripts/.local/share/nvim/mason/packages/lua-language-server/libexec/meta/3rd/OpenResty/library/ngx/errlog.lua , size = 4.446 KB
[08:43:21.277][info] [#0:script/workspace/loading.lua:100]: Preload file at: file:///home/mikep/.dotfiles/scripts/.local/share/nvim/mason/packages/lua-language-server/libexec/meta/3rd/OpenResty/library/ngx/upstream.lua , size = 0.279 KB
[08:43:21.278][info] [#0:script/workspace/loading.lua:100]: Preload file at: file:///home/mikep/.dotfiles/scripts/.local/share/nvim/mason/packages/lua-language-server/libexec/meta/3rd/OpenResty/library/ngx/resp.lua , size = 0.688 KB
[08:43:21.279][info] [#0:script/workspace/loading.lua:100]: Preload file at: file:///home/mikep/.dotfiles/scripts/.local/share/nvim/mason/packages/lua-language-server/libexec/meta/3rd/OpenResty/library/ngx/ssl/session.lua , size = 2.009 KB
[08:43:21.280][info] [#0:script/workspace/loading.lua:100]: Preload file at: file:///home/mikep/.dotfiles/scripts/.local/share/nvim/mason/packages/lua-language-server/libexec/meta/3rd/OpenResty/library/ngx/ssl/clienthello.lua , size = 3.490 KB
[08:43:21.280][info] [#0:script/workspace/loading.lua:100]: Preload file at: file:///home/mikep/.dotfiles/scripts/.local/share/nvim/mason/packages/lua-language-server/libexec/meta/3rd/OpenResty/library/ngx/balancer.lua , size = 5.385 KB
[08:43:21.281][info] [#0:script/workspace/loading.lua:100]: Preload file at: file:///home/mikep/.dotfiles/scripts/.local/share/nvim/mason/packages/lua-language-server/libexec/meta/3rd/OpenResty/library/ngx/process.lua , size = 1.860 KB
[08:43:21.282][info] [#0:script/workspace/loading.lua:100]: Preload file at: file:///home/mikep/.dotfiles/scripts/.local/share/nvim/mason/packages/lua-language-server/libexec/meta/3rd/OpenResty/library/ngx/ocsp.lua , size = 3.444 KB
[08:43:21.282][info] [#0:script/workspace/loading.lua:100]: Preload file at: file:///home/mikep/.dotfiles/scripts/.local/share/nvim/mason/packages/lua-language-server/libexec/meta/3rd/OpenResty/library/ngx/ssl.lua , size = 11.337 KB
[08:43:21.284][info] [#0:script/workspace/loading.lua:100]: Preload file at: file:///home/mikep/.dotfiles/scripts/.local/share/nvim/mason/packages/lua-language-server/libexec/meta/3rd/OpenResty/library/ngx/semaphore.lua , size = 2.218 KB
[08:43:21.285][info] [#0:script/workspace/loading.lua:100]: Preload file at: file:///home/mikep/.dotfiles/scripts/.local/share/nvim/mason/packages/lua-language-server/libexec/meta/3rd/OpenResty/library/ngx/pipe.lua , size = 13.127 KB
[08:43:21.287][info] [#0:script/workspace/loading.lua:100]: Preload file at: file:///home/mikep/.dotfiles/scripts/.local/share/nvim/mason/packages/lua-language-server/libexec/meta/3rd/OpenResty/library/thread/exdata2.lua , size = 0.180 KB
[08:43:21.287][info] [#0:script/workspace/loading.lua:100]: Preload file at: file:///home/mikep/.dotfiles/scripts/.local/share/nvim/mason/packages/lua-language-server/libexec/meta/3rd/OpenResty/library/thread/exdata.lua , size = 1.317 KB
[08:43:21.288][info] [#0:script/workspace/loading.lua:100]: Preload file at: file:///home/mikep/.dotfiles/scripts/.local/share/nvim/mason/packages/lua-language-server/libexec/meta/3rd/OpenResty/library/prometheus.lua , size = 10.335 KB
[08:43:21.290][info] [#0:script/workspace/loading.lua:100]: Preload file at: file:///home/mikep/.dotfiles/scripts/.local/share/nvim/mason/packages/lua-language-server/libexec/meta/3rd/OpenResty/library/jit.lua , size = 1.122 KB
[08:43:21.291][info] [#0:script/workspace/loading.lua:100]: Preload file at: file:///home/mikep/.dotfiles/scripts/.local/share/nvim/mason/packages/lua-language-server/libexec/meta/3rd/OpenResty/library/cjson.lua , size = 16.269 KB
[08:43:21.293][info] [#0:script/workspace/loading.lua:100]: Preload file at: file:///home/mikep/.dotfiles/scripts/.local/share/nvim/mason/packages/lua-language-server/libexec/meta/3rd/OpenResty/library/tablepool.lua , size = 1.729 KB
[08:43:21.294][info] [#0:script/workspace/loading.lua:100]: Preload file at: file:///home/mikep/.dotfiles/scripts/.local/share/nvim/mason/packages/lua-language-server/libexec/meta/3rd/OpenResty/library/cjson/safe.lua , size = 1.151 KB
[08:43:21.294][info] [#0:script/workspace/loading.lua:100]: Preload file at: file:///home/mikep/.dotfiles/scripts/.local/share/nvim/mason/packages/lua-language-server/libexec/meta/3rd/OpenResty/library/table/isempty.lua , size = 0.537 KB
[08:43:21.295][info] [#0:script/workspace/loading.lua:100]: Preload file at: file:///home/mikep/.dotfiles/scripts/.local/share/nvim/mason/packages/lua-language-server/libexec/meta/3rd/OpenResty/library/table/nkeys.lua , size = 0.495 KB
[08:43:21.295][info] [#0:script/workspace/loading.lua:100]: Preload file at: file:///home/mikep/.dotfiles/scripts/.local/share/nvim/mason/packages/lua-language-server/libexec/meta/3rd/OpenResty/library/table/isarray.lua , size = 0.469 KB
[08:43:21.296][info] [#0:script/workspace/loading.lua:100]: Preload file at: file:///home/mikep/.dotfiles/scripts/.local/share/nvim/mason/packages/lua-language-server/libexec/meta/3rd/OpenResty/library/table/clone.lua , size = 0.555 KB
[08:43:21.296][info] [#0:script/workspace/loading.lua:100]: Preload file at: file:///home/mikep/.dotfiles/scripts/.local/share/nvim/mason/packages/lua-language-server/libexec/meta/3rd/OpenResty/library/resty/lrucache.lua , size = 3.297 KB
[08:43:21.297][info] [#0:script/workspace/loading.lua:100]: Preload file at: file:///home/mikep/.dotfiles/scripts/.local/share/nvim/mason/packages/lua-language-server/libexec/meta/3rd/OpenResty/library/resty/sha224.lua , size = 0.178 KB
[08:43:21.298][info] [#0:script/workspace/loading.lua:100]: Preload file at: file:///home/mikep/.dotfiles/scripts/.local/share/nvim/mason/packages/lua-language-server/libexec/meta/3rd/OpenResty/library/resty/lock.lua , size = 4.964 KB
[08:43:21.299][info] [#0:script/workspace/loading.lua:100]: Preload file at: file:///home/mikep/.dotfiles/scripts/.local/share/nvim/mason/packages/lua-language-server/libexec/meta/3rd/OpenResty/library/resty/sha.lua , size = 0.099 KB
[08:43:21.299][info] [#0:script/workspace/loading.lua:100]: Preload file at: file:///home/mikep/.dotfiles/scripts/.local/share/nvim/mason/packages/lua-language-server/libexec/meta/3rd/OpenResty/library/resty/md5.lua , size = 0.353 KB
[08:43:21.300][info] [#0:script/workspace/loading.lua:100]: Preload file at: file:///home/mikep/.dotfiles/scripts/.local/share/nvim/mason/packages/lua-language-server/libexec/meta/3rd/OpenResty/library/resty/shell.lua , size = 2.403 KB
[08:43:21.300][info] [#0:script/workspace/loading.lua:100]: Preload file at: file:///home/mikep/.dotfiles/scripts/.local/share/nvim/mason/packages/lua-language-server/libexec/meta/3rd/OpenResty/library/resty/core.lua , size = 0.103 KB
[08:43:21.301][info] [#0:script/workspace/loading.lua:100]: Preload file at: file:///home/mikep/.dotfiles/scripts/.local/share/nvim/mason/packages/lua-language-server/libexec/meta/3rd/OpenResty/library/resty/aes.lua , size = 1.878 KB
[08:43:21.302][info] [#0:script/workspace/loading.lua:100]: Preload file at: file:///home/mikep/.dotfiles/scripts/.local/share/nvim/mason/packages/lua-language-server/libexec/meta/3rd/OpenResty/library/resty/redis.lua , size = 1.965 KB
[08:43:21.303][info] [#0:script/workspace/loading.lua:100]: Preload file at: file:///home/mikep/.dotfiles/scripts/.local/share/nvim/mason/packages/lua-language-server/libexec/meta/3rd/OpenResty/library/resty/lrucache/pureffi.lua , size = 0.838 KB
[08:43:21.304][info] [#0:script/workspace/loading.lua:100]: Preload file at: file:///home/mikep/.dotfiles/scripts/.local/share/nvim/mason/packages/lua-language-server/libexec/meta/3rd/OpenResty/library/resty/core/base64.lua , size = 0.123 KB
[08:43:21.304][info] [#0:script/workspace/loading.lua:100]: Preload file at: file:///home/mikep/.dotfiles/scripts/.local/share/nvim/mason/packages/lua-language-server/libexec/meta/3rd/OpenResty/library/resty/core/time.lua , size = 0.117 KB
[08:43:21.304][info] [#0:script/workspace/loading.lua:100]: Preload file at: file:///home/mikep/.dotfiles/scripts/.local/share/nvim/mason/packages/lua-language-server/libexec/meta/3rd/OpenResty/library/resty/core/ndk.lua , size = 0.114 KB
[08:43:21.304][info] [#0:script/workspace/loading.lua:100]: Preload file at: file:///home/mikep/.dotfiles/scripts/.local/share/nvim/mason/packages/lua-language-server/libexec/meta/3rd/OpenResty/library/resty/core/misc.lua , size = 0.237 KB
[08:43:21.305][info] [#0:script/workspace/loading.lua:100]: Preload file at: file:///home/mikep/.dotfiles/scripts/.local/share/nvim/mason/packages/lua-language-server/libexec/meta/3rd/OpenResty/library/resty/core/exit.lua , size = 0.117 KB
[08:43:21.305][info] [#0:script/workspace/loading.lua:100]: Preload file at: file:///home/mikep/.dotfiles/scripts/.local/share/nvim/mason/packages/lua-language-server/libexec/meta/3rd/OpenResty/library/resty/core/regex.lua , size = 1.739 KB
[08:43:21.306][info] [#0:script/workspace/loading.lua:100]: Preload file at: file:///home/mikep/.dotfiles/scripts/.local/share/nvim/mason/packages/lua-language-server/libexec/meta/3rd/OpenResty/library/resty/core/uri.lua , size = 0.114 KB
[08:43:21.306][info] [#0:script/workspace/loading.lua:100]: Preload file at: file:///home/mikep/.dotfiles/scripts/.local/share/nvim/mason/packages/lua-language-server/libexec/meta/3rd/OpenResty/library/resty/core/var.lua , size = 0.114 KB
[08:43:21.307][info] [#0:script/workspace/loading.lua:100]: Preload file at: file:///home/mikep/.dotfiles/scripts/.local/share/nvim/mason/packages/lua-language-server/libexec/meta/3rd/OpenResty/library/resty/core/response.lua , size = 0.179 KB
[08:43:21.307][info] [#0:script/workspace/loading.lua:100]: Preload file at: file:///home/mikep/.dotfiles/scripts/.local/share/nvim/mason/packages/lua-language-server/libexec/meta/3rd/OpenResty/library/resty/core/request.lua , size = 0.194 KB
[08:43:21.307][info] [#0:script/workspace/loading.lua:100]: Preload file at: file:///home/mikep/.dotfiles/scripts/.local/share/nvim/mason/packages/lua-language-server/libexec/meta/3rd/OpenResty/library/resty/core/shdict.lua , size = 0.123 KB
[08:43:21.308][info] [#0:script/workspace/loading.lua:100]: Preload file at: file:///home/mikep/.dotfiles/scripts/.local/share/nvim/mason/packages/lua-language-server/libexec/meta/3rd/OpenResty/library/resty/core/worker.lua , size = 0.124 KB
[08:43:21.308][info] [#0:script/workspace/loading.lua:100]: Preload file at: file:///home/mikep/.dotfiles/scripts/.local/share/nvim/mason/packages/lua-language-server/libexec/meta/3rd/OpenResty/library/resty/core/ctx.lua , size = 0.200 KB
[08:43:21.308][info] [#0:script/workspace/loading.lua:100]: Preload file at: file:///home/mikep/.dotfiles/scripts/.local/share/nvim/mason/packages/lua-language-server/libexec/meta/3rd/OpenResty/library/resty/core/hash.lua , size = 0.117 KB
[08:43:21.308][info] [#0:script/workspace/loading.lua:100]: Preload file at: file:///home/mikep/.dotfiles/scripts/.local/share/nvim/mason/packages/lua-language-server/libexec/meta/3rd/OpenResty/library/resty/core/base.lua , size = 1.157 KB
[08:43:21.309][info] [#0:script/workspace/loading.lua:100]: Preload file at: file:///home/mikep/.dotfiles/scripts/.local/share/nvim/mason/packages/lua-language-server/libexec/meta/3rd/OpenResty/library/resty/core/phase.lua , size = 0.120 KB
[08:43:21.309][info] [#0:script/workspace/loading.lua:100]: Preload file at: file:///home/mikep/.dotfiles/scripts/.local/share/nvim/mason/packages/lua-language-server/libexec/meta/3rd/OpenResty/library/resty/core/utils.lua , size = 0.271 KB
[08:43:21.310][info] [#0:script/workspace/loading.lua:100]: Preload file at: file:///home/mikep/.dotfiles/scripts/.local/share/nvim/mason/packages/lua-language-server/libexec/meta/3rd/OpenResty/library/resty/random.lua , size = 0.170 KB
[08:43:21.310][info] [#0:script/workspace/loading.lua:100]: Preload file at: file:///home/mikep/.dotfiles/scripts/.local/share/nvim/mason/packages/lua-language-server/libexec/meta/3rd/OpenResty/library/resty/memcached.lua , size = 1.190 KB
[08:43:21.311][info] [#0:script/workspace/loading.lua:100]: Preload file at: file:///home/mikep/.dotfiles/scripts/.local/share/nvim/mason/packages/lua-language-server/libexec/meta/3rd/OpenResty/library/resty/sha256.lua , size = 0.178 KB
[08:43:21.311][info] [#0:script/workspace/loading.lua:100]: Preload file at: file:///home/mikep/.dotfiles/scripts/.local/share/nvim/mason/packages/lua-language-server/libexec/meta/3rd/OpenResty/library/resty/upload.lua , size = 0.226 KB
[08:43:21.311][info] [#0:script/workspace/loading.lua:100]: Preload file at: file:///home/mikep/.dotfiles/scripts/.local/share/nvim/mason/packages/lua-language-server/libexec/meta/3rd/OpenResty/library/resty/sha1.lua , size = 0.166 KB
[08:43:21.312][info] [#0:script/workspace/loading.lua:100]: Preload file at: file:///home/mikep/.dotfiles/scripts/.local/share/nvim/mason/packages/lua-language-server/libexec/meta/3rd/OpenResty/library/resty/mysql.lua , size = 0.560 KB
[08:43:21.312][info] [#0:script/workspace/loading.lua:100]: Preload file at: file:///home/mikep/.dotfiles/scripts/.local/share/nvim/mason/packages/lua-language-server/libexec/meta/3rd/OpenResty/library/resty/sha384.lua , size = 0.178 KB
[08:43:21.312][info] [#0:script/workspace/loading.lua:100]: Preload file at: file:///home/mikep/.dotfiles/scripts/.local/share/nvim/mason/packages/lua-language-server/libexec/meta/3rd/OpenResty/library/resty/signal.lua , size = 1.631 KB
[08:43:21.313][info] [#0:script/workspace/loading.lua:100]: Preload file at: file:///home/mikep/.dotfiles/scripts/.local/share/nvim/mason/packages/lua-language-server/libexec/meta/3rd/OpenResty/library/resty/sha512.lua , size = 0.178 KB
[08:43:21.313][info] [#0:script/workspace/loading.lua:100]: Preload file at: file:///home/mikep/.dotfiles/scripts/.local/share/nvim/mason/packages/lua-language-server/libexec/meta/3rd/OpenResty/library/resty/limit/req.lua , size = 0.344 KB
[08:43:21.314][info] [#0:script/workspace/loading.lua:100]: Preload file at: file:///home/mikep/.dotfiles/scripts/.local/share/nvim/mason/packages/lua-language-server/libexec/meta/3rd/OpenResty/library/resty/limit/traffic.lua , size = 0.160 KB
[08:43:21.314][info] [#0:script/workspace/loading.lua:100]: Preload file at: file:///home/mikep/.dotfiles/scripts/.local/share/nvim/mason/packages/lua-language-server/libexec/meta/3rd/OpenResty/library/resty/limit/conn.lua , size = 0.479 KB
[08:43:21.315][info] [#0:script/workspace/loading.lua:100]: Preload file at: file:///home/mikep/.dotfiles/scripts/.local/share/nvim/mason/packages/lua-language-server/libexec/meta/3rd/OpenResty/library/resty/limit/count.lua , size = 0.258 KB
[08:43:21.315][info] [#0:script/workspace/loading.lua:100]: Preload file at: file:///home/mikep/.dotfiles/scripts/.local/share/nvim/mason/packages/lua-language-server/libexec/meta/3rd/OpenResty/library/resty/websocket/server.lua , size = 0.455 KB
[08:43:21.316][info] [#0:script/workspace/loading.lua:100]: Preload file at: file:///home/mikep/.dotfiles/scripts/.local/share/nvim/mason/packages/lua-language-server/libexec/meta/3rd/OpenResty/library/resty/websocket/protocol.lua , size = 5.913 KB
[08:43:21.318][info] [#0:script/workspace/loading.lua:100]: Preload file at: file:///home/mikep/.dotfiles/scripts/.local/share/nvim/mason/packages/lua-language-server/libexec/meta/3rd/OpenResty/library/resty/websocket/client.lua , size = 2.722 KB
[08:43:21.319][info] [#0:script/workspace/loading.lua:100]: Preload file at: file:///home/mikep/.dotfiles/scripts/.local/share/nvim/mason/packages/lua-language-server/libexec/meta/3rd/OpenResty/library/resty/upstream/healthcheck.lua , size = 0.229 KB
[08:43:21.319][info] [#0:script/workspace/loading.lua:100]: Preload file at: file:///home/mikep/.dotfiles/scripts/.local/share/nvim/mason/packages/lua-language-server/libexec/meta/3rd/OpenResty/library/resty/string.lua , size = 1.472 KB
[08:43:21.320][info] [#0:script/workspace/loading.lua:100]: Preload file at: file:///home/mikep/.dotfiles/scripts/.local/share/nvim/mason/packages/lua-language-server/libexec/meta/3rd/OpenResty/library/resty/dns/resolver.lua , size = 15.560 KB
[08:43:21.323][info] [#0:script/workspace/loading.lua:100]: Preload file at: file:///home/mikep/.dotfiles/scripts/.local/share/nvim/mason/packages/lua-language-server/libexec/meta/3rd/skynet/library/skynet/cluster.lua , size = 2.379 KB
[08:43:21.324][info] [#0:script/workspace/loading.lua:100]: Preload file at: file:///home/mikep/.dotfiles/scripts/.local/share/nvim/mason/packages/lua-language-server/libexec/meta/3rd/skynet/library/skynet.lua , size = 20.195 KB
[08:43:21.328][info] [#0:script/workspace/loading.lua:100]: Preload file at: file:///home/mikep/.dotfiles/scripts/.local/share/nvim/mason/packages/lua-language-server/libexec/meta/3rd/skynet/library/skynet/socketchannel.lua , size = 2.614 KB
[08:43:21.329][info] [#0:script/workspace/loading.lua:100]: Preload file at: file:///home/mikep/.dotfiles/scripts/.local/share/nvim/mason/packages/lua-language-server/libexec/meta/3rd/skynet/library/skynet/stm.lua , size = 1.518 KB
[08:43:21.329][info] [#0:script/workspace/loading.lua:100]: Preload file at: file:///home/mikep/.dotfiles/scripts/.local/share/nvim/mason/packages/lua-language-server/libexec/meta/3rd/skynet/library/skynet/sharemap.lua , size = 1.562 KB
[08:43:21.330][info] [#0:script/workspace/loading.lua:100]: Preload file at: file:///home/mikep/.dotfiles/scripts/.local/share/nvim/mason/packages/lua-language-server/libexec/meta/3rd/skynet/library/skynet/debug.lua , size = 0.272 KB
[08:43:21.330][info] [#0:script/workspace/loading.lua:100]: Preload file at: file:///home/mikep/.dotfiles/scripts/.local/share/nvim/mason/packages/lua-language-server/libexec/meta/3rd/skynet/library/skynet/crypt.lua , size = 1.754 KB
[08:43:21.331][info] [#0:script/workspace/loading.lua:100]: Preload file at: file:///home/mikep/.dotfiles/scripts/.local/share/nvim/mason/packages/lua-language-server/libexec/meta/3rd/skynet/library/skynet/socket.lua , size = 5.656 KB
[08:43:21.333][info] [#0:script/workspace/loading.lua:100]: Preload file at: file:///home/mikep/.dotfiles/scripts/.local/share/nvim/mason/packages/lua-language-server/libexec/meta/3rd/skynet/library/skynet/muliticast.lua , size = 0.699 KB
[08:43:21.333][info] [#0:script/workspace/loading.lua:100]: Preload file at: file:///home/mikep/.dotfiles/scripts/.local/share/nvim/mason/packages/lua-language-server/libexec/meta/3rd/skynet/library/skynet/netpack.lua , size = 2.357 KB
[08:43:21.334][info] [#0:script/workspace/loading.lua:100]: Preload file at: file:///home/mikep/.dotfiles/scripts/.local/share/nvim/mason/packages/lua-language-server/libexec/meta/3rd/skynet/library/skynet/db/mongo.lua , size = 5.348 KB
[08:43:21.336][info] [#0:script/workspace/loading.lua:100]: Preload file at: file:///home/mikep/.dotfiles/scripts/.local/share/nvim/mason/packages/lua-language-server/libexec/meta/3rd/skynet/library/skynet/socketdriver.lua , size = 6.013 KB
[08:43:21.338][info] [#0:script/workspace/loading.lua:100]: Preload file at: file:///home/mikep/.dotfiles/scripts/.local/share/nvim/mason/packages/lua-language-server/libexec/meta/3rd/skynet/library/skynet/db/redis.lua , size = 1.868 KB
[08:43:21.339][info] [#0:script/workspace/loading.lua:100]: Preload file at: file:///home/mikep/.dotfiles/scripts/.local/share/nvim/mason/packages/lua-language-server/libexec/meta/3rd/skynet/library/skynet/db/mysql.lua , size = 1.143 KB
[08:43:21.340][info] [#0:script/workspace/loading.lua:100]: Preload file at: file:///home/mikep/.dotfiles/scripts/.local/share/nvim/mason/packages/lua-language-server/libexec/meta/3rd/skynet/library/skynet/sharedata.lua , size = 1.942 KB
[08:43:21.341][info] [#0:script/workspace/loading.lua:100]: Preload file at: file:///home/mikep/.dotfiles/scripts/.local/share/nvim/mason/packages/lua-language-server/libexec/meta/3rd/skynet/library/skynet/profile.lua , size = 1.128 KB
[08:43:21.341][info] [#0:script/workspace/loading.lua:100]: Preload file at: file:///home/mikep/.dotfiles/scripts/.local/share/nvim/mason/packages/lua-language-server/libexec/meta/3rd/skynet/library/skynet/sharetable.lua , size = 1.434 KB
[08:43:21.341][info] [#0:script/workspace/loading.lua:100]: Preload file at: file:///home/mikep/.dotfiles/scripts/.local/share/nvim/mason/packages/lua-language-server/libexec/meta/3rd/skynet/library/skynet/habor.lua , size = 1.133 KB
[08:43:21.342][info] [#0:script/workspace/loading.lua:100]: Preload file at: file:///home/mikep/.dotfiles/scripts/.local/share/nvim/mason/packages/lua-language-server/libexec/meta/3rd/love2d/library/love.lua , size = 10.825 KB
[08:43:21.345][info] [#0:script/workspace/loading.lua:100]: Preload file at: file:///home/mikep/.dotfiles/scripts/.local/share/nvim/mason/packages/lua-language-server/libexec/meta/3rd/love2d/library/love/video.lua , size = 2.342 KB
[08:43:21.346][info] [#0:script/workspace/loading.lua:100]: Preload file at: file:///home/mikep/.dotfiles/scripts/.local/share/nvim/mason/packages/lua-language-server/libexec/meta/3rd/love2d/library/love/audio.lua , size = 33.679 KB
[08:43:21.355][info] [#0:script/workspace/loading.lua:100]: Preload file at: file:///home/mikep/.dotfiles/scripts/.local/share/nvim/mason/packages/lua-language-server/libexec/meta/3rd/love2d/library/love/data.lua , size = 9.649 KB
[08:43:21.358][info] [#0:script/workspace/loading.lua:100]: Preload file at: file:///home/mikep/.dotfiles/scripts/.local/share/nvim/mason/packages/lua-language-server/libexec/meta/3rd/love2d/library/love/keyboard.lua , size = 22.717 KB
[08:43:21.363][info] [#0:script/workspace/loading.lua:100]: Preload file at: file:///home/mikep/.dotfiles/scripts/.local/share/nvim/mason/packages/lua-language-server/libexec/meta/3rd/love2d/library/love/touch.lua , size = 1.456 KB
[08:43:21.363][info] [#0:script/workspace/loading.lua:100]: Preload file at: file:///home/mikep/.dotfiles/scripts/.local/share/nvim/mason/packages/lua-language-server/libexec/meta/3rd/love2d/library/love/thread.lua , size = 7.104 KB
[08:43:21.365][info] [#0:script/workspace/loading.lua:100]: Preload file at: file:///home/mikep/.dotfiles/scripts/.local/share/nvim/mason/packages/lua-language-server/libexec/meta/3rd/love2d/library/love/mouse.lua , size = 8.757 KB
[08:43:21.367][info] [#0:script/workspace/loading.lua:100]: Preload file at: file:///home/mikep/.dotfiles/scripts/.local/share/nvim/mason/packages/lua-language-server/libexec/meta/3rd/love2d/library/love/font.lua , size = 7.587 KB
[08:43:21.370][info] [#0:script/workspace/loading.lua:100]: Preload file at: file:///home/mikep/.dotfiles/scripts/.local/share/nvim/mason/packages/lua-language-server/libexec/meta/3rd/love2d/library/love/window.lua , size = 17.920 KB
[08:43:21.374][info] [#0:script/workspace/loading.lua:100]: Preload file at: file:///home/mikep/.dotfiles/scripts/.local/share/nvim/mason/packages/lua-language-server/libexec/meta/3rd/love2d/library/love/system.lua , size = 3.604 KB
[08:43:21.375][info] [#0:script/workspace/loading.lua:100]: Preload file at: file:///home/mikep/.dotfiles/scripts/.local/share/nvim/mason/packages/lua-language-server/libexec/meta/3rd/love2d/library/love/sound.lua , size = 5.808 KB
[08:43:21.376][info] [#0:script/workspace/loading.lua:100]: Preload file at: file:///home/mikep/.dotfiles/scripts/.local/share/nvim/mason/packages/lua-language-server/libexec/meta/3rd/love2d/library/love/event.lua , size = 4.563 KB
[08:43:21.378][info] [#0:script/workspace/loading.lua:100]: Preload file at: file:///home/mikep/.dotfiles/scripts/.local/share/nvim/mason/packages/lua-language-server/libexec/meta/3rd/love2d/library/love/filesystem.lua , size = 22.715 KB
[08:43:21.383][info] [#0:script/workspace/loading.lua:100]: Preload file at: file:///home/mikep/.dotfiles/scripts/.local/share/nvim/mason/packages/lua-language-server/libexec/meta/3rd/love2d/library/love/graphics.lua , size = 158.494 KB
[08:43:21.419][info] [#0:script/workspace/loading.lua:100]: Preload file at: file:///home/mikep/.dotfiles/scripts/.local/share/nvim/mason/packages/lua-language-server/libexec/meta/3rd/love2d/library/love/joystick.lua , size = 14.190 KB
[08:43:21.423][info] [#0:script/workspace/loading.lua:100]: Preload file at: file:///home/mikep/.dotfiles/scripts/.local/share/nvim/mason/packages/lua-language-server/libexec/meta/3rd/love2d/library/love/timer.lua , size = 1.727 KB
[08:43:21.424][info] [#0:script/workspace/loading.lua:100]: Preload file at: file:///home/mikep/.dotfiles/scripts/.local/share/nvim/mason/packages/lua-language-server/libexec/meta/3rd/love2d/library/love/math.lua , size = 29.921 KB
[08:43:21.431][info] [#0:script/workspace/loading.lua:100]: Preload file at: file:///home/mikep/.dotfiles/scripts/.local/share/nvim/mason/packages/lua-language-server/libexec/meta/3rd/love2d/library/love/physics.lua , size = 109.816 KB
[08:43:21.751][warn] [#0:script/files.lua:556]: Parse LuaDoc of [file:///home/mikep/.dotfiles/scripts/.local/share/nvim/mason/packages/lua-language-server/libexec/meta/3rd/love2d/library/love/physics.lua] takes [0.312] sec, size [112.452] kb.
[08:43:21.763][info] [#0:script/workspace/loading.lua:100]: Preload file at: file:///home/mikep/.dotfiles/scripts/.local/share/nvim/mason/packages/lua-language-server/libexec/meta/3rd/love2d/library/love/image.lua , size = 21.299 KB
[08:43:21.782][info] [#0:script/workspace/loading.lua:100]: Preload file at: file:///home/mikep/.dotfiles/scripts/.local/share/nvim/mason/packages/lua-language-server/libexec/meta/3rd/Jass/library/jass/common.lua , size = 438.289 KB
[08:43:21.931][warn] [#0:script/files.lua:556]: Parse LuaDoc of [file:///home/mikep/.dotfiles/scripts/.local/share/nvim/mason/packages/lua-language-server/libexec/meta/3rd/Jass/library/jass/common.lua] takes [0.116] sec, size [448.808] kb.
[08:43:21.984][info] [#0:script/workspace/loading.lua:100]: Preload file at: file:///home/mikep/.dotfiles/scripts/.local/share/nvim/mason/packages/lua-language-server/libexec/meta/Lua%205.4%20zh-cn%20utf8/bit.lua , size = 1.319 KB
[08:43:21.988][info] [#0:script/workspace/loading.lua:100]: Preload file at: file:///home/mikep/.dotfiles/scripts/.local/share/nvim/mason/packages/lua-language-server/libexec/meta/Lua%205.4%20zh-cn%20utf8/io.lua , size = 6.633 KB
[08:43:21.991][info] [#0:script/workspace/loading.lua:100]: Preload file at: file:///home/mikep/.dotfiles/scripts/.local/share/nvim/mason/packages/lua-language-server/libexec/meta/Lua%205.4%20zh-cn%20utf8/basic.lua , size = 15.690 KB
[08:43:21.997][info] [#0:script/workspace/loading.lua:100]: Preload file at: file:///home/mikep/.dotfiles/scripts/.local/share/nvim/mason/packages/lua-language-server/libexec/meta/Lua%205.4%20zh-cn%20utf8/debug.lua , size = 7.489 KB
[08:43:22.000][info] [#0:script/workspace/loading.lua:100]: Preload file at: file:///home/mikep/.dotfiles/scripts/.local/share/nvim/mason/packages/lua-language-server/libexec/meta/Lua%205.4%20zh-cn%20utf8/coroutine.lua , size = 2.712 KB
[08:43:22.001][info] [#0:script/workspace/loading.lua:100]: Preload file at: file:///home/mikep/.dotfiles/scripts/.local/share/nvim/mason/packages/lua-language-server/libexec/meta/Lua%205.4%20zh-cn%20utf8/jit.lua , size = 0.884 KB
[08:43:22.001][info] [#0:script/workspace/loading.lua:100]: Preload file at: file:///home/mikep/.dotfiles/scripts/.local/share/nvim/mason/packages/lua-language-server/libexec/meta/Lua%205.4%20zh-cn%20utf8/utf8.lua , size = 2.369 KB
[08:43:22.003][info] [#0:script/workspace/loading.lua:100]: Preload file at: file:///home/mikep/.dotfiles/scripts/.local/share/nvim/mason/packages/lua-language-server/libexec/meta/Lua%205.4%20zh-cn%20utf8/builtin.lua , size = 0.302 KB
[08:43:22.004][info] [#0:script/workspace/loading.lua:100]: Preload file at: file:///home/mikep/.dotfiles/scripts/.local/share/nvim/mason/packages/lua-language-server/libexec/meta/Lua%205.4%20zh-cn%20utf8/package.lua , size = 2.858 KB
[08:43:22.005][info] [#0:script/workspace/loading.lua:100]: Preload file at: file:///home/mikep/.dotfiles/scripts/.local/share/nvim/mason/packages/lua-language-server/libexec/meta/Lua%205.4%20zh-cn%20utf8/ffi.lua , size = 2.529 KB
[08:43:22.007][info] [#0:script/workspace/loading.lua:100]: Preload file at: file:///home/mikep/.dotfiles/scripts/.local/share/nvim/mason/packages/lua-language-server/libexec/meta/Lua%205.4%20zh-cn%20utf8/bit32.lua , size = 3.697 KB
[08:43:22.008][info] [#0:script/workspace/loading.lua:100]: Preload file at: file:///home/mikep/.dotfiles/scripts/.local/share/nvim/mason/packages/lua-language-server/libexec/meta/Lua%205.4%20zh-cn%20utf8/table/clear.lua , size = 0.804 KB
[08:43:22.009][info] [#0:script/workspace/loading.lua:100]: Preload file at: file:///home/mikep/.dotfiles/scripts/.local/share/nvim/mason/packages/lua-language-server/libexec/meta/Lua%205.4%20zh-cn%20utf8/table/new.lua , size = 0.648 KB
[08:43:22.010][info] [#0:script/workspace/loading.lua:100]: Preload file at: file:///home/mikep/.dotfiles/scripts/.local/share/nvim/mason/packages/lua-language-server/libexec/meta/Lua%205.4%20zh-cn%20utf8/math.lua , size = 8.623 KB
[08:43:22.013][info] [#0:script/workspace/loading.lua:100]: Preload file at: file:///home/mikep/.dotfiles/scripts/.local/share/nvim/mason/packages/lua-language-server/libexec/meta/Lua%205.4%20zh-cn%20utf8/jit/util.lua , size = 1.984 KB
[08:43:22.014][info] [#0:script/workspace/loading.lua:100]: Preload file at: file:///home/mikep/.dotfiles/scripts/.local/share/nvim/mason/packages/lua-language-server/libexec/meta/Lua%205.4%20zh-cn%20utf8/jit/profile.lua , size = 0.348 KB
[08:43:22.015][info] [#0:script/workspace/loading.lua:100]: Preload file at: file:///home/mikep/.dotfiles/scripts/.local/share/nvim/mason/packages/lua-language-server/libexec/meta/Lua%205.4%20zh-cn%20utf8/os.lua , size = 5.687 KB
[08:43:22.018][info] [#0:script/workspace/loading.lua:100]: Preload file at: file:///home/mikep/.dotfiles/scripts/.local/share/nvim/mason/packages/lua-language-server/libexec/meta/Lua%205.4%20zh-cn%20utf8/table.lua , size = 4.060 KB
[08:43:22.020][info] [#0:script/workspace/loading.lua:100]: Preload file at: file:///home/mikep/.dotfiles/scripts/.local/share/nvim/mason/packages/lua-language-server/libexec/meta/Lua%205.4%20zh-cn%20utf8/string/buffer.lua , size = 18.123 KB
[08:43:22.023][info] [#0:script/workspace/loading.lua:100]: Preload file at: file:///home/mikep/.dotfiles/scripts/.local/share/nvim/mason/packages/lua-language-server/libexec/meta/template/bit.lua , size = 1.353 KB
[08:43:22.024][info] [#0:script/workspace/loading.lua:100]: Preload file at: file:///home/mikep/.dotfiles/scripts/.local/share/nvim/mason/packages/lua-language-server/libexec/meta/Lua%205.4%20zh-cn%20utf8/string.lua , size = 6.696 KB
[08:43:22.027][info] [#0:script/workspace/loading.lua:100]: Preload file at: file:///home/mikep/.dotfiles/scripts/.local/share/nvim/mason/packages/lua-language-server/libexec/meta/template/jit.profile.lua , size = 0.381 KB
[08:43:22.028][info] [#0:script/workspace/loading.lua:100]: Preload file at: file:///home/mikep/.dotfiles/scripts/.local/share/nvim/mason/packages/lua-language-server/libexec/meta/template/io.lua , size = 3.643 KB
[08:43:22.030][info] [#0:script/workspace/loading.lua:100]: Preload file at: file:///home/mikep/.dotfiles/scripts/.local/share/nvim/mason/packages/lua-language-server/libexec/meta/template/basic.lua , size = 7.597 KB
[08:43:22.036][info] [#0:script/workspace/loading.lua:100]: Preload file at: file:///home/mikep/.dotfiles/scripts/.local/share/nvim/mason/packages/lua-language-server/libexec/meta/template/debug.lua , size = 5.444 KB
[08:43:22.039][info] [#0:script/workspace/loading.lua:100]: Preload file at: file:///home/mikep/.dotfiles/scripts/.local/share/nvim/mason/packages/lua-language-server/libexec/meta/template/jit.util.lua , size = 2.018 KB
[08:43:22.040][info] [#0:script/workspace/loading.lua:100]: Preload file at: file:///home/mikep/.dotfiles/scripts/.local/share/nvim/mason/packages/lua-language-server/libexec/meta/template/coroutine.lua , size = 1.448 KB
[08:43:22.042][info] [#0:script/workspace/loading.lua:100]: Preload file at: file:///home/mikep/.dotfiles/scripts/.local/share/nvim/mason/packages/lua-language-server/libexec/meta/template/jit.lua , size = 0.917 KB
[08:43:22.043][info] [#0:script/workspace/loading.lua:100]: Preload file at: file:///home/mikep/.dotfiles/scripts/.local/share/nvim/mason/packages/lua-language-server/libexec/meta/template/utf8.lua , size = 1.575 KB
[08:43:22.044][info] [#0:script/workspace/loading.lua:100]: Preload file at: file:///home/mikep/.dotfiles/scripts/.local/share/nvim/mason/packages/lua-language-server/libexec/meta/template/builtin.lua , size = 0.302 KB
[08:43:22.045][info] [#0:script/workspace/loading.lua:100]: Preload file at: file:///home/mikep/.dotfiles/scripts/.local/share/nvim/mason/packages/lua-language-server/libexec/meta/template/package.lua , size = 1.223 KB
[08:43:22.046][info] [#0:script/workspace/loading.lua:100]: Preload file at: file:///home/mikep/.dotfiles/scripts/.local/share/nvim/mason/packages/lua-language-server/libexec/meta/template/string.buffer.lua , size = 18.156 KB
[08:43:22.049][info] [#0:script/workspace/loading.lua:100]: Preload file at: file:///home/mikep/.dotfiles/scripts/.local/share/nvim/mason/packages/lua-language-server/libexec/meta/template/ffi.lua , size = 2.562 KB
[08:43:22.051][info] [#0:script/workspace/loading.lua:100]: Preload file at: file:///home/mikep/.dotfiles/scripts/.local/share/nvim/mason/packages/lua-language-server/libexec/meta/template/bit32.lua , size = 1.594 KB
[08:43:22.052][info] [#0:script/workspace/loading.lua:100]: Preload file at: file:///home/mikep/.dotfiles/scripts/.local/share/nvim/mason/packages/lua-language-server/libexec/meta/template/math.lua , size = 4.312 KB
[08:43:22.054][info] [#0:script/workspace/loading.lua:100]: Preload file at: file:///home/mikep/.dotfiles/scripts/.local/share/nvim/mason/packages/lua-language-server/libexec/meta/template/os.lua , size = 2.756 KB
[08:43:22.056][info] [#0:script/workspace/loading.lua:100]: Preload file at: file:///home/mikep/.dotfiles/scripts/.local/share/nvim/mason/packages/lua-language-server/libexec/meta/template/table.lua , size = 1.854 KB
[08:43:22.058][info] [#0:script/workspace/loading.lua:100]: Preload file at: file:///home/mikep/.dotfiles/scripts/.local/share/nvim/mason/packages/lua-language-server/libexec/meta/template/string.lua , size = 3.380 KB
[08:43:22.061][info] [#0:script/workspace/loading.lua:100]: Preload file at: file:///home/mikep/.dotfiles/scripts/.local/share/nvim/mason/packages/lua-language-server/libexec/meta/template/table.clear.lua , size = 0.154 KB
[08:43:22.061][info] [#0:script/workspace/loading.lua:88]: Skip loaded file: file:///home/mikep/.dotfiles/scripts/.local/share/nvim/mason/packages/lua-language-server/libexec/meta/LuaJIT%20en-us%20utf8/bit.lua
[08:43:22.061][info] [#0:script/workspace/loading.lua:100]: Preload file at: file:///home/mikep/.dotfiles/scripts/.local/share/nvim/mason/packages/lua-language-server/libexec/meta/template/table.new.lua , size = 0.201 KB
[08:43:22.062][info] [#0:script/workspace/loading.lua:88]: Skip loaded file: file:///home/mikep/.dotfiles/scripts/.local/share/nvim/mason/packages/lua-language-server/libexec/meta/LuaJIT%20en-us%20utf8/io.lua
[08:43:22.062][info] [#0:script/workspace/loading.lua:88]: Skip loaded file: file:///home/mikep/.dotfiles/scripts/.local/share/nvim/mason/packages/lua-language-server/libexec/meta/LuaJIT%20en-us%20utf8/basic.lua
[08:43:22.062][info] [#0:script/workspace/loading.lua:88]: Skip loaded file: file:///home/mikep/.dotfiles/scripts/.local/share/nvim/mason/packages/lua-language-server/libexec/meta/LuaJIT%20en-us%20utf8/debug.lua
[08:43:22.062][info] [#0:script/workspace/loading.lua:88]: Skip loaded file: file:///home/mikep/.dotfiles/scripts/.local/share/nvim/mason/packages/lua-language-server/libexec/meta/LuaJIT%20en-us%20utf8/coroutine.lua
[08:43:22.062][info] [#0:script/workspace/loading.lua:88]: Skip loaded file: file:///home/mikep/.dotfiles/scripts/.local/share/nvim/mason/packages/lua-language-server/libexec/meta/LuaJIT%20en-us%20utf8/jit.lua
[08:43:22.062][info] [#0:script/workspace/loading.lua:100]: Preload file at: file:///home/mikep/.dotfiles/scripts/.local/share/nvim/mason/packages/lua-language-server/libexec/meta/LuaJIT%20en-us%20utf8/utf8.lua , size = 2.304 KB
[08:43:22.063][info] [#0:script/workspace/loading.lua:88]: Skip loaded file: file:///home/mikep/.dotfiles/scripts/.local/share/nvim/mason/packages/lua-language-server/libexec/meta/LuaJIT%20en-us%20utf8/builtin.lua
[08:43:22.063][info] [#0:script/workspace/loading.lua:88]: Skip loaded file: file:///home/mikep/.dotfiles/scripts/.local/share/nvim/mason/packages/lua-language-server/libexec/meta/LuaJIT%20en-us%20utf8/package.lua
[08:43:22.063][info] [#0:script/workspace/loading.lua:88]: Skip loaded file: file:///home/mikep/.dotfiles/scripts/.local/share/nvim/mason/packages/lua-language-server/libexec/meta/LuaJIT%20en-us%20utf8/ffi.lua
[08:43:22.064][info] [#0:script/workspace/loading.lua:100]: Preload file at: file:///home/mikep/.dotfiles/scripts/.local/share/nvim/mason/packages/lua-language-server/libexec/meta/LuaJIT%20en-us%20utf8/bit32.lua , size = 3.927 KB
[08:43:22.065][info] [#0:script/workspace/loading.lua:88]: Skip loaded file: file:///home/mikep/.dotfiles/scripts/.local/share/nvim/mason/packages/lua-language-server/libexec/meta/LuaJIT%20en-us%20utf8/table/clear.lua
[08:43:22.065][info] [#0:script/workspace/loading.lua:88]: Skip loaded file: file:///home/mikep/.dotfiles/scripts/.local/share/nvim/mason/packages/lua-language-server/libexec/meta/LuaJIT%20en-us%20utf8/table/new.lua
[08:43:22.065][info] [#0:script/workspace/loading.lua:88]: Skip loaded file: file:///home/mikep/.dotfiles/scripts/.local/share/nvim/mason/packages/lua-language-server/libexec/meta/LuaJIT%20en-us%20utf8/math.lua
[08:43:22.065][info] [#0:script/workspace/loading.lua:88]: Skip loaded file: file:///home/mikep/.dotfiles/scripts/.local/share/nvim/mason/packages/lua-language-server/libexec/meta/LuaJIT%20en-us%20utf8/jit/util.lua
[08:43:22.065][info] [#0:script/workspace/loading.lua:88]: Skip loaded file: file:///home/mikep/.dotfiles/scripts/.local/share/nvim/mason/packages/lua-language-server/libexec/meta/LuaJIT%20en-us%20utf8/jit/profile.lua
[08:43:22.066][info] [#0:script/workspace/loading.lua:88]: Skip loaded file: file:///home/mikep/.dotfiles/scripts/.local/share/nvim/mason/packages/lua-language-server/libexec/meta/LuaJIT%20en-us%20utf8/os.lua
[08:43:22.066][info] [#0:script/workspace/loading.lua:88]: Skip loaded file: file:///home/mikep/.dotfiles/scripts/.local/share/nvim/mason/packages/lua-language-server/libexec/meta/LuaJIT%20en-us%20utf8/table.lua
[08:43:22.066][info] [#0:script/workspace/loading.lua:88]: Skip loaded file: file:///home/mikep/.dotfiles/scripts/.local/share/nvim/mason/packages/lua-language-server/libexec/meta/LuaJIT%20en-us%20utf8/string/buffer.lua
[08:43:22.066][info] [#0:script/workspace/loading.lua:88]: Skip loaded file: file:///home/mikep/.dotfiles/scripts/.local/share/nvim/mason/packages/lua-language-server/libexec/meta/LuaJIT%20en-us%20utf8/string.lua
[08:43:22.067][info] [#0:script/workspace/loading.lua:100]: Preload file at: file:///home/mikep/.dotfiles/scripts/.local/share/nvim/mason/packages/lua-language-server/libexec/meta/whimsical/basic.lua , size = 1.511 KB
[08:43:22.067][info] [#0:script/workspace/loading.lua:100]: Preload file at: file:///home/mikep/.dotfiles/scripts/.local/share/nvim/mason/packages/lua-language-server/libexec/meta/whimsical/rule.lua , size = 3.101 KB
[08:43:22.068][info] [#0:script/workspace/loading.lua:100]: Preload file at: file:///home/mikep/.dotfiles/scripts/.local/share/nvim/mason/packages/lua-language-server/libexec/meta/whimsical/builtin.lua , size = 0.413 KB
[08:43:22.069][info] [#0:script/workspace/loading.lua:100]: Preload file at: file:///home/mikep/.dotfiles/scripts/.local/share/nvim/mason/packages/lua-language-server/libexec/meta/LuaJIT%20zh-cn%20utf8/bit.lua , size = 1.319 KB
[08:43:22.070][info] [#0:script/workspace/loading.lua:100]: Preload file at: file:///home/mikep/.dotfiles/scripts/.local/share/nvim/mason/packages/lua-language-server/libexec/meta/LuaJIT%20zh-cn%20utf8/io.lua , size = 6.633 KB
[08:43:22.072][info] [#0:script/workspace/loading.lua:100]: Preload file at: file:///home/mikep/.dotfiles/scripts/.local/share/nvim/mason/packages/lua-language-server/libexec/meta/LuaJIT%20zh-cn%20utf8/basic.lua , size = 15.363 KB
[08:43:22.077][info] [#0:script/workspace/loading.lua:100]: Preload file at: file:///home/mikep/.dotfiles/scripts/.local/share/nvim/mason/packages/lua-language-server/libexec/meta/LuaJIT%20zh-cn%20utf8/debug.lua , size = 7.242 KB
[08:43:22.080][info] [#0:script/workspace/loading.lua:100]: Preload file at: file:///home/mikep/.dotfiles/scripts/.local/share/nvim/mason/packages/lua-language-server/libexec/meta/LuaJIT%20zh-cn%20utf8/coroutine.lua , size = 2.678 KB
[08:43:22.081][info] [#0:script/workspace/loading.lua:100]: Preload file at: file:///home/mikep/.dotfiles/scripts/.local/share/nvim/mason/packages/lua-language-server/libexec/meta/LuaJIT%20zh-cn%20utf8/jit.lua , size = 0.884 KB
[08:43:22.082][info] [#0:script/workspace/loading.lua:100]: Preload file at: file:///home/mikep/.dotfiles/scripts/.local/share/nvim/mason/packages/lua-language-server/libexec/meta/LuaJIT%20zh-cn%20utf8/utf8.lua , size = 2.287 KB
[08:43:22.084][info] [#0:script/workspace/loading.lua:100]: Preload file at: file:///home/mikep/.dotfiles/scripts/.local/share/nvim/mason/packages/lua-language-server/libexec/meta/LuaJIT%20zh-cn%20utf8/builtin.lua , size = 0.302 KB
[08:43:22.084][info] [#0:script/workspace/loading.lua:100]: Preload file at: file:///home/mikep/.dotfiles/scripts/.local/share/nvim/mason/packages/lua-language-server/libexec/meta/LuaJIT%20zh-cn%20utf8/package.lua , size = 2.706 KB
[08:43:22.085][info] [#0:script/workspace/loading.lua:100]: Preload file at: file:///home/mikep/.dotfiles/scripts/.local/share/nvim/mason/packages/lua-language-server/libexec/meta/LuaJIT%20zh-cn%20utf8/ffi.lua , size = 2.529 KB
[08:43:22.086][info] [#0:script/workspace/loading.lua:100]: Preload file at: file:///home/mikep/.dotfiles/scripts/.local/share/nvim/mason/packages/lua-language-server/libexec/meta/LuaJIT%20zh-cn%20utf8/bit32.lua , size = 3.697 KB
[08:43:22.088][info] [#0:script/workspace/loading.lua:100]: Preload file at: file:///home/mikep/.dotfiles/scripts/.local/share/nvim/mason/packages/lua-language-server/libexec/meta/LuaJIT%20zh-cn%20utf8/table/clear.lua , size = 0.804 KB
[08:43:22.089][info] [#0:script/workspace/loading.lua:100]: Preload file at: file:///home/mikep/.dotfiles/scripts/.local/share/nvim/mason/packages/lua-language-server/libexec/meta/LuaJIT%20zh-cn%20utf8/table/new.lua , size = 0.648 KB
[08:43:22.089][info] [#0:script/workspace/loading.lua:100]: Preload file at: file:///home/mikep/.dotfiles/scripts/.local/share/nvim/mason/packages/lua-language-server/libexec/meta/LuaJIT%20zh-cn%20utf8/jit/util.lua , size = 1.984 KB
[08:43:22.091][info] [#0:script/workspace/loading.lua:100]: Preload file at: file:///home/mikep/.dotfiles/scripts/.local/share/nvim/mason/packages/lua-language-server/libexec/meta/LuaJIT%20zh-cn%20utf8/math.lua , size = 8.087 KB
[08:43:22.094][info] [#0:script/workspace/loading.lua:100]: Preload file at: file:///home/mikep/.dotfiles/scripts/.local/share/nvim/mason/packages/lua-language-server/libexec/meta/LuaJIT%20zh-cn%20utf8/jit/profile.lua , size = 0.348 KB
[08:43:22.095][info] [#0:script/workspace/loading.lua:100]: Preload file at: file:///home/mikep/.dotfiles/scripts/.local/share/nvim/mason/packages/lua-language-server/libexec/meta/LuaJIT%20zh-cn%20utf8/os.lua , size = 5.687 KB
[08:43:22.097][info] [#0:script/workspace/loading.lua:100]: Preload file at: file:///home/mikep/.dotfiles/scripts/.local/share/nvim/mason/packages/lua-language-server/libexec/meta/LuaJIT%20zh-cn%20utf8/table.lua , size = 4.060 KB
[08:43:22.099][info] [#0:script/workspace/loading.lua:100]: Preload file at: file:///home/mikep/.dotfiles/scripts/.local/share/nvim/mason/packages/lua-language-server/libexec/meta/LuaJIT%20zh-cn%20utf8/string.lua , size = 6.679 KB
[08:43:22.101][info] [#0:script/workspace/loading.lua:100]: Preload file at: file:///home/mikep/.dotfiles/scripts/.local/share/nvim/mason/packages/lua-language-server/libexec/meta/LuaJIT%20zh-cn%20utf8/string/buffer.lua , size = 18.123 KB
[08:43:22.104][info] [#0:script/workspace/loading.lua:100]: Preload file at: file:///home/mikep/.dotfiles/scripts/.local/share/nvim/mason/packages/lua-language-server/libexec/meta/default%20utf8/UnityEngine.XR.Provider.lua , size = 0.463 KB
[08:43:22.105][info] [#0:script/workspace/loading.lua:100]: Preload file at: file:///home/mikep/.dotfiles/scripts/.local/share/nvim/mason/packages/lua-language-server/libexec/meta/default%20utf8/UnityEngine.Apple.lua , size = 2.058 KB
[08:43:22.107][info] [#0:script/workspace/loading.lua:100]: Preload file at: file:///home/mikep/.dotfiles/scripts/.local/share/nvim/mason/packages/lua-language-server/libexec/meta/default%20utf8/System.Runtime.Serialization.Configuration.lua , size = 8.192 KB
[08:43:22.109][info] [#0:script/workspace/loading.lua:100]: Preload file at: file:///home/mikep/.dotfiles/scripts/.local/share/nvim/mason/packages/lua-language-server/libexec/meta/default%20utf8/UnityEngine.Events.lua , size = 12.489 KB
[08:43:22.113][info] [#0:script/workspace/loading.lua:100]: Preload file at: file:///home/mikep/.dotfiles/scripts/.local/share/nvim/mason/packages/lua-language-server/libexec/meta/default%20utf8/System.Net.Http.Headers.lua , size = 33.340 KB
[08:43:22.126][info] [#0:script/workspace/loading.lua:100]: Preload file at: file:///home/mikep/.dotfiles/scripts/.local/share/nvim/mason/packages/lua-language-server/libexec/meta/default%20utf8/System.Threading.lua , size = 76.587 KB
[08:43:22.159][info] [#0:script/workspace/loading.lua:100]: Preload file at: file:///home/mikep/.dotfiles/scripts/.local/share/nvim/mason/packages/lua-language-server/libexec/meta/default%20utf8/System.Diagnostics.SymbolStore.lua , size = 16.163 KB
[08:43:22.166][info] [#0:script/workspace/loading.lua:100]: Preload file at: file:///home/mikep/.dotfiles/scripts/.local/share/nvim/mason/packages/lua-language-server/libexec/meta/default%20utf8/UnityEngine.SocialPlatforms.GameCenter.lua , size = 3.634 KB
[08:43:22.167][info] [#0:script/workspace/loading.lua:100]: Preload file at: file:///home/mikep/.dotfiles/scripts/.local/share/nvim/mason/packages/lua-language-server/libexec/meta/default%20utf8/UnityEngine.Assertions.Comparers.lua , size = 1.718 KB
[08:43:22.168][info] [#0:script/workspace/loading.lua:100]: Preload file at: file:///home/mikep/.dotfiles/scripts/.local/share/nvim/mason/packages/lua-language-server/libexec/meta/default%20utf8/UnityEngine.UIElements.lua , size = 298.350 KB
[08:43:22.245][info] [#0:script/workspace/loading.lua:100]: Preload file at: file:///home/mikep/.dotfiles/scripts/.local/share/nvim/mason/packages/lua-language-server/libexec/meta/default%20utf8/System.Runtime.ExceptionServices.lua , size = 1.038 KB
[08:43:22.246][info] [#0:script/workspace/loading.lua:100]: Preload file at: file:///home/mikep/.dotfiles/scripts/.local/share/nvim/mason/packages/lua-language-server/libexec/meta/default%20utf8/UnityEngine.TextCore.lua , size = 8.132 KB
[08:43:22.248][info] [#0:script/workspace/loading.lua:100]: Preload file at: file:///home/mikep/.dotfiles/scripts/.local/share/nvim/mason/packages/lua-language-server/libexec/meta/default%20utf8/System.Runtime.Remoting.Activation.lua , size = 3.042 KB
[08:43:22.249][info] [#0:script/workspace/loading.lua:100]: Preload file at: file:///home/mikep/.dotfiles/scripts/.local/share/nvim/mason/packages/lua-language-server/libexec/meta/default%20utf8/System.Xml.XPath.lua , size = 24.373 KB
[08:43:22.257][info] [#0:script/workspace/loading.lua:100]: Preload file at: file:///home/mikep/.dotfiles/scripts/.local/share/nvim/mason/packages/lua-language-server/libexec/meta/default%20utf8/System.IO.IsolatedStorage.lua , size = 13.610 KB
[08:43:22.261][info] [#0:script/workspace/loading.lua:100]: Preload file at: file:///home/mikep/.dotfiles/scripts/.local/share/nvim/mason/packages/lua-language-server/libexec/meta/default%20utf8/UnityEngine.iOS.lua , size = 38.598 KB
[08:43:22.271][info] [#0:script/workspace/loading.lua:100]: Preload file at: file:///home/mikep/.dotfiles/scripts/.local/share/nvim/mason/packages/lua-language-server/libexec/meta/default%20utf8/UnityEngine.Analytics.lua , size = 90.617 KB
[08:43:22.296][info] [#0:script/workspace/loading.lua:100]: Preload file at: file:///home/mikep/.dotfiles/scripts/.local/share/nvim/mason/packages/lua-language-server/libexec/meta/default%20utf8/System.ComponentModel.Design.lua , size = 56.153 KB
[08:43:22.316][info] [#0:script/workspace/loading.lua:100]: Preload file at: file:///home/mikep/.dotfiles/scripts/.local/share/nvim/mason/packages/lua-language-server/libexec/meta/default%20utf8/System.Dynamic.lua , size = 23.368 KB
[08:43:22.326][info] [#0:script/workspace/loading.lua:100]: Preload file at: file:///home/mikep/.dotfiles/scripts/.local/share/nvim/mason/packages/lua-language-server/libexec/meta/default%20utf8/UnityEngine.Experimental.Animations.lua , size = 2.645 KB
[08:43:22.327][info] [#0:script/workspace/loading.lua:100]: Preload file at: file:///home/mikep/.dotfiles/scripts/.local/share/nvim/mason/packages/lua-language-server/libexec/meta/default%20utf8/UnityEngine.SocialPlatforms.Impl.lua , size = 9.355 KB
[08:43:22.330][info] [#0:script/workspace/loading.lua:100]: Preload file at: file:///home/mikep/.dotfiles/scripts/.local/share/nvim/mason/packages/lua-language-server/libexec/meta/default%20utf8/System.Reflection.Emit.lua , size = 132.136 KB
[08:43:22.372][info] [#0:script/workspace/loading.lua:100]: Preload file at: file:///home/mikep/.dotfiles/scripts/.local/share/nvim/mason/packages/lua-language-server/libexec/meta/default%20utf8/System.Globalization.lua , size = 88.709 KB
[08:43:22.404][info] [#0:script/workspace/loading.lua:100]: Preload file at: file:///home/mikep/.dotfiles/scripts/.local/share/nvim/mason/packages/lua-language-server/libexec/meta/default%20utf8/System.Runtime.Remoting.lua , size = 20.229 KB
[08:43:22.421][info] [#0:script/workspace/loading.lua:100]: Preload file at: file:///home/mikep/.dotfiles/scripts/.local/share/nvim/mason/packages/lua-language-server/libexec/meta/default%20utf8/System.lua , size = 418.521 KB
[08:43:22.525][warn] [#0:script/files.lua:704]: Compile [file:///home/mikep/.dotfiles/scripts/.local/share/nvim/mason/packages/lua-language-server/libexec/meta/default%20utf8/System.lua] takes [0.104] sec, size [428.566] kb.
[08:43:22.641][warn] [#0:script/files.lua:556]: Parse LuaDoc of [file:///home/mikep/.dotfiles/scripts/.local/share/nvim/mason/packages/lua-language-server/libexec/meta/default%20utf8/System.lua] takes [0.116] sec, size [428.566] kb.
[08:43:22.739][info] [#0:script/workspace/loading.lua:100]: Preload file at: file:///home/mikep/.dotfiles/scripts/.local/share/nvim/mason/packages/lua-language-server/libexec/meta/default%20utf8/System.Media.lua , size = 2.497 KB
[08:43:22.741][info] [#0:script/workspace/loading.lua:100]: Preload file at: file:///home/mikep/.dotfiles/scripts/.local/share/nvim/mason/packages/lua-language-server/libexec/meta/default%20utf8/UnityEngine.WSA.lua , size = 33.145 KB
[08:43:22.749][info] [#0:script/workspace/loading.lua:100]: Preload file at: file:///home/mikep/.dotfiles/scripts/.local/share/nvim/mason/packages/lua-language-server/libexec/meta/default%20utf8/System.Diagnostics.Eventing.Reader.lua , size = 26.731 KB
[08:43:22.758][info] [#0:script/workspace/loading.lua:100]: Preload file at: file:///home/mikep/.dotfiles/scripts/.local/share/nvim/mason/packages/lua-language-server/libexec/meta/default%20utf8/UnityEngine.LowLevel.lua , size = 2.970 KB
[08:43:22.759][info] [#0:script/workspace/loading.lua:100]: Preload file at: file:///home/mikep/.dotfiles/scripts/.local/share/nvim/mason/packages/lua-language-server/libexec/meta/default%20utf8/UnityEngineInternal.lua , size = 5.821 KB
[08:43:22.761][info] [#0:script/workspace/loading.lua:100]: Preload file at: file:///home/mikep/.dotfiles/scripts/.local/share/nvim/mason/packages/lua-language-server/libexec/meta/default%20utf8/UnityEngine.ParticleSystemJobs.lua , size = 7.643 KB
[08:43:22.762][info] [#0:script/workspace/loading.lua:100]: Preload file at: file:///home/mikep/.dotfiles/scripts/.local/share/nvim/mason/packages/lua-language-server/libexec/meta/default%20utf8/UnityEngine.Subsystems.lua , size = 1.105 KB
[08:43:22.763][info] [#0:script/workspace/loading.lua:100]: Preload file at: file:///home/mikep/.dotfiles/scripts/.local/share/nvim/mason/packages/lua-language-server/libexec/meta/default%20utf8/System.Windows.Input.lua , size = 0.708 KB
[08:43:22.764][info] [#0:script/workspace/loading.lua:100]: Preload file at: file:///home/mikep/.dotfiles/scripts/.local/share/nvim/mason/packages/lua-language-server/libexec/meta/default%20utf8/System.Runtime.CompilerServices.lua , size = 44.095 KB
[08:43:22.777][info] [#0:script/workspace/loading.lua:100]: Preload file at: file:///home/mikep/.dotfiles/scripts/.local/share/nvim/mason/packages/lua-language-server/libexec/meta/default%20utf8/System.Diagnostics.Eventing.lua , size = 6.302 KB
[08:43:22.780][info] [#0:script/workspace/loading.lua:100]: Preload file at: file:///home/mikep/.dotfiles/scripts/.local/share/nvim/mason/packages/lua-language-server/libexec/meta/default%20utf8/UnityEngine.SearchService.lua , size = 1.175 KB
[08:43:22.781][info] [#0:script/workspace/loading.lua:100]: Preload file at: file:///home/mikep/.dotfiles/scripts/.local/share/nvim/mason/packages/lua-language-server/libexec/meta/default%20utf8/UnityEngineInternal.XR.WSA.lua , size = 0.493 KB
[08:43:22.781][info] [#0:script/workspace/loading.lua:100]: Preload file at: file:///home/mikep/.dotfiles/scripts/.local/share/nvim/mason/packages/lua-language-server/libexec/meta/default%20utf8/UnityEngine.Networking.PlayerConnection.lua , size = 4.080 KB
[08:43:22.782][info] [#0:script/workspace/loading.lua:100]: Preload file at: file:///home/mikep/.dotfiles/scripts/.local/share/nvim/mason/packages/lua-language-server/libexec/meta/default%20utf8/UnityEngine.Apple.ReplayKit.lua , size = 7.503 KB
[08:43:22.785][info] [#0:script/workspace/loading.lua:100]: Preload file at: file:///home/mikep/.dotfiles/scripts/.local/share/nvim/mason/packages/lua-language-server/libexec/meta/default%20utf8/System.IO.Compression.lua , size = 7.517 KB
[08:43:22.788][info] [#0:script/workspace/loading.lua:100]: Preload file at: file:///home/mikep/.dotfiles/scripts/.local/share/nvim/mason/packages/lua-language-server/libexec/meta/default%20utf8/System.Collections.Concurrent.lua , size = 17.661 KB
[08:43:22.796][info] [#0:script/workspace/loading.lua:100]: Preload file at: file:///home/mikep/.dotfiles/scripts/.local/share/nvim/mason/packages/lua-language-server/libexec/meta/default%20utf8/UnityEngine.Experimental.Audio.lua , size = 9.348 KB
[08:43:22.798][info] [#0:script/workspace/loading.lua:100]: Preload file at: file:///home/mikep/.dotfiles/scripts/.local/share/nvim/mason/packages/lua-language-server/libexec/meta/default%20utf8/System.Runtime.Remoting.Channels.lua , size = 20.468 KB
[08:43:22.805][info] [#0:script/workspace/loading.lua:100]: Preload file at: file:///home/mikep/.dotfiles/scripts/.local/share/nvim/mason/packages/lua-language-server/libexec/meta/default%20utf8/System.Diagnostics.Contracts.lua , size = 8.239 KB
[08:43:22.808][info] [#0:script/workspace/loading.lua:100]: Preload file at: file:///home/mikep/.dotfiles/scripts/.local/share/nvim/mason/packages/lua-language-server/libexec/meta/default%20utf8/System.IO.lua , size = 80.052 KB
[08:43:22.842][info] [#0:script/workspace/loading.lua:100]: Preload file at: file:///home/mikep/.dotfiles/scripts/.local/share/nvim/mason/packages/lua-language-server/libexec/meta/default%20utf8/System.Runtime.Remoting.Metadata.W3cXsd2001.lua , size = 21.497 KB
[08:43:22.851][info] [#0:script/workspace/loading.lua:100]: Preload file at: file:///home/mikep/.dotfiles/scripts/.local/share/nvim/mason/packages/lua-language-server/libexec/meta/default%20utf8/System.Net.WebSockets.lua , size = 12.914 KB
[08:43:22.856][info] [#0:script/workspace/loading.lua:100]: Preload file at: file:///home/mikep/.dotfiles/scripts/.local/share/nvim/mason/packages/lua-language-server/libexec/meta/default%20utf8/System.Xml.XmlConfiguration.lua , size = 0.634 KB
[08:43:22.856][info] [#0:script/workspace/loading.lua:100]: Preload file at: file:///home/mikep/.dotfiles/scripts/.local/share/nvim/mason/packages/lua-language-server/libexec/meta/default%20utf8/System.Xml.Xsl.lua , size = 18.479 KB
[08:43:22.863][info] [#0:script/workspace/loading.lua:100]: Preload file at: file:///home/mikep/.dotfiles/scripts/.local/share/nvim/mason/packages/lua-language-server/libexec/meta/default%20utf8/UnityEngine.U2D.lua , size = 19.168 KB
[08:43:22.868][info] [#0:script/workspace/loading.lua:100]: Preload file at: file:///home/mikep/.dotfiles/scripts/.local/share/nvim/mason/packages/lua-language-server/libexec/meta/default%20utf8/UnityEngine.Windows.Speech.lua , size = 24.016 KB
[08:43:22.874][info] [#0:script/workspace/loading.lua:100]: Preload file at: file:///home/mikep/.dotfiles/scripts/.local/share/nvim/mason/packages/lua-language-server/libexec/meta/default%20utf8/System.Xml.Linq.lua , size = 39.577 KB
[08:43:22.892][info] [#0:script/workspace/loading.lua:100]: Preload file at: file:///home/mikep/.dotfiles/scripts/.local/share/nvim/mason/packages/lua-language-server/libexec/meta/default%20utf8/UnityEngine.Apple.TV.lua , size = 0.445 KB
[08:43:22.892][info] [#0:script/workspace/loading.lua:100]: Preload file at: file:///home/mikep/.dotfiles/scripts/.local/share/nvim/mason/packages/lua-language-server/libexec/meta/default%20utf8/System.Security.Principal.lua , size = 22.007 KB
[08:43:22.899][info] [#0:script/workspace/loading.lua:100]: Preload file at: file:///home/mikep/.dotfiles/scripts/.local/share/nvim/mason/packages/lua-language-server/libexec/meta/default%20utf8/System.Numerics.lua , size = 76.475 KB
[08:43:22.933][info] [#0:script/workspace/loading.lua:100]: Preload file at: file:///home/mikep/.dotfiles/scripts/.local/share/nvim/mason/packages/lua-language-server/libexec/meta/default%20utf8/System.Runtime.Remoting.Messaging.lua , size = 21.586 KB
[08:43:22.940][info] [#0:script/workspace/loading.lua:100]: Preload file at: file:///home/mikep/.dotfiles/scripts/.local/share/nvim/mason/packages/lua-language-server/libexec/meta/default%20utf8/UnityEngine.Build.Pipeline.lua , size = 3.447 KB
[08:43:22.941][info] [#0:script/workspace/loading.lua:100]: Preload file at: file:///home/mikep/.dotfiles/scripts/.local/share/nvim/mason/packages/lua-language-server/libexec/meta/default%20utf8/System.Data.Odbc.lua , size = 28.487 KB
[08:43:22.952][info] [#0:script/workspace/loading.lua:100]: Preload file at: file:///home/mikep/.dotfiles/scripts/.local/share/nvim/mason/packages/lua-language-server/libexec/meta/default%20utf8/System.Security.lua , size = 28.059 KB
[08:43:22.963][info] [#0:script/workspace/loading.lua:100]: Preload file at: file:///home/mikep/.dotfiles/scripts/.local/share/nvim/mason/packages/lua-language-server/libexec/meta/default%20utf8/System.Net.lua , size = 105.698 KB
[08:43:23.001][info] [#0:script/workspace/loading.lua:100]: Preload file at: file:///home/mikep/.dotfiles/scripts/.local/share/nvim/mason/packages/lua-language-server/libexec/meta/default%20utf8/System.Runtime.Remoting.Lifetime.lua , size = 3.589 KB
[08:43:23.003][info] [#0:script/workspace/loading.lua:100]: Preload file at: file:///home/mikep/.dotfiles/scripts/.local/share/nvim/mason/packages/lua-language-server/libexec/meta/default%20utf8/UnityEngine.TestTools.lua , size = 4.341 KB
[08:43:23.004][info] [#0:script/workspace/loading.lua:100]: Preload file at: file:///home/mikep/.dotfiles/scripts/.local/share/nvim/mason/packages/lua-language-server/libexec/meta/default%20utf8/System.Runtime.Serialization.Formatters.lua , size = 5.704 KB
[08:43:23.007][info] [#0:script/workspace/loading.lua:100]: Preload file at: file:///home/mikep/.dotfiles/scripts/.local/share/nvim/mason/packages/lua-language-server/libexec/meta/default%20utf8/UnityEngine.Rendering.lua , size = 426.643 KB
[08:43:23.113][info] [#0:script/workspace/loading.lua:100]: Preload file at: file:///home/mikep/.dotfiles/scripts/.local/share/nvim/mason/packages/lua-language-server/libexec/meta/default%20utf8/System.Runtime.Serialization.Formatters.Binary.lua , size = 2.783 KB
[08:43:23.114][info] [#0:script/workspace/loading.lua:100]: Preload file at: file:///home/mikep/.dotfiles/scripts/.local/share/nvim/mason/packages/lua-language-server/libexec/meta/default%20utf8/UnityEngine.Lumin.lua , size = 0.420 KB
[08:43:23.114][info] [#0:script/workspace/loading.lua:100]: Preload file at: file:///home/mikep/.dotfiles/scripts/.local/share/nvim/mason/packages/lua-language-server/libexec/meta/default%20utf8/UnityEngine.Profiling.Experimental.lua , size = 0.731 KB
[08:43:23.115][info] [#0:script/workspace/loading.lua:100]: Preload file at: file:///home/mikep/.dotfiles/scripts/.local/share/nvim/mason/packages/lua-language-server/libexec/meta/default%20utf8/UnityEngine.EventSystems.lua , size = 34.987 KB
[08:43:23.124][info] [#0:script/workspace/loading.lua:100]: Preload file at: file:///home/mikep/.dotfiles/scripts/.local/share/nvim/mason/packages/lua-language-server/libexec/meta/default%20utf8/UnityEngine.PlayerLoop.lua , size = 33.623 KB
[08:43:23.132][info] [#0:script/workspace/loading.lua:100]: Preload file at: file:///home/mikep/.dotfiles/scripts/.local/share/nvim/mason/packages/lua-language-server/libexec/meta/default%20utf8/System.Net.Http.lua , size = 17.795 KB
[08:43:23.144][info] [#0:script/workspace/loading.lua:100]: Preload file at: file:///home/mikep/.dotfiles/scripts/.local/share/nvim/mason/packages/lua-language-server/libexec/meta/default%20utf8/System.Security.Cryptography.X509Certificates.lua , size = 52.798 KB
[08:43:23.158][info] [#0:script/workspace/loading.lua:100]: Preload file at: file:///home/mikep/.dotfiles/scripts/.local/share/nvim/mason/packages/lua-language-server/libexec/meta/default%20utf8/System.Data.SqlClient.lua , size = 65.225 KB
[08:43:23.180][info] [#0:script/workspace/loading.lua:100]: Preload file at: file:///home/mikep/.dotfiles/scripts/.local/share/nvim/mason/packages/lua-language-server/libexec/meta/default%20utf8/System.Runtime.Remoting.Metadata.lua , size = 3.699 KB
[08:43:23.181][info] [#0:script/workspace/loading.lua:100]: Preload file at: file:///home/mikep/.dotfiles/scripts/.local/share/nvim/mason/packages/lua-language-server/libexec/meta/default%20utf8/UnityEngine.UI.lua , size = 90.659 KB
[08:43:23.212][info] [#0:script/workspace/loading.lua:100]: Preload file at: file:///home/mikep/.dotfiles/scripts/.local/share/nvim/mason/packages/lua-language-server/libexec/meta/default%20utf8/System.Net.NetworkInformation.lua , size = 51.652 KB
[08:43:23.227][info] [#0:script/workspace/loading.lua:100]: Preload file at: file:///home/mikep/.dotfiles/scripts/.local/share/nvim/mason/packages/lua-language-server/libexec/meta/default%20utf8/System.Runtime.InteropServices.ComTypes.lua , size = 67.928 KB
[08:43:23.250][info] [#0:script/workspace/loading.lua:100]: Preload file at: file:///home/mikep/.dotfiles/scripts/.local/share/nvim/mason/packages/lua-language-server/libexec/meta/default%20utf8/System.Runtime.Versioning.lua , size = 4.865 KB
[08:43:23.253][info] [#0:script/workspace/loading.lua:100]: Preload file at: file:///home/mikep/.dotfiles/scripts/.local/share/nvim/mason/packages/lua-language-server/libexec/meta/default%20utf8/System.Runtime.Hosting.lua , size = 1.122 KB
[08:43:23.254][info] [#0:script/workspace/loading.lua:100]: Preload file at: file:///home/mikep/.dotfiles/scripts/.local/share/nvim/mason/packages/lua-language-server/libexec/meta/default%20utf8/System.Collections.ObjectModel.lua , size = 5.798 KB
[08:43:23.257][info] [#0:script/workspace/loading.lua:100]: Preload file at: file:///home/mikep/.dotfiles/scripts/.local/share/nvim/mason/packages/lua-language-server/libexec/meta/default%20utf8/System.Security.Authentication.lua , size = 3.254 KB
[08:43:23.258][info] [#0:script/workspace/loading.lua:100]: Preload file at: file:///home/mikep/.dotfiles/scripts/.local/share/nvim/mason/packages/lua-language-server/libexec/meta/default%20utf8/System.Data.Common.lua , size = 56.171 KB
[08:43:23.280][info] [#0:script/workspace/loading.lua:100]: Preload file at: file:///home/mikep/.dotfiles/scripts/.local/share/nvim/mason/packages/lua-language-server/libexec/meta/default%20utf8/UnityEngine.lua , size = 2462.148 KB
[08:43:23.280][info] [#0:script/client.lua:112]: ShowMessage	Info	Too large file: scripts/.local/share/nvim/mason/packages/lua-language-server/libexec/meta/default utf8/UnityEngine.lua skipped. The currently set size limit is: 500 KB, and the file size is: 2521.24 KB.
[08:43:23.281][info] [#0:script/workspace/loading.lua:100]: Preload file at: file:///home/mikep/.dotfiles/scripts/.local/share/nvim/mason/packages/lua-language-server/libexec/meta/default%20utf8/System.IO.MemoryMappedFiles.lua , size = 12.125 KB
[08:43:23.285][info] [#0:script/workspace/loading.lua:100]: Preload file at: file:///home/mikep/.dotfiles/scripts/.local/share/nvim/mason/packages/lua-language-server/libexec/meta/default%20utf8/UnityEngine.Android.lua , size = 22.264 KB
[08:43:23.291][info] [#0:script/workspace/loading.lua:100]: Preload file at: file:///home/mikep/.dotfiles/scripts/.local/share/nvim/mason/packages/lua-language-server/libexec/meta/default%20utf8/UnityEngine.CrashReportHandler.lua , size = 1.337 KB
[08:43:23.292][info] [#0:script/workspace/loading.lua:100]: Preload file at: file:///home/mikep/.dotfiles/scripts/.local/share/nvim/mason/packages/lua-language-server/libexec/meta/default%20utf8/System.ComponentModel.lua , size = 161.355 KB
[08:43:23.752][warn] [#0:script/files.lua:556]: Parse LuaDoc of [file:///home/mikep/.dotfiles/scripts/.local/share/nvim/mason/packages/lua-language-server/libexec/meta/default%20utf8/System.ComponentModel.lua] takes [0.441] sec, size [165.228] kb.
[08:43:23.783][info] [#0:script/workspace/loading.lua:100]: Preload file at: file:///home/mikep/.dotfiles/scripts/.local/share/nvim/mason/packages/lua-language-server/libexec/meta/default%20utf8/UnityEngine.SubsystemsImplementation.lua , size = 5.452 KB
[08:43:23.785][info] [#0:script/workspace/loading.lua:100]: Preload file at: file:///home/mikep/.dotfiles/scripts/.local/share/nvim/mason/packages/lua-language-server/libexec/meta/default%20utf8/UnityEngine.Serialization.lua , size = 1.281 KB
[08:43:23.786][info] [#0:script/workspace/loading.lua:100]: Preload file at: file:///home/mikep/.dotfiles/scripts/.local/share/nvim/mason/packages/lua-language-server/libexec/meta/default%20utf8/UnityEngine.Networking.Match.lua , size = 9.843 KB
[08:43:23.790][info] [#0:script/workspace/loading.lua:100]: Preload file at: file:///home/mikep/.dotfiles/scripts/.local/share/nvim/mason/packages/lua-language-server/libexec/meta/default%20utf8/System.Management.Instrumentation.lua , size = 6.796 KB
[08:43:23.792][info] [#0:script/workspace/loading.lua:100]: Preload file at: file:///home/mikep/.dotfiles/scripts/.local/share/nvim/mason/packages/lua-language-server/libexec/meta/default%20utf8/System.Xml.lua , size = 173.105 KB
[08:43:23.899][info] [#0:script/workspace/loading.lua:100]: Preload file at: file:///home/mikep/.dotfiles/scripts/.local/share/nvim/mason/packages/lua-language-server/libexec/meta/default%20utf8/System.Windows.Markup.lua , size = 0.304 KB
[08:43:23.900][info] [#0:script/workspace/loading.lua:100]: Preload file at: file:///home/mikep/.dotfiles/scripts/.local/share/nvim/mason/packages/lua-language-server/libexec/meta/default%20utf8/System.Reflection.lua , size = 92.548 KB
[08:43:23.938][info] [#0:script/workspace/loading.lua:100]: Preload file at: file:///home/mikep/.dotfiles/scripts/.local/share/nvim/mason/packages/lua-language-server/libexec/meta/default%20utf8/System.Net.Configuration.lua , size = 20.063 KB
[08:43:23.945][info] [#0:script/workspace/loading.lua:100]: Preload file at: file:///home/mikep/.dotfiles/scripts/.local/share/nvim/mason/packages/lua-language-server/libexec/meta/default%20utf8/System.Security.Cryptography.lua , size = 136.015 KB
[08:43:24.004][info] [#0:script/workspace/loading.lua:100]: Preload file at: file:///home/mikep/.dotfiles/scripts/.local/share/nvim/mason/packages/lua-language-server/libexec/meta/default%20utf8/System.Runtime.Remoting.Services.lua , size = 2.211 KB
[08:43:24.007][info] [#0:script/workspace/loading.lua:100]: Preload file at: file:///home/mikep/.dotfiles/scripts/.local/share/nvim/mason/packages/lua-language-server/libexec/meta/default%20utf8/UnityEngine.Networking.lua , size = 104.473 KB
[08:43:24.036][info] [#0:script/workspace/loading.lua:100]: Preload file at: file:///home/mikep/.dotfiles/scripts/.local/share/nvim/mason/packages/lua-language-server/libexec/meta/default%20utf8/System.Security.AccessControl.lua , size = 85.320 KB
[08:43:24.061][info] [#0:script/workspace/loading.lua:100]: Preload file at: file:///home/mikep/.dotfiles/scripts/.local/share/nvim/mason/packages/lua-language-server/libexec/meta/default%20utf8/UnityEngine.XR.WSA.lua , size = 0.511 KB
[08:43:24.062][info] [#0:script/workspace/loading.lua:100]: Preload file at: file:///home/mikep/.dotfiles/scripts/.local/share/nvim/mason/packages/lua-language-server/libexec/meta/default%20utf8/UnityEngine.Audio.lua , size = 11.520 KB
[08:43:24.066][info] [#0:script/workspace/loading.lua:100]: Preload file at: file:///home/mikep/.dotfiles/scripts/.local/share/nvim/mason/packages/lua-language-server/libexec/meta/default%20utf8/System.IO.Ports.lua , size = 10.580 KB
[08:43:24.070][info] [#0:script/workspace/loading.lua:100]: Preload file at: file:///home/mikep/.dotfiles/scripts/.local/share/nvim/mason/packages/lua-language-server/libexec/meta/default%20utf8/UnityEngine.Scripting.APIUpdating.lua , size = 0.296 KB
[08:43:24.070][info] [#0:script/workspace/loading.lua:100]: Preload file at: file:///home/mikep/.dotfiles/scripts/.local/share/nvim/mason/packages/lua-language-server/libexec/meta/default%20utf8/UnityEngine.Rendering.VirtualTexturing.lua , size = 24.665 KB
[08:43:24.077][info] [#0:script/workspace/loading.lua:100]: Preload file at: file:///home/mikep/.dotfiles/scripts/.local/share/nvim/mason/packages/lua-language-server/libexec/meta/default%20utf8/System.Net.Cache.lua , size = 3.527 KB
[08:43:24.078][info] [#0:script/workspace/loading.lua:100]: Preload file at: file:///home/mikep/.dotfiles/scripts/.local/share/nvim/mason/packages/lua-language-server/libexec/meta/default%20utf8/System.Data.SqlTypes.lua , size = 122.720 KB
[08:43:24.140][info] [#0:script/workspace/loading.lua:100]: Preload file at: file:///home/mikep/.dotfiles/scripts/.local/share/nvim/mason/packages/lua-language-server/libexec/meta/default%20utf8/UnityEngine.Experimental.Playables.lua , size = 7.727 KB
[08:43:24.142][info] [#0:script/workspace/loading.lua:100]: Preload file at: file:///home/mikep/.dotfiles/scripts/.local/share/nvim/mason/packages/lua-language-server/libexec/meta/default%20utf8/System.Diagnostics.Contracts.Internal.lua , size = 0.908 KB
[08:43:24.143][info] [#0:script/workspace/loading.lua:100]: Preload file at: file:///home/mikep/.dotfiles/scripts/.local/share/nvim/mason/packages/lua-language-server/libexec/meta/default%20utf8/System.Runtime.Serialization.Json.lua , size = 10.233 KB
[08:43:24.146][info] [#0:script/workspace/loading.lua:100]: Preload file at: file:///home/mikep/.dotfiles/scripts/.local/share/nvim/mason/packages/lua-language-server/libexec/meta/default%20utf8/System.Xml.Serialization.Configuration.lua , size = 5.143 KB
[08:43:24.148][info] [#0:script/workspace/loading.lua:100]: Preload file at: file:///home/mikep/.dotfiles/scripts/.local/share/nvim/mason/packages/lua-language-server/libexec/meta/default%20utf8/UnityEngine.Playables.lua , size = 53.928 KB
[08:43:24.163][info] [#0:script/workspace/loading.lua:100]: Preload file at: file:///home/mikep/.dotfiles/scripts/.local/share/nvim/mason/packages/lua-language-server/libexec/meta/default%20utf8/UnityEngine.VFX.lua , size = 85.528 KB
[08:43:24.182][info] [#0:script/workspace/loading.lua:100]: Preload file at: file:///home/mikep/.dotfiles/scripts/.local/share/nvim/mason/packages/lua-language-server/libexec/meta/default%20utf8/System.Timers.lua , size = 2.220 KB
[08:43:24.183][info] [#0:script/workspace/loading.lua:100]: Preload file at: file:///home/mikep/.dotfiles/scripts/.local/share/nvim/mason/packages/lua-language-server/libexec/meta/default%20utf8/UnityEngine.Scripting.lua , size = 4.674 KB
[08:43:24.184][info] [#0:script/workspace/loading.lua:100]: Preload file at: file:///home/mikep/.dotfiles/scripts/.local/share/nvim/mason/packages/lua-language-server/libexec/meta/default%20utf8/System.Text.lua , size = 45.507 KB
[08:43:24.203][info] [#0:script/workspace/loading.lua:100]: Preload file at: file:///home/mikep/.dotfiles/scripts/.local/share/nvim/mason/packages/lua-language-server/libexec/meta/default%20utf8/System.Diagnostics.PerformanceData.lua , size = 6.790 KB
[08:43:24.205][info] [#0:script/workspace/loading.lua:100]: Preload file at: file:///home/mikep/.dotfiles/scripts/.local/share/nvim/mason/packages/lua-language-server/libexec/meta/default%20utf8/UnityEngine.Experimental.TerrainAPI.lua , size = 31.936 KB
[08:43:24.212][info] [#0:script/workspace/loading.lua:100]: Preload file at: file:///home/mikep/.dotfiles/scripts/.local/share/nvim/mason/packages/lua-language-server/libexec/meta/default%20utf8/System.Diagnostics.Tracing.lua , size = 21.189 KB
[08:43:24.218][info] [#0:script/workspace/loading.lua:100]: Preload file at: file:///home/mikep/.dotfiles/scripts/.local/share/nvim/mason/packages/lua-language-server/libexec/meta/default%20utf8/System.Linq.lua , size = 90.836 KB
[08:43:24.251][info] [#0:script/workspace/loading.lua:100]: Preload file at: file:///home/mikep/.dotfiles/scripts/.local/share/nvim/mason/packages/lua-language-server/libexec/meta/default%20utf8/UnityEngine.AI.lua , size = 45.281 KB
[08:43:24.262][info] [#0:script/workspace/loading.lua:100]: Preload file at: file:///home/mikep/.dotfiles/scripts/.local/share/nvim/mason/packages/lua-language-server/libexec/meta/default%20utf8/UnityEngine.Networking.Types.lua , size = 4.943 KB
[08:43:24.263][info] [#0:script/workspace/loading.lua:100]: Preload file at: file:///home/mikep/.dotfiles/scripts/.local/share/nvim/mason/packages/lua-language-server/libexec/meta/default%20utf8/System.Data.lua , size = 108.626 KB
[08:43:24.296][info] [#0:script/workspace/loading.lua:100]: Preload file at: file:///home/mikep/.dotfiles/scripts/.local/share/nvim/mason/packages/lua-language-server/libexec/meta/default%20utf8/System.Collections.lua , size = 23.941 KB
[08:43:24.304][info] [#0:script/workspace/loading.lua:100]: Preload file at: file:///home/mikep/.dotfiles/scripts/.local/share/nvim/mason/packages/lua-language-server/libexec/meta/default%20utf8/System.Runtime.ConstrainedExecution.lua , size = 2.079 KB
[08:43:24.305][info] [#0:script/workspace/loading.lua:100]: Preload file at: file:///home/mikep/.dotfiles/scripts/.local/share/nvim/mason/packages/lua-language-server/libexec/meta/default%20utf8/System.Text.RegularExpressions.lua , size = 16.256 KB
[08:43:24.311][info] [#0:script/workspace/loading.lua:100]: Preload file at: file:///home/mikep/.dotfiles/scripts/.local/share/nvim/mason/packages/lua-language-server/libexec/meta/default%20utf8/UnityEngine.tvOS.lua , size = 3.779 KB
[08:43:24.312][info] [#0:script/workspace/loading.lua:100]: Preload file at: file:///home/mikep/.dotfiles/scripts/.local/share/nvim/mason/packages/lua-language-server/libexec/meta/default%20utf8/System.CodeDom.Compiler.lua , size = 26.997 KB
[08:43:24.320][info] [#0:script/workspace/loading.lua:100]: Preload file at: file:///home/mikep/.dotfiles/scripts/.local/share/nvim/mason/packages/lua-language-server/libexec/meta/default%20utf8/System.Data.OleDb.lua , size = 36.748 KB
[08:43:24.330][info] [#0:script/workspace/loading.lua:100]: Preload file at: file:///home/mikep/.dotfiles/scripts/.local/share/nvim/mason/packages/lua-language-server/libexec/meta/default%20utf8/UnityEngine.Experimental.AI.lua , size = 15.264 KB
[08:43:24.334][info] [#0:script/workspace/loading.lua:100]: Preload file at: file:///home/mikep/.dotfiles/scripts/.local/share/nvim/mason/packages/lua-language-server/libexec/meta/default%20utf8/System.Collections.Specialized.lua , size = 18.693 KB
[08:43:24.341][info] [#0:script/workspace/loading.lua:100]: Preload file at: file:///home/mikep/.dotfiles/scripts/.local/share/nvim/mason/packages/lua-language-server/libexec/meta/default%20utf8/System.Configuration.Assemblies.lua , size = 2.307 KB
[08:43:24.341][info] [#0:script/workspace/loading.lua:100]: Preload file at: file:///home/mikep/.dotfiles/scripts/.local/share/nvim/mason/packages/lua-language-server/libexec/meta/default%20utf8/UnityEngine.UIElements.Experimental.lua , size = 19.990 KB
[08:43:24.347][info] [#0:script/workspace/loading.lua:100]: Preload file at: file:///home/mikep/.dotfiles/scripts/.local/share/nvim/mason/packages/lua-language-server/libexec/meta/default%20utf8/UnityEngine.SocialPlatforms.lua , size = 15.120 KB
[08:43:24.351][info] [#0:script/workspace/loading.lua:100]: Preload file at: file:///home/mikep/.dotfiles/scripts/.local/share/nvim/mason/packages/lua-language-server/libexec/meta/default%20utf8/CS.lua , size = 644.007 KB
[08:43:24.351][info] [#0:script/workspace/loading.lua:100]: Preload file at: file:///home/mikep/.dotfiles/scripts/.local/share/nvim/mason/packages/lua-language-server/libexec/meta/default%20utf8/UnityEngine.Animations.lua , size = 105.935 KB
[08:43:24.374][info] [#0:script/workspace/loading.lua:100]: Preload file at: file:///home/mikep/.dotfiles/scripts/.local/share/nvim/mason/packages/lua-language-server/libexec/meta/default%20utf8/System.Runtime.Serialization.lua , size = 57.881 KB
[08:43:24.389][info] [#0:script/workspace/loading.lua:100]: Preload file at: file:///home/mikep/.dotfiles/scripts/.local/share/nvim/mason/packages/lua-language-server/libexec/meta/default%20utf8/System.Diagnostics.lua , size = 98.948 KB
[08:43:24.419][info] [#0:script/workspace/loading.lua:100]: Preload file at: file:///home/mikep/.dotfiles/scripts/.local/share/nvim/mason/packages/lua-language-server/libexec/meta/default%20utf8/UnityEngine.Assertions.Must.lua , size = 4.223 KB
[08:43:24.421][info] [#0:script/workspace/loading.lua:100]: Preload file at: file:///home/mikep/.dotfiles/scripts/.local/share/nvim/mason/packages/lua-language-server/libexec/meta/default%20utf8/System.Threading.Tasks.lua , size = 79.859 KB
[08:43:24.444][info] [#0:script/workspace/loading.lua:100]: Preload file at: file:///home/mikep/.dotfiles/scripts/.local/share/nvim/mason/packages/lua-language-server/libexec/meta/default%20utf8/System.ComponentModel.Design.Serialization.lua , size = 16.526 KB
[08:43:24.450][info] [#0:script/workspace/loading.lua:100]: Preload file at: file:///home/mikep/.dotfiles/scripts/.local/share/nvim/mason/packages/lua-language-server/libexec/meta/default%20utf8/UnityEngine.Windows.WebCam.lua , size = 26.911 KB
[08:43:24.457][info] [#0:script/workspace/loading.lua:100]: Preload file at: file:///home/mikep/.dotfiles/scripts/.local/share/nvim/mason/packages/lua-language-server/libexec/meta/default%20utf8/UnityEngine.Experimental.GlobalIllumination.lua , size = 30.305 KB
[08:43:24.464][info] [#0:script/workspace/loading.lua:100]: Preload file at: file:///home/mikep/.dotfiles/scripts/.local/share/nvim/mason/packages/lua-language-server/libexec/meta/default%20utf8/System.Runtime.lua , size = 2.640 KB
[08:43:24.465][info] [#0:script/workspace/loading.lua:100]: Preload file at: file:///home/mikep/.dotfiles/scripts/.local/share/nvim/mason/packages/lua-language-server/libexec/meta/default%20utf8/System.Data.Sql.lua , size = 0.710 KB
[08:43:24.465][info] [#0:script/workspace/loading.lua:100]: Preload file at: file:///home/mikep/.dotfiles/scripts/.local/share/nvim/mason/packages/lua-language-server/libexec/meta/default%20utf8/System.Xml.Schema.lua , size = 59.300 KB
[08:43:24.483][info] [#0:script/workspace/loading.lua:100]: Preload file at: file:///home/mikep/.dotfiles/scripts/.local/share/nvim/mason/packages/lua-language-server/libexec/meta/default%20utf8/System.Xml.Serialization.lua , size = 60.651 KB
[08:43:24.502][info] [#0:script/workspace/loading.lua:100]: Preload file at: file:///home/mikep/.dotfiles/scripts/.local/share/nvim/mason/packages/lua-language-server/libexec/meta/default%20utf8/System.CodeDom.lua , size = 46.845 KB
[08:43:24.516][info] [#0:script/workspace/loading.lua:100]: Preload file at: file:///home/mikep/.dotfiles/scripts/.local/share/nvim/mason/packages/lua-language-server/libexec/meta/default%20utf8/System.Security.Claims.lua , size = 11.056 KB
[08:43:24.521][info] [#0:script/workspace/loading.lua:100]: Preload file at: file:///home/mikep/.dotfiles/scripts/.local/share/nvim/mason/packages/lua-language-server/libexec/meta/default%20utf8/UnityEngine.Experimental.AssetBundlePatching.lua , size = 0.479 KB
[08:43:24.521][info] [#0:script/workspace/loading.lua:100]: Preload file at: file:///home/mikep/.dotfiles/scripts/.local/share/nvim/mason/packages/lua-language-server/libexec/meta/default%20utf8/UnityEngine.Accessibility.lua , size = 1.033 KB
[08:43:24.522][info] [#0:script/workspace/loading.lua:100]: Preload file at: file:///home/mikep/.dotfiles/scripts/.local/share/nvim/mason/packages/lua-language-server/libexec/meta/default%20utf8/UnityEngine.Profiling.lua , size = 15.659 KB
[08:43:24.527][info] [#0:script/workspace/loading.lua:100]: Preload file at: file:///home/mikep/.dotfiles/scripts/.local/share/nvim/mason/packages/lua-language-server/libexec/meta/default%20utf8/UnityEngine.Sprites.lua , size = 1.006 KB
[08:43:24.527][info] [#0:script/workspace/loading.lua:100]: Preload file at: file:///home/mikep/.dotfiles/scripts/.local/share/nvim/mason/packages/lua-language-server/libexec/meta/default%20utf8/System.Linq.Expressions.lua , size = 123.213 KB
[08:43:24.572][info] [#0:script/workspace/loading.lua:100]: Preload file at: file:///home/mikep/.dotfiles/scripts/.local/share/nvim/mason/packages/lua-language-server/libexec/meta/default%20utf8/System.Security.Authentication.ExtendedProtection.Configuration.lua , size = 2.905 KB
[08:43:24.573][info] [#0:script/workspace/loading.lua:100]: Preload file at: file:///home/mikep/.dotfiles/scripts/.local/share/nvim/mason/packages/lua-language-server/libexec/meta/default%20utf8/UnityEngine.Diagnostics.lua , size = 2.951 KB
[08:43:24.577][info] [#0:script/workspace/loading.lua:100]: Preload file at: file:///home/mikep/.dotfiles/scripts/.local/share/nvim/mason/packages/lua-language-server/libexec/meta/default%20utf8/UnityEngine.Profiling.Memory.Experimental.lua , size = 3.857 KB
[08:43:24.578][info] [#0:script/workspace/loading.lua:100]: Preload file at: file:///home/mikep/.dotfiles/scripts/.local/share/nvim/mason/packages/lua-language-server/libexec/meta/default%20utf8/UnityEngine.Internal.lua , size = 0.736 KB
[08:43:24.578][info] [#0:script/workspace/loading.lua:100]: Preload file at: file:///home/mikep/.dotfiles/scripts/.local/share/nvim/mason/packages/lua-language-server/libexec/meta/default%20utf8/UnityEngine.SceneManagement.lua , size = 23.765 KB
[08:43:24.589][info] [#0:script/workspace/loading.lua:100]: Preload file at: file:///home/mikep/.dotfiles/scripts/.local/share/nvim/mason/packages/lua-language-server/libexec/meta/default%20utf8/System.Net.Mail.lua , size = 18.069 KB
[08:43:24.597][info] [#0:script/workspace/loading.lua:100]: Preload file at: file:///home/mikep/.dotfiles/scripts/.local/share/nvim/mason/packages/lua-language-server/libexec/meta/default%20utf8/System.Net.Security.lua , size = 27.139 KB
[08:43:24.612][info] [#0:script/workspace/loading.lua:100]: Preload file at: file:///home/mikep/.dotfiles/scripts/.local/share/nvim/mason/packages/lua-language-server/libexec/meta/default%20utf8/System.Runtime.Remoting.Proxies.lua , size = 3.094 KB
[08:43:24.613][info] [#0:script/workspace/loading.lua:100]: Preload file at: file:///home/mikep/.dotfiles/scripts/.local/share/nvim/mason/packages/lua-language-server/libexec/meta/default%20utf8/UnityEngine.Experimental.Video.lua , size = 3.693 KB
[08:43:24.615][info] [#0:script/workspace/loading.lua:100]: Preload file at: file:///home/mikep/.dotfiles/scripts/.local/share/nvim/mason/packages/lua-language-server/libexec/meta/default%20utf8/System.Security.Policy.lua , size = 43.002 KB
[08:43:24.635][info] [#0:script/workspace/loading.lua:100]: Preload file at: file:///home/mikep/.dotfiles/scripts/.local/share/nvim/mason/packages/lua-language-server/libexec/meta/default%20utf8/System.Web.lua , size = 2.355 KB
[08:43:24.636][info] [#0:script/workspace/loading.lua:100]: Preload file at: file:///home/mikep/.dotfiles/scripts/.local/share/nvim/mason/packages/lua-language-server/libexec/meta/default%20utf8/System.IO.Pipes.lua , size = 13.634 KB
[08:43:24.640][info] [#0:script/workspace/loading.lua:100]: Preload file at: file:///home/mikep/.dotfiles/scripts/.local/share/nvim/mason/packages/lua-language-server/libexec/meta/default%20utf8/UnityEngine.Experimental.Rendering.lua , size = 98.020 KB
[08:43:24.657][info] [#0:script/workspace/loading.lua:100]: Preload file at: file:///home/mikep/.dotfiles/scripts/.local/share/nvim/mason/packages/lua-language-server/libexec/meta/default%20utf8/UnityEngine.Assertions.lua , size = 27.176 KB
[08:43:24.665][info] [#0:script/workspace/loading.lua:100]: Preload file at: file:///home/mikep/.dotfiles/scripts/.local/share/nvim/mason/packages/lua-language-server/libexec/meta/default%20utf8/System.Net.Mime.lua , size = 3.519 KB
[08:43:24.666][info] [#0:script/workspace/loading.lua:100]: Preload file at: file:///home/mikep/.dotfiles/scripts/.local/share/nvim/mason/packages/lua-language-server/libexec/meta/default%20utf8/System.Runtime.InteropServices.Expando.lua , size = 0.789 KB
[08:43:24.667][info] [#0:script/workspace/loading.lua:100]: Preload file at: file:///home/mikep/.dotfiles/scripts/.local/share/nvim/mason/packages/lua-language-server/libexec/meta/default%20utf8/System.Collections.Generic.lua , size = 39.646 KB
[08:43:24.683][info] [#0:script/workspace/loading.lua:100]: Preload file at: file:///home/mikep/.dotfiles/scripts/.local/share/nvim/mason/packages/lua-language-server/libexec/meta/default%20utf8/UnityEngine.Video.lua , size = 28.498 KB
[08:43:24.689][info] [#0:script/workspace/loading.lua:100]: Preload file at: file:///home/mikep/.dotfiles/scripts/.local/share/nvim/mason/packages/lua-language-server/libexec/meta/default%20utf8/UnityEngine.XR.lua , size = 91.891 KB
[08:43:24.714][info] [#0:script/workspace/loading.lua:100]: Preload file at: file:///home/mikep/.dotfiles/scripts/.local/share/nvim/mason/packages/lua-language-server/libexec/meta/default%20utf8/System.Xml.Resolvers.lua , size = 2.564 KB
[08:43:24.716][info] [#0:script/workspace/loading.lua:100]: Preload file at: file:///home/mikep/.dotfiles/scripts/.local/share/nvim/mason/packages/lua-language-server/libexec/meta/default%20utf8/UnityEngine.Jobs.lua , size = 4.501 KB
[08:43:24.717][info] [#0:script/workspace/loading.lua:100]: Preload file at: file:///home/mikep/.dotfiles/scripts/.local/share/nvim/mason/packages/lua-language-server/libexec/meta/default%20utf8/UnityEngine.TextCore.LowLevel.lua , size = 29.067 KB
[08:43:24.723][info] [#0:script/workspace/loading.lua:100]: Preload file at: file:///home/mikep/.dotfiles/scripts/.local/share/nvim/mason/packages/lua-language-server/libexec/meta/default%20utf8/UnityEngine.SubsystemsImplementation.Extensions.lua , size = 0.854 KB
[08:43:24.723][info] [#0:script/workspace/loading.lua:100]: Preload file at: file:///home/mikep/.dotfiles/scripts/.local/share/nvim/mason/packages/lua-language-server/libexec/meta/default%20utf8/System.Runtime.Remoting.Contexts.lua , size = 11.392 KB
[08:43:24.727][info] [#0:script/workspace/loading.lua:100]: Preload file at: file:///home/mikep/.dotfiles/scripts/.local/share/nvim/mason/packages/lua-language-server/libexec/meta/default%20utf8/UnityEngine.Rendering.PostProcessing.lua , size = 98.178 KB
[08:43:24.751][info] [#0:script/workspace/loading.lua:100]: Preload file at: file:///home/mikep/.dotfiles/scripts/.local/share/nvim/mason/packages/lua-language-server/libexec/meta/default%20utf8/System.Security.Authentication.ExtendedProtection.lua , size = 6.107 KB
[08:43:24.755][info] [#0:script/workspace/loading.lua:100]: Preload file at: file:///home/mikep/.dotfiles/scripts/.local/share/nvim/mason/packages/lua-language-server/libexec/meta/default%20utf8/System.Deployment.Internal.lua , size = 1.848 KB
[08:43:24.756][info] [#0:script/workspace/loading.lua:100]: Preload file at: file:///home/mikep/.dotfiles/scripts/.local/share/nvim/mason/packages/lua-language-server/libexec/meta/default%20utf8/UnityEngine.Tilemaps.lua , size = 36.893 KB
[08:43:24.766][info] [#0:script/workspace/loading.lua:100]: Preload file at: file:///home/mikep/.dotfiles/scripts/.local/share/nvim/mason/packages/lua-language-server/libexec/meta/default%20utf8/System.Resources.lua , size = 7.785 KB
[08:43:24.769][info] [#0:script/workspace/loading.lua:100]: Preload file at: file:///home/mikep/.dotfiles/scripts/.local/share/nvim/mason/packages/lua-language-server/libexec/meta/default%20utf8/System.Configuration.lua , size = 30.104 KB
[08:43:24.778][info] [#0:script/workspace/loading.lua:100]: Preload file at: file:///home/mikep/.dotfiles/scripts/.local/share/nvim/mason/packages/lua-language-server/libexec/meta/default%20utf8/System.Runtime.InteropServices.WindowsRuntime.lua , size = 8.978 KB
[08:43:24.780][info] [#0:script/workspace/loading.lua:100]: Preload file at: file:///home/mikep/.dotfiles/scripts/.local/share/nvim/mason/packages/lua-language-server/libexec/meta/default%20utf8/UnityEngine.Timeline.lua , size = 48.965 KB
[08:43:24.795][info] [#0:script/workspace/loading.lua:100]: Preload file at: file:///home/mikep/.dotfiles/scripts/.local/share/nvim/mason/packages/lua-language-server/libexec/meta/default%20utf8/System.Runtime.DesignerServices.lua , size = 0.981 KB
[08:43:24.796][info] [#0:script/workspace/loading.lua:100]: Preload file at: file:///home/mikep/.dotfiles/scripts/.local/share/nvim/mason/packages/lua-language-server/libexec/meta/default%20utf8/System.Net.Sockets.lua , size = 69.397 KB
[08:43:24.819][info] [#0:script/workspace/loading.lua:100]: Preload file at: file:///home/mikep/.dotfiles/scripts/.local/share/nvim/mason/packages/lua-language-server/libexec/meta/default%20utf8/System.Runtime.InteropServices.lua , size = 211.883 KB
[08:43:24.893][info] [#0:script/workspace/loading.lua:100]: Preload file at: file:///home/mikep/.dotfiles/scripts/.local/share/nvim/mason/packages/lua-language-server/libexec/meta/default%20utf8/System.Security.Permissions.lua , size = 60.844 KB
[08:43:24.911][info] [#0:script/workspace/loading.lua:100]: Preload file at: file:///home/mikep/.dotfiles/scripts/.local/share/nvim/mason/packages/lua-language-server/libexec/meta/default%20utf8/System.Xml.Serialization.Advanced.lua , size = 4.420 KB
[08:43:24.913][info] [#0:script/workspace/loading.lua:100]: Preload file at: file:///home/mikep/.dotfiles/scripts/.local/share/nvim/mason/packages/lua-language-server/libexec/meta/default%20utf8/UnityEngine.Windows.lua , size = 4.466 KB
[08:43:24.914][info] [#0:script/workspace/loading.lua:100]: Preload file at: file:///home/mikep/.dotfiles/scripts/.local/share/nvim/mason/packages/lua-language-server/libexec/meta/default%20utf8/System.Diagnostics.CodeAnalysis.lua , size = 0.703 KB
[08:43:24.915][info] [#0:script/workspace/loading.lua:100]: Preload file at: file:///home/mikep/.dotfiles/scripts/.local/share/nvim/mason/packages/lua-language-server/libexec/locale/zh-tw/meta.lua , size = 30.774 KB
[08:43:24.918][info] [#0:script/workspace/loading.lua:100]: Preload file at: file:///home/mikep/.dotfiles/scripts/.local/share/nvim/mason/packages/lua-language-server/libexec/locale/zh-tw/setting.lua , size = 23.962 KB
[08:43:24.923][info] [#0:script/workspace/loading.lua:100]: Preload file at: file:///home/mikep/.dotfiles/scripts/.local/share/nvim/mason/packages/lua-language-server/libexec/locale/en-us/meta.lua , size = 31.741 KB
[08:43:24.927][info] [#0:script/workspace/loading.lua:100]: Preload file at: file:///home/mikep/.dotfiles/scripts/.local/share/nvim/mason/packages/lua-language-server/libexec/locale/zh-tw/script.lua , size = 36.517 KB
[08:43:24.931][info] [#0:script/workspace/loading.lua:100]: Preload file at: file:///home/mikep/.dotfiles/scripts/.local/share/nvim/mason/packages/lua-language-server/libexec/locale/en-us/setting.lua , size = 23.603 KB
[08:43:24.935][info] [#0:script/workspace/loading.lua:100]: Preload file at: file:///home/mikep/.dotfiles/scripts/.local/share/nvim/mason/packages/lua-language-server/libexec/locale/en-us/script.lua , size = 35.322 KB
[08:43:24.939][info] [#0:script/workspace/loading.lua:100]: Preload file at: file:///home/mikep/.dotfiles/scripts/.local/share/nvim/mason/packages/lua-language-server/libexec/locale/ja-jp/meta.lua , size = 37.868 KB
[08:43:24.944][info] [#0:script/workspace/loading.lua:100]: Preload file at: file:///home/mikep/.dotfiles/scripts/.local/share/nvim/mason/packages/lua-language-server/libexec/locale/ja-jp/setting.lua , size = 28.266 KB
[08:43:24.948][info] [#0:script/workspace/loading.lua:100]: Preload file at: file:///home/mikep/.dotfiles/scripts/.local/share/nvim/mason/packages/lua-language-server/libexec/locale/ja-jp/script.lua , size = 44.658 KB
[08:43:24.952][info] [#0:script/workspace/loading.lua:100]: Preload file at: file:///home/mikep/.dotfiles/scripts/.local/share/nvim/mason/packages/lua-language-server/libexec/locale/zh-cn/setting.lua , size = 20.328 KB
[08:43:24.956][info] [#0:script/workspace/loading.lua:100]: Preload file at: file:///home/mikep/.dotfiles/scripts/.local/share/nvim/mason/packages/lua-language-server/libexec/locale/zh-cn/meta.lua , size = 30.653 KB
[08:43:24.964][info] [#0:script/workspace/loading.lua:100]: Preload file at: file:///home/mikep/.dotfiles/scripts/.local/share/nvim/mason/packages/lua-language-server/libexec/locale/zh-cn/script.lua , size = 35.477 KB
[08:43:24.968][info] [#0:script/workspace/loading.lua:100]: Preload file at: file:///home/mikep/.dotfiles/scripts/.local/share/nvim/mason/packages/lua-language-server/libexec/locale/pt-br/meta.lua , size = 34.379 KB
[08:43:24.972][info] [#0:script/workspace/loading.lua:100]: Preload file at: file:///home/mikep/.dotfiles/scripts/.local/share/nvim/mason/packages/lua-language-server/libexec/locale/pt-br/setting.lua , size = 27.723 KB
[08:43:24.976][info] [#0:script/workspace/loading.lua:100]: Preload file at: file:///home/mikep/.dotfiles/scripts/.local/share/nvim/mason/packages/lua-language-server/libexec/log/middleScript.lua , size = 1.380 KB
[08:43:24.977][info] [#0:script/workspace/loading.lua:100]: Preload file at: file:///home/mikep/.dotfiles/scripts/.local/share/nvim/mason/packages/lua-language-server/libexec/bin/main.lua , size = 2.162 KB
[08:43:24.978][info] [#0:script/workspace/loading.lua:100]: Preload file at: file:///home/mikep/.dotfiles/scripts/.local/share/nvim/mason/packages/lua-language-server/libexec/locale/pt-br/script.lua , size = 39.190 KB
[08:43:24.983][info] [#0:script/workspace/loading.lua:100]: Preload file at: file:///home/mikep/.dotfiles/scripts/.local/share/nvim/mason/packages/lua-language-server/libexec/script/text-merger.lua , size = 3.001 KB
[08:43:24.984][info] [#0:script/workspace/loading.lua:100]: Preload file at: file:///home/mikep/.dotfiles/scripts/.local/share/nvim/mason/packages/lua-language-server/libexec/script/jsonc.lua , size = 10.552 KB
[08:43:24.988][info] [#0:script/workspace/loading.lua:100]: Preload file at: file:///home/mikep/.dotfiles/scripts/.local/share/nvim/mason/packages/lua-language-server/libexec/script/version.lua , size = 0.546 KB
[08:43:24.988][info] [#0:script/workspace/loading.lua:100]: Preload file at: file:///home/mikep/.dotfiles/scripts/.local/share/nvim/mason/packages/lua-language-server/libexec/script/SDBMHash.lua , size = 1.206 KB
[08:43:24.989][info] [#0:script/workspace/loading.lua:100]: Preload file at: file:///home/mikep/.dotfiles/scripts/.local/share/nvim/mason/packages/lua-language-server/libexec/script/json-beautify.lua , size = 4.594 KB
[08:43:24.990][info] [#0:script/workspace/loading.lua:100]: Preload file at: file:///home/mikep/.dotfiles/scripts/.local/share/nvim/mason/packages/lua-language-server/libexec/script/filewatch.lua , size = 3.133 KB
[08:43:24.992][info] [#0:script/workspace/loading.lua:100]: Preload file at: file:///home/mikep/.dotfiles/scripts/.local/share/nvim/mason/packages/lua-language-server/libexec/script/utility.lua , size = 24.061 KB
[08:43:25.001][info] [#0:script/workspace/loading.lua:100]: Preload file at: file:///home/mikep/.dotfiles/scripts/.local/share/nvim/mason/packages/lua-language-server/libexec/script/json.lua , size = 14.861 KB
[08:43:25.006][info] [#0:script/workspace/loading.lua:100]: Preload file at: file:///home/mikep/.dotfiles/scripts/.local/share/nvim/mason/packages/lua-language-server/libexec/script/brave/brave.lua , size = 1.533 KB
[08:43:25.008][info] [#0:script/workspace/loading.lua:100]: Preload file at: file:///home/mikep/.dotfiles/scripts/.local/share/nvim/mason/packages/lua-language-server/libexec/script/brave/init.lua , size = 0.069 KB
[08:43:25.008][info] [#0:script/workspace/loading.lua:100]: Preload file at: file:///home/mikep/.dotfiles/scripts/.local/share/nvim/mason/packages/lua-language-server/libexec/script/brave/work.lua , size = 3.081 KB
[08:43:25.010][info] [#0:script/workspace/loading.lua:100]: Preload file at: file:///home/mikep/.dotfiles/scripts/.local/share/nvim/mason/packages/lua-language-server/libexec/script/brave/log.lua , size = 1.054 KB
[08:43:25.010][info] [#0:script/workspace/loading.lua:100]: Preload file at: file:///home/mikep/.dotfiles/scripts/.local/share/nvim/mason/packages/lua-language-server/libexec/script/encoder/init.lua , size = 3.137 KB
[08:43:25.012][info] [#0:script/workspace/loading.lua:100]: Preload file at: file:///home/mikep/.dotfiles/scripts/.local/share/nvim/mason/packages/lua-language-server/libexec/script/doctor.lua , size = 17.165 KB
[08:43:25.016][info] [#0:script/workspace/loading.lua:100]: Preload file at: file:///home/mikep/.dotfiles/scripts/.local/share/nvim/mason/packages/lua-language-server/libexec/script/encoder/utf16.lua , size = 4.196 KB
[08:43:25.018][info] [#0:script/workspace/loading.lua:100]: Preload file at: file:///home/mikep/.dotfiles/scripts/.local/share/nvim/mason/packages/lua-language-server/libexec/script/encoder/ansi.lua , size = 0.365 KB
[08:43:25.019][info] [#0:script/workspace/loading.lua:100]: Preload file at: file:///home/mikep/.dotfiles/scripts/.local/share/nvim/mason/packages/lua-language-server/libexec/script/lazytable.lua , size = 8.425 KB
[08:43:25.022][info] [#0:script/workspace/loading.lua:100]: Preload file at: file:///home/mikep/.dotfiles/scripts/.local/share/nvim/mason/packages/lua-language-server/libexec/script/library.lua , size = 20.034 KB
[08:43:25.028][info] [#0:script/workspace/loading.lua:100]: Preload file at: file:///home/mikep/.dotfiles/scripts/.local/share/nvim/mason/packages/lua-language-server/libexec/script/inspect.lua , size = 8.271 KB
[08:43:25.031][info] [#0:script/workspace/loading.lua:100]: Preload file at: file:///home/mikep/.dotfiles/scripts/.local/share/nvim/mason/packages/lua-language-server/libexec/script/gc.lua , size = 2.936 KB
[08:43:25.032][info] [#0:script/workspace/loading.lua:100]: Preload file at: file:///home/mikep/.dotfiles/scripts/.local/share/nvim/mason/packages/lua-language-server/libexec/script/meta/bee/filewatch.lua , size = 0.509 KB
[08:43:25.033][info] [#0:script/workspace/loading.lua:100]: Preload file at: file:///home/mikep/.dotfiles/scripts/.local/share/nvim/mason/packages/lua-language-server/libexec/script/meta/bee/thread.lua , size = 0.598 KB
[08:43:25.034][info] [#0:script/workspace/loading.lua:100]: Preload file at: file:///home/mikep/.dotfiles/scripts/.local/share/nvim/mason/packages/lua-language-server/libexec/script/meta/bee/socket.lua , size = 1.332 KB
[08:43:25.035][info] [#0:script/workspace/loading.lua:100]: Preload file at: file:///home/mikep/.dotfiles/scripts/.local/share/nvim/mason/packages/lua-language-server/libexec/script/meta/bee/filesystem.lua , size = 1.815 KB
[08:43:25.035][info] [#0:script/workspace/loading.lua:100]: Preload file at: file:///home/mikep/.dotfiles/scripts/.local/share/nvim/mason/packages/lua-language-server/libexec/script/plugins/astHelper.lua , size = 2.646 KB
[08:43:25.036][info] [#0:script/workspace/loading.lua:100]: Preload file at: file:///home/mikep/.dotfiles/scripts/.local/share/nvim/mason/packages/lua-language-server/libexec/script/plugins/init.lua , size = 0.021 KB
[08:43:25.037][info] [#0:script/workspace/loading.lua:100]: Preload file at: file:///home/mikep/.dotfiles/scripts/.local/share/nvim/mason/packages/lua-language-server/libexec/script/plugins/ffi/c-parser/typed.lua , size = 4.115 KB
[08:43:25.038][info] [#0:script/workspace/loading.lua:100]: Preload file at: file:///home/mikep/.dotfiles/scripts/.local/share/nvim/mason/packages/lua-language-server/libexec/script/plugins/ffi/c-parser/util.lua , size = 0.475 KB
[08:43:25.039][info] [#0:script/workspace/loading.lua:100]: Preload file at: file:///home/mikep/.dotfiles/scripts/.local/share/nvim/mason/packages/lua-language-server/libexec/script/plugins/ffi/searchCode.lua , size = 1.740 KB
[08:43:25.040][info] [#0:script/workspace/loading.lua:100]: Preload file at: file:///home/mikep/.dotfiles/scripts/.local/share/nvim/mason/packages/lua-language-server/libexec/script/plugins/ffi/c-parser/c99.lua , size = 25.434 KB
[08:43:25.042][info] [#0:script/workspace/loading.lua:100]: Preload file at: file:///home/mikep/.dotfiles/scripts/.local/share/nvim/mason/packages/lua-language-server/libexec/script/plugins/ffi/c-parser/cdriver.lua , size = 1.504 KB
[08:43:25.043][info] [#0:script/workspace/loading.lua:100]: Preload file at: file:///home/mikep/.dotfiles/scripts/.local/share/nvim/mason/packages/lua-language-server/libexec/script/plugins/ffi/c-parser/ctypes.lua , size = 16.584 KB
[08:43:25.048][info] [#0:script/workspace/loading.lua:100]: Preload file at: file:///home/mikep/.dotfiles/scripts/.local/share/nvim/mason/packages/lua-language-server/libexec/script/plugins/ffi/c-parser/cdefines.lua , size = 4.068 KB
[08:43:25.050][info] [#0:script/workspace/loading.lua:100]: Preload file at: file:///home/mikep/.dotfiles/scripts/.local/share/nvim/mason/packages/lua-language-server/libexec/script/plugins/ffi/c-parser/cpp.lua , size = 27.731 KB
[08:43:25.058][info] [#0:script/workspace/loading.lua:100]: Preload file at: file:///home/mikep/.dotfiles/scripts/.local/share/nvim/mason/packages/lua-language-server/libexec/script/plugins/ffi/init.lua , size = 10.152 KB
[08:43:25.062][info] [#0:script/workspace/loading.lua:100]: Preload file at: file:///home/mikep/.dotfiles/scripts/.local/share/nvim/mason/packages/lua-language-server/libexec/script/plugins/ffi/cdefRerence.lua , size = 1.023 KB
[08:43:25.062][info] [#0:script/workspace/loading.lua:100]: Preload file at: file:///home/mikep/.dotfiles/scripts/.local/share/nvim/mason/packages/lua-language-server/libexec/script/without-check-nil.lua , size = 2.761 KB
[08:43:25.063][info] [#0:script/workspace/loading.lua:100]: Preload file at: file:///home/mikep/.dotfiles/scripts/.local/share/nvim/mason/packages/lua-language-server/libexec/script/plugins/nodeHelper.lua , size = 1.880 KB
[08:43:25.064][info] [#0:script/workspace/loading.lua:100]: Preload file at: file:///home/mikep/.dotfiles/scripts/.local/share/nvim/mason/packages/lua-language-server/libexec/script/cli/version.lua , size = 0.061 KB
[08:43:25.065][info] [#0:script/workspace/loading.lua:100]: Preload file at: file:///home/mikep/.dotfiles/scripts/.local/share/nvim/mason/packages/lua-language-server/libexec/script/cli/init.lua , size = 0.476 KB
[08:43:25.065][info] [#0:script/workspace/loading.lua:100]: Preload file at: file:///home/mikep/.dotfiles/scripts/.local/share/nvim/mason/packages/lua-language-server/libexec/script/cli/visualize.lua , size = 2.457 KB
[08:43:25.067][info] [#0:script/workspace/loading.lua:100]: Preload file at: file:///home/mikep/.dotfiles/scripts/.local/share/nvim/mason/packages/lua-language-server/libexec/script/cli/check.lua , size = 2.791 KB
[08:43:25.068][info] [#0:script/workspace/loading.lua:100]: Preload file at: file:///home/mikep/.dotfiles/scripts/.local/share/nvim/mason/packages/lua-language-server/libexec/script/cli/doc/export.lua , size = 12.145 KB
[08:43:25.072][info] [#0:script/workspace/loading.lua:100]: Preload file at: file:///home/mikep/.dotfiles/scripts/.local/share/nvim/mason/packages/lua-language-server/libexec/script/cli/doc/init.lua , size = 7.765 KB
[08:43:25.075][info] [#0:script/workspace/loading.lua:100]: Preload file at: file:///home/mikep/.dotfiles/scripts/.local/share/nvim/mason/packages/lua-language-server/libexec/script/files.lua , size = 24.193 KB
[08:43:25.084][info] [#0:script/workspace/loading.lua:100]: Preload file at: file:///home/mikep/.dotfiles/scripts/.local/share/nvim/mason/packages/lua-language-server/libexec/script/locale-loader.lua , size = 0.593 KB
[08:43:25.084][info] [#0:script/workspace/loading.lua:100]: Preload file at: file:///home/mikep/.dotfiles/scripts/.local/share/nvim/mason/packages/lua-language-server/libexec/script/config/loader.lua , size = 3.535 KB
[08:43:25.085][info] [#0:script/workspace/loading.lua:100]: Preload file at: file:///home/mikep/.dotfiles/scripts/.local/share/nvim/mason/packages/lua-language-server/libexec/script/config/env.lua , size = 1.405 KB
[08:43:25.086][info] [#0:script/workspace/loading.lua:100]: Preload file at: file:///home/mikep/.dotfiles/scripts/.local/share/nvim/mason/packages/lua-language-server/libexec/script/cli/check_worker.lua , size = 5.140 KB
[08:43:25.088][info] [#0:script/workspace/loading.lua:100]: Preload file at: file:///home/mikep/.dotfiles/scripts/.local/share/nvim/mason/packages/lua-language-server/libexec/script/config/init.lua , size = 0.053 KB
[08:43:25.088][info] [#0:script/workspace/loading.lua:100]: Preload file at: file:///home/mikep/.dotfiles/scripts/.local/share/nvim/mason/packages/lua-language-server/libexec/script/config/template.lua , size = 19.731 KB
[08:43:25.092][info] [#0:script/workspace/loading.lua:100]: Preload file at: file:///home/mikep/.dotfiles/scripts/.local/share/nvim/mason/packages/lua-language-server/libexec/script/config/config.lua , size = 6.676 KB
[08:43:25.095][info] [#0:script/workspace/loading.lua:100]: Preload file at: file:///home/mikep/.dotfiles/scripts/.local/share/nvim/mason/packages/lua-language-server/libexec/script/core/hover/description.lua , size = 15.837 KB
[08:43:25.100][info] [#0:script/workspace/loading.lua:100]: Preload file at: file:///home/mikep/.dotfiles/scripts/.local/share/nvim/mason/packages/lua-language-server/libexec/script/core/hover/init.lua , size = 4.313 KB
[08:43:25.102][info] [#0:script/workspace/loading.lua:100]: Preload file at: file:///home/mikep/.dotfiles/scripts/.local/share/nvim/mason/packages/lua-language-server/libexec/script/core/hover/return.lua , size = 2.159 KB
[08:43:25.103][info] [#0:script/workspace/loading.lua:100]: Preload file at: file:///home/mikep/.dotfiles/scripts/.local/share/nvim/mason/packages/lua-language-server/libexec/script/core/hover/name.lua , size = 2.603 KB
[08:43:25.104][info] [#0:script/workspace/loading.lua:100]: Preload file at: file:///home/mikep/.dotfiles/scripts/.local/share/nvim/mason/packages/lua-language-server/libexec/script/core/hover/label.lua , size = 6.287 KB
[08:43:25.106][info] [#0:script/workspace/loading.lua:100]: Preload file at: file:///home/mikep/.dotfiles/scripts/.local/share/nvim/mason/packages/lua-language-server/libexec/script/core/hover/args.lua , size = 2.157 KB
[08:43:25.107][info] [#0:script/workspace/loading.lua:100]: Preload file at: file:///home/mikep/.dotfiles/scripts/.local/share/nvim/mason/packages/lua-language-server/libexec/script/core/hover/table.lua , size = 5.967 KB
[08:43:25.110][info] [#0:script/workspace/loading.lua:100]: Preload file at: file:///home/mikep/.dotfiles/scripts/.local/share/nvim/mason/packages/lua-language-server/libexec/script/core/formatting.lua , size = 0.671 KB
[08:43:25.110][info] [#0:script/workspace/loading.lua:100]: Preload file at: file:///home/mikep/.dotfiles/scripts/.local/share/nvim/mason/packages/lua-language-server/libexec/script/core/diagnostics/missing-return.lua , size = 1.897 KB
[08:43:25.111][info] [#0:script/workspace/loading.lua:100]: Preload file at: file:///home/mikep/.dotfiles/scripts/.local/share/nvim/mason/packages/lua-language-server/libexec/script/core/diagnostics/redundant-return-value.lua , size = 1.874 KB
[08:43:25.112][info] [#0:script/workspace/loading.lua:100]: Preload file at: file:///home/mikep/.dotfiles/scripts/.local/share/nvim/mason/packages/lua-language-server/libexec/script/core/diagnostics/unknown-operator.lua , size = 0.873 KB
[08:43:25.112][info] [#0:script/workspace/loading.lua:100]: Preload file at: file:///home/mikep/.dotfiles/scripts/.local/share/nvim/mason/packages/lua-language-server/libexec/script/core/diagnostics/newfield-call.lua , size = 1.481 KB
[08:43:25.113][info] [#0:script/workspace/loading.lua:100]: Preload file at: file:///home/mikep/.dotfiles/scripts/.local/share/nvim/mason/packages/lua-language-server/libexec/script/core/diagnostics/name-style-check.lua , size = 0.929 KB
[08:43:25.113][info] [#0:script/workspace/loading.lua:100]: Preload file at: file:///home/mikep/.dotfiles/scripts/.local/share/nvim/mason/packages/lua-language-server/libexec/script/core/diagnostics/global-element.lua , size = 2.166 KB
[08:43:25.114][info] [#0:script/workspace/loading.lua:100]: Preload file at: file:///home/mikep/.dotfiles/scripts/.local/share/nvim/mason/packages/lua-language-server/libexec/script/core/diagnostics/duplicate-doc-field.lua , size = 2.975 KB
[08:43:25.115][info] [#0:script/workspace/loading.lua:100]: Preload file at: file:///home/mikep/.dotfiles/scripts/.local/share/nvim/mason/packages/lua-language-server/libexec/script/core/diagnostics/await-in-sync.lua , size = 0.789 KB
[08:43:25.116][info] [#0:script/workspace/loading.lua:100]: Preload file at: file:///home/mikep/.dotfiles/scripts/.local/share/nvim/mason/packages/lua-language-server/libexec/script/core/diagnostics/unused-function.lua , size = 3.269 KB
[08:43:25.117][info] [#0:script/workspace/loading.lua:100]: Preload file at: file:///home/mikep/.dotfiles/scripts/.local/share/nvim/mason/packages/lua-language-server/libexec/script/core/diagnostics/missing-parameter.lua , size = 0.788 KB
[08:43:25.118][info] [#0:script/workspace/loading.lua:100]: Preload file at: file:///home/mikep/.dotfiles/scripts/.local/share/nvim/mason/packages/lua-language-server/libexec/script/core/diagnostics/redundant-return.lua , size = 0.764 KB
[08:43:25.118][info] [#0:script/workspace/loading.lua:100]: Preload file at: file:///home/mikep/.dotfiles/scripts/.local/share/nvim/mason/packages/lua-language-server/libexec/script/core/diagnostics/unused-label.lua , size = 0.609 KB
[08:43:25.119][info] [#0:script/workspace/loading.lua:100]: Preload file at: file:///home/mikep/.dotfiles/scripts/.local/share/nvim/mason/packages/lua-language-server/libexec/script/core/diagnostics/different-requires.lua , size = 1.607 KB
[08:43:25.119][info] [#0:script/workspace/loading.lua:100]: Preload file at: file:///home/mikep/.dotfiles/scripts/.local/share/nvim/mason/packages/lua-language-server/libexec/script/core/diagnostics/discard-returns.lua , size = 0.780 KB
[08:43:25.119][info] [#0:script/workspace/loading.lua:100]: Preload file at: file:///home/mikep/.dotfiles/scripts/.local/share/nvim/mason/packages/lua-language-server/libexec/script/core/diagnostics/redundant-parameter.lua , size = 2.292 KB
[08:43:25.120][info] [#0:script/workspace/loading.lua:100]: Preload file at: file:///home/mikep/.dotfiles/scripts/.local/share/nvim/mason/packages/lua-language-server/libexec/script/core/diagnostics/spell-check.lua , size = 0.915 KB
[08:43:25.121][info] [#0:script/workspace/loading.lua:100]: Preload file at: file:///home/mikep/.dotfiles/scripts/.local/share/nvim/mason/packages/lua-language-server/libexec/script/core/diagnostics/duplicate-doc-alias.lua , size = 1.728 KB
[08:43:25.122][info] [#0:script/workspace/loading.lua:100]: Preload file at: file:///home/mikep/.dotfiles/scripts/.local/share/nvim/mason/packages/lua-language-server/libexec/script/core/diagnostics/undefined-doc-param.lua , size = 0.568 KB
[08:43:25.123][info] [#0:script/workspace/loading.lua:100]: Preload file at: file:///home/mikep/.dotfiles/scripts/.local/share/nvim/mason/packages/lua-language-server/libexec/script/core/diagnostics/unbalanced-assignments.lua , size = 1.097 KB
[08:43:25.123][info] [#0:script/workspace/loading.lua:100]: Preload file at: file:///home/mikep/.dotfiles/scripts/.local/share/nvim/mason/packages/lua-language-server/libexec/script/core/diagnostics/init.lua , size = 5.447 KB
[08:43:25.125][info] [#0:script/workspace/loading.lua:100]: Preload file at: file:///home/mikep/.dotfiles/scripts/.local/share/nvim/mason/packages/lua-language-server/libexec/script/core/diagnostics/undefined-global.lua , size = 1.020 KB
[08:43:25.126][info] [#0:script/workspace/loading.lua:100]: Preload file at: file:///home/mikep/.dotfiles/scripts/.local/share/nvim/mason/packages/lua-language-server/libexec/script/core/diagnostics/duplicate-index.lua , size = 2.159 KB
[08:43:25.126][info] [#0:script/workspace/loading.lua:100]: Preload file at: file:///home/mikep/.dotfiles/scripts/.local/share/nvim/mason/packages/lua-language-server/libexec/script/core/diagnostics/unused-vararg.lua , size = 0.982 KB
[08:43:25.127][info] [#0:script/workspace/loading.lua:100]: Preload file at: file:///home/mikep/.dotfiles/scripts/.local/share/nvim/mason/packages/lua-language-server/libexec/script/core/diagnostics/duplicate-set-field.lua , size = 2.490 KB
[08:43:25.128][info] [#0:script/workspace/loading.lua:100]: Preload file at: file:///home/mikep/.dotfiles/scripts/.local/share/nvim/mason/packages/lua-language-server/libexec/script/core/diagnostics/cast-local-type.lua , size = 1.679 KB
[08:43:25.129][info] [#0:script/workspace/loading.lua:100]: Preload file at: file:///home/mikep/.dotfiles/scripts/.local/share/nvim/mason/packages/lua-language-server/libexec/script/core/diagnostics/undefined-field.lua , size = 2.518 KB
[08:43:25.129][info] [#0:script/workspace/loading.lua:100]: Preload file at: file:///home/mikep/.dotfiles/scripts/.local/share/nvim/mason/packages/lua-language-server/libexec/script/core/diagnostics/invisible.lua , size = 2.340 KB
[08:43:25.130][info] [#0:script/workspace/loading.lua:100]: Preload file at: file:///home/mikep/.dotfiles/scripts/.local/share/nvim/mason/packages/lua-language-server/libexec/script/core/diagnostics/missing-return-value.lua , size = 1.529 KB
[08:43:25.131][info] [#0:script/workspace/loading.lua:100]: Preload file at: file:///home/mikep/.dotfiles/scripts/.local/share/nvim/mason/packages/lua-language-server/libexec/script/core/diagnostics/need-check-nil.lua , size = 1.363 KB
[08:43:25.131][info] [#0:script/workspace/loading.lua:100]: Preload file at: file:///home/mikep/.dotfiles/scripts/.local/share/nvim/mason/packages/lua-language-server/libexec/script/core/diagnostics/undefined-doc-name.lua , size = 0.930 KB
[08:43:25.132][info] [#0:script/workspace/loading.lua:100]: Preload file at: file:///home/mikep/.dotfiles/scripts/.local/share/nvim/mason/packages/lua-language-server/libexec/script/core/diagnostics/unused-local.lua , size = 3.213 KB
[08:43:25.133][info] [#0:script/workspace/loading.lua:100]: Preload file at: file:///home/mikep/.dotfiles/scripts/.local/share/nvim/mason/packages/lua-language-server/libexec/script/core/diagnostics/undefined-env-child.lua , size = 1.048 KB
[08:43:25.134][info] [#0:script/workspace/loading.lua:100]: Preload file at: file:///home/mikep/.dotfiles/scripts/.local/share/nvim/mason/packages/lua-language-server/libexec/script/core/diagnostics/trailing-space.lua , size = 1.693 KB
[08:43:25.135][info] [#0:script/workspace/loading.lua:100]: Preload file at: file:///home/mikep/.dotfiles/scripts/.local/share/nvim/mason/packages/lua-language-server/libexec/script/core/diagnostics/redefined-local.lua , size = 0.971 KB
[08:43:25.135][info] [#0:script/workspace/loading.lua:100]: Preload file at: file:///home/mikep/.dotfiles/scripts/.local/share/nvim/mason/packages/lua-language-server/libexec/script/core/diagnostics/count-down-loop.lua , size = 1.781 KB
[08:43:25.136][info] [#0:script/workspace/loading.lua:100]: Preload file at: file:///home/mikep/.dotfiles/scripts/.local/share/nvim/mason/packages/lua-language-server/libexec/script/core/diagnostics/circle-doc-class.lua , size = 1.886 KB
[08:43:25.137][info] [#0:script/workspace/loading.lua:100]: Preload file at: file:///home/mikep/.dotfiles/scripts/.local/share/nvim/mason/packages/lua-language-server/libexec/script/core/diagnostics/codestyle-check.lua , size = 1.024 KB
[08:43:25.137][info] [#0:script/workspace/loading.lua:100]: Preload file at: file:///home/mikep/.dotfiles/scripts/.local/share/nvim/mason/packages/lua-language-server/libexec/script/core/diagnostics/missing-global-doc.lua , size = 0.680 KB
[08:43:25.138][info] [#0:script/workspace/loading.lua:100]: Preload file at: file:///home/mikep/.dotfiles/scripts/.local/share/nvim/mason/packages/lua-language-server/libexec/script/core/diagnostics/return-type-mismatch.lua , size = 2.843 KB
[08:43:25.139][info] [#0:script/workspace/loading.lua:100]: Preload file at: file:///home/mikep/.dotfiles/scripts/.local/share/nvim/mason/packages/lua-language-server/libexec/script/core/diagnostics/newline-call.lua , size = 1.483 KB
[08:43:25.139][info] [#0:script/workspace/loading.lua:100]: Preload file at: file:///home/mikep/.dotfiles/scripts/.local/share/nvim/mason/packages/lua-language-server/libexec/script/core/diagnostics/close-non-object.lua , size = 1.137 KB
[08:43:25.140][info] [#0:script/workspace/loading.lua:100]: Preload file at: file:///home/mikep/.dotfiles/scripts/.local/share/nvim/mason/packages/lua-language-server/libexec/script/core/diagnostics/ambiguity-1.lua , size = 2.264 KB
[08:43:25.141][info] [#0:script/workspace/loading.lua:100]: Preload file at: file:///home/mikep/.dotfiles/scripts/.local/share/nvim/mason/packages/lua-language-server/libexec/script/core/diagnostics/helper/missing-doc-helper.lua , size = 2.113 KB
[08:43:25.142][info] [#0:script/workspace/loading.lua:100]: Preload file at: file:///home/mikep/.dotfiles/scripts/.local/share/nvim/mason/packages/lua-language-server/libexec/script/core/diagnostics/cast-type-mismatch.lua , size = 1.638 KB
[08:43:25.142][info] [#0:script/workspace/loading.lua:100]: Preload file at: file:///home/mikep/.dotfiles/scripts/.local/share/nvim/mason/packages/lua-language-server/libexec/script/core/diagnostics/assign-type-mismatch.lua , size = 3.090 KB
[08:43:25.143][info] [#0:script/workspace/loading.lua:100]: Preload file at: file:///home/mikep/.dotfiles/scripts/.local/share/nvim/mason/packages/lua-language-server/libexec/script/core/diagnostics/missing-fields.lua , size = 3.243 KB
[08:43:25.144][info] [#0:script/workspace/loading.lua:100]: Preload file at: file:///home/mikep/.dotfiles/scripts/.local/share/nvim/mason/packages/lua-language-server/libexec/script/core/diagnostics/incomplete-signature-doc.lua , size = 2.874 KB
[08:43:25.146][info] [#0:script/workspace/loading.lua:100]: Preload file at: file:///home/mikep/.dotfiles/scripts/.local/share/nvim/mason/packages/lua-language-server/libexec/script/core/diagnostics/unreachable-code.lua , size = 2.241 KB
[08:43:25.147][info] [#0:script/workspace/loading.lua:100]: Preload file at: file:///home/mikep/.dotfiles/scripts/.local/share/nvim/mason/packages/lua-language-server/libexec/script/core/diagnostics/redundant-value.lua , size = 0.749 KB
[08:43:25.147][info] [#0:script/workspace/loading.lua:100]: Preload file at: file:///home/mikep/.dotfiles/scripts/.local/share/nvim/mason/packages/lua-language-server/libexec/script/core/diagnostics/unknown-diag-code.lua , size = 0.884 KB
[08:43:25.148][info] [#0:script/workspace/loading.lua:100]: Preload file at: file:///home/mikep/.dotfiles/scripts/.local/share/nvim/mason/packages/lua-language-server/libexec/script/core/diagnostics/empty-block.lua , size = 1.475 KB
[08:43:25.148][info] [#0:script/workspace/loading.lua:100]: Preload file at: file:///home/mikep/.dotfiles/scripts/.local/share/nvim/mason/packages/lua-language-server/libexec/script/core/diagnostics/inject-field.lua , size = 4.168 KB
[08:43:25.150][info] [#0:script/workspace/loading.lua:100]: Preload file at: file:///home/mikep/.dotfiles/scripts/.local/share/nvim/mason/packages/lua-language-server/libexec/script/core/diagnostics/param-type-mismatch.lua , size = 3.476 KB
[08:43:25.151][info] [#0:script/workspace/loading.lua:100]: Preload file at: file:///home/mikep/.dotfiles/scripts/.local/share/nvim/mason/packages/lua-language-server/libexec/script/core/diagnostics/unknown-cast-variable.lua , size = 0.782 KB
[08:43:25.152][info] [#0:script/workspace/loading.lua:100]: Preload file at: file:///home/mikep/.dotfiles/scripts/.local/share/nvim/mason/packages/lua-language-server/libexec/script/core/diagnostics/global-in-nil-env.lua , size = 1.027 KB
[08:43:25.152][info] [#0:script/workspace/loading.lua:100]: Preload file at: file:///home/mikep/.dotfiles/scripts/.local/share/nvim/mason/packages/lua-language-server/libexec/script/core/diagnostics/deprecated.lua , size = 2.369 KB
[08:43:25.153][info] [#0:script/workspace/loading.lua:100]: Preload file at: file:///home/mikep/.dotfiles/scripts/.local/share/nvim/mason/packages/lua-language-server/libexec/script/core/diagnostics/not-yieldable.lua , size = 1.795 KB
[08:43:25.154][info] [#0:script/workspace/loading.lua:100]: Preload file at: file:///home/mikep/.dotfiles/scripts/.local/share/nvim/mason/packages/lua-language-server/libexec/script/core/diagnostics/duplicate-doc-param.lua , size = 0.947 KB
[08:43:25.154][info] [#0:script/workspace/loading.lua:100]: Preload file at: file:///home/mikep/.dotfiles/scripts/.local/share/nvim/mason/packages/lua-language-server/libexec/script/core/diagnostics/doc-field-no-class.lua , size = 0.947 KB
[08:43:25.155][info] [#0:script/workspace/loading.lua:100]: Preload file at: file:///home/mikep/.dotfiles/scripts/.local/share/nvim/mason/packages/lua-language-server/libexec/script/core/diagnostics/code-after-break.lua , size = 1.039 KB
[08:43:25.155][info] [#0:script/workspace/loading.lua:100]: Preload file at: file:///home/mikep/.dotfiles/scripts/.local/share/nvim/mason/packages/lua-language-server/libexec/script/core/diagnostics/no-unknown.lua , size = 0.774 KB
[08:43:25.156][info] [#0:script/workspace/loading.lua:100]: Preload file at: file:///home/mikep/.dotfiles/scripts/.local/share/nvim/mason/packages/lua-language-server/libexec/script/core/diagnostics/undefined-doc-class.lua , size = 1.454 KB
[08:43:25.157][info] [#0:script/workspace/loading.lua:100]: Preload file at: file:///home/mikep/.dotfiles/scripts/.local/share/nvim/mason/packages/lua-language-server/libexec/script/core/diagnostics/missing-local-export-doc.lua , size = 1.418 KB
[08:43:25.157][info] [#0:script/workspace/loading.lua:100]: Preload file at: file:///home/mikep/.dotfiles/scripts/.local/share/nvim/mason/packages/lua-language-server/libexec/script/core/diagnostics/lowercase-global.lua , size = 2.237 KB
[08:43:25.158][info] [#0:script/workspace/loading.lua:100]: Preload file at: file:///home/mikep/.dotfiles/scripts/.local/share/nvim/mason/packages/lua-language-server/libexec/script/core/folding.lua , size = 5.489 KB
[08:43:25.160][info] [#0:script/workspace/loading.lua:100]: Preload file at: file:///home/mikep/.dotfiles/scripts/.local/share/nvim/mason/packages/lua-language-server/libexec/script/core/rangeformatting.lua , size = 0.877 KB
[08:43:25.161][info] [#0:script/workspace/loading.lua:100]: Preload file at: file:///home/mikep/.dotfiles/scripts/.local/share/nvim/mason/packages/lua-language-server/libexec/script/core/hint.lua , size = 9.232 KB
[08:43:25.163][info] [#0:script/workspace/loading.lua:100]: Preload file at: file:///home/mikep/.dotfiles/scripts/.local/share/nvim/mason/packages/lua-language-server/libexec/script/core/semantic-tokens.lua , size = 30.430 KB
[08:43:25.171][info] [#0:script/workspace/loading.lua:100]: Preload file at: file:///home/mikep/.dotfiles/scripts/.local/share/nvim/mason/packages/lua-language-server/libexec/script/core/modifyRequirePath.lua , size = 2.059 KB
[08:43:25.172][info] [#0:script/workspace/loading.lua:100]: Preload file at: file:///home/mikep/.dotfiles/scripts/.local/share/nvim/mason/packages/lua-language-server/libexec/script/core/document-symbol.lua , size = 13.650 KB
[08:43:25.176][info] [#0:script/workspace/loading.lua:100]: Preload file at: file:///home/mikep/.dotfiles/scripts/.local/share/nvim/mason/packages/lua-language-server/libexec/script/core/highlight.lua , size = 11.434 KB
[08:43:25.179][info] [#0:script/workspace/loading.lua:100]: Preload file at: file:///home/mikep/.dotfiles/scripts/.local/share/nvim/mason/packages/lua-language-server/libexec/script/core/workspace-symbol.lua , size = 4.524 KB
[08:43:25.181][info] [#0:script/workspace/loading.lua:100]: Preload file at: file:///home/mikep/.dotfiles/scripts/.local/share/nvim/mason/packages/lua-language-server/libexec/script/core/substring.lua , size = 0.328 KB
[08:43:25.182][info] [#0:script/workspace/loading.lua:100]: Preload file at: file:///home/mikep/.dotfiles/scripts/.local/share/nvim/mason/packages/lua-language-server/libexec/script/core/look-backward.lua , size = 2.277 KB
[08:43:25.183][info] [#0:script/workspace/loading.lua:100]: Preload file at: file:///home/mikep/.dotfiles/scripts/.local/share/nvim/mason/packages/lua-language-server/libexec/script/core/rename.lua , size = 13.200 KB
[08:43:25.186][info] [#0:script/workspace/loading.lua:100]: Preload file at: file:///home/mikep/.dotfiles/scripts/.local/share/nvim/mason/packages/lua-language-server/libexec/script/core/color.lua , size = 1.835 KB
[08:43:25.187][info] [#0:script/workspace/loading.lua:100]: Preload file at: file:///home/mikep/.dotfiles/scripts/.local/share/nvim/mason/packages/lua-language-server/libexec/script/core/fix-indent.lua , size = 4.936 KB
[08:43:25.189][info] [#0:script/workspace/loading.lua:100]: Preload file at: file:///home/mikep/.dotfiles/scripts/.local/share/nvim/mason/packages/lua-language-server/libexec/script/core/command/solve.lua , size = 2.582 KB
[08:43:25.191][info] [#0:script/workspace/loading.lua:100]: Preload file at: file:///home/mikep/.dotfiles/scripts/.local/share/nvim/mason/packages/lua-language-server/libexec/script/core/code-action.lua , size = 22.288 KB
[08:43:25.196][info] [#0:script/workspace/loading.lua:100]: Preload file at: file:///home/mikep/.dotfiles/scripts/.local/share/nvim/mason/packages/lua-language-server/libexec/script/core/command/setConfig.lua , size = 0.229 KB
[08:43:25.196][info] [#0:script/workspace/loading.lua:100]: Preload file at: file:///home/mikep/.dotfiles/scripts/.local/share/nvim/mason/packages/lua-language-server/libexec/script/core/command/removeSpace.lua , size = 1.711 KB
[08:43:25.197][info] [#0:script/workspace/loading.lua:100]: Preload file at: file:///home/mikep/.dotfiles/scripts/.local/share/nvim/mason/packages/lua-language-server/libexec/script/core/command/reloadFFIMeta.lua , size = 1.424 KB
[08:43:25.198][info] [#0:script/workspace/loading.lua:100]: Preload file at: file:///home/mikep/.dotfiles/scripts/.local/share/nvim/mason/packages/lua-language-server/libexec/script/core/command/jsonToLua.lua , size = 1.732 KB
[08:43:25.198][info] [#0:script/workspace/loading.lua:100]: Preload file at: file:///home/mikep/.dotfiles/scripts/.local/share/nvim/mason/packages/lua-language-server/libexec/script/core/command/getConfig.lua , size = 0.281 KB
[08:43:25.199][info] [#0:script/workspace/loading.lua:100]: Preload file at: file:///home/mikep/.dotfiles/scripts/.local/share/nvim/mason/packages/lua-language-server/libexec/script/core/command/exportDocument.lua , size = 0.528 KB
[08:43:25.199][info] [#0:script/workspace/loading.lua:100]: Preload file at: file:///home/mikep/.dotfiles/scripts/.local/share/nvim/mason/packages/lua-language-server/libexec/script/core/command/autoRequire.lua , size = 4.231 KB
[08:43:25.201][info] [#0:script/workspace/loading.lua:100]: Preload file at: file:///home/mikep/.dotfiles/scripts/.local/share/nvim/mason/packages/lua-language-server/libexec/script/core/completion/postfix.lua , size = 12.840 KB
[08:43:25.206][info] [#0:script/workspace/loading.lua:100]: Preload file at: file:///home/mikep/.dotfiles/scripts/.local/share/nvim/mason/packages/lua-language-server/libexec/script/core/completion/init.lua , size = 0.043 KB
[08:43:25.207][info] [#0:script/workspace/loading.lua:100]: Preload file at: file:///home/mikep/.dotfiles/scripts/.local/share/nvim/mason/packages/lua-language-server/libexec/script/core/completion/auto-require.lua , size = 3.268 KB
[08:43:25.216][info] [#0:script/workspace/loading.lua:100]: Preload file at: file:///home/mikep/.dotfiles/scripts/.local/share/nvim/mason/packages/lua-language-server/libexec/script/core/completion/completion.lua , size = 76.983 KB
[08:43:25.244][info] [#0:script/workspace/loading.lua:100]: Preload file at: file:///home/mikep/.dotfiles/scripts/.local/share/nvim/mason/packages/lua-language-server/libexec/script/core/completion/keyword.lua , size = 12.557 KB
[08:43:25.247][info] [#0:script/workspace/loading.lua:100]: Preload file at: file:///home/mikep/.dotfiles/scripts/.local/share/nvim/mason/packages/lua-language-server/libexec/script/core/type-formatting.lua , size = 1.372 KB
[08:43:25.248][info] [#0:script/workspace/loading.lua:100]: Preload file at: file:///home/mikep/.dotfiles/scripts/.local/share/nvim/mason/packages/lua-language-server/libexec/script/core/matchkey.lua , size = 1.943 KB
[08:43:25.249][info] [#0:script/workspace/loading.lua:100]: Preload file at: file:///home/mikep/.dotfiles/scripts/.local/share/nvim/mason/packages/lua-language-server/libexec/script/core/implementation.lua , size = 4.192 KB
[08:43:25.250][info] [#0:script/workspace/loading.lua:100]: Preload file at: file:///home/mikep/.dotfiles/scripts/.local/share/nvim/mason/packages/lua-language-server/libexec/script/core/view/psi-select.lua , size = 0.341 KB
[08:43:25.251][info] [#0:script/workspace/loading.lua:100]: Preload file at: file:///home/mikep/.dotfiles/scripts/.local/share/nvim/mason/packages/lua-language-server/libexec/script/core/view/psi-view.lua , size = 2.613 KB
[08:43:25.252][info] [#0:script/workspace/loading.lua:100]: Preload file at: file:///home/mikep/.dotfiles/scripts/.local/share/nvim/mason/packages/lua-language-server/libexec/script/core/definition.lua , size = 6.088 KB
[08:43:25.254][info] [#0:script/workspace/loading.lua:100]: Preload file at: file:///home/mikep/.dotfiles/scripts/.local/share/nvim/mason/packages/lua-language-server/libexec/script/core/type-definition.lua , size = 4.407 KB
[08:43:25.255][info] [#0:script/workspace/loading.lua:100]: Preload file at: file:///home/mikep/.dotfiles/scripts/.local/share/nvim/mason/packages/lua-language-server/libexec/script/core/code-lens.lua , size = 3.799 KB
[08:43:25.256][info] [#0:script/workspace/loading.lua:100]: Preload file at: file:///home/mikep/.dotfiles/scripts/.local/share/nvim/mason/packages/lua-language-server/libexec/script/core/find-source.lua , size = 0.854 KB
[08:43:25.257][info] [#0:script/workspace/loading.lua:100]: Preload file at: file:///home/mikep/.dotfiles/scripts/.local/share/nvim/mason/packages/lua-language-server/libexec/script/core/reference.lua , size = 4.148 KB
[08:43:25.259][info] [#0:script/workspace/loading.lua:100]: Preload file at: file:///home/mikep/.dotfiles/scripts/.local/share/nvim/mason/packages/lua-language-server/libexec/script/core/signature.lua , size = 6.416 KB
[08:43:25.261][info] [#0:script/workspace/loading.lua:100]: Preload file at: file:///home/mikep/.dotfiles/scripts/.local/share/nvim/mason/packages/lua-language-server/libexec/script/jsonrpc.lua , size = 1.716 KB
[08:43:25.262][info] [#0:script/workspace/loading.lua:100]: Preload file at: file:///home/mikep/.dotfiles/scripts/.local/share/nvim/mason/packages/lua-language-server/libexec/script/await.lua , size = 5.906 KB
[08:43:25.264][info] [#0:script/workspace/loading.lua:100]: Preload file at: file:///home/mikep/.dotfiles/scripts/.local/share/nvim/mason/packages/lua-language-server/libexec/script/service/net.lua , size = 6.350 KB
[08:43:25.266][info] [#0:script/workspace/loading.lua:100]: Preload file at: file:///home/mikep/.dotfiles/scripts/.local/share/nvim/mason/packages/lua-language-server/libexec/script/core/jump-source.lua , size = 1.957 KB
[08:43:25.267][info] [#0:script/workspace/loading.lua:100]: Preload file at: file:///home/mikep/.dotfiles/scripts/.local/share/nvim/mason/packages/lua-language-server/libexec/script/service/init.lua , size = 0.057 KB
[08:43:25.267][info] [#0:script/workspace/loading.lua:100]: Preload file at: file:///home/mikep/.dotfiles/scripts/.local/share/nvim/mason/packages/lua-language-server/libexec/script/service/service.lua , size = 7.820 KB
[08:43:25.270][info] [#0:script/workspace/loading.lua:100]: Preload file at: file:///home/mikep/.dotfiles/scripts/.local/share/nvim/mason/packages/lua-language-server/libexec/script/vm/operator.lua , size = 13.934 KB
[08:43:25.274][info] [#0:script/workspace/loading.lua:100]: Preload file at: file:///home/mikep/.dotfiles/scripts/.local/share/nvim/mason/packages/lua-language-server/libexec/script/vm/tracer.lua , size = 29.688 KB
[08:43:25.283][info] [#0:script/workspace/loading.lua:100]: Preload file at: file:///home/mikep/.dotfiles/scripts/.local/share/nvim/mason/packages/lua-language-server/libexec/script/vm/def.lua , size = 3.571 KB
[08:43:25.284][info] [#0:script/workspace/loading.lua:100]: Preload file at: file:///home/mikep/.dotfiles/scripts/.local/share/nvim/mason/packages/lua-language-server/libexec/script/vm/ref.lua , size = 8.896 KB
[08:43:25.287][info] [#0:script/workspace/loading.lua:100]: Preload file at: file:///home/mikep/.dotfiles/scripts/.local/share/nvim/mason/packages/lua-language-server/libexec/script/vm/vm.lua , size = 2.757 KB
[08:43:25.289][info] [#0:script/workspace/loading.lua:100]: Preload file at: file:///home/mikep/.dotfiles/scripts/.local/share/nvim/mason/packages/lua-language-server/libexec/script/vm/global.lua , size = 19.343 KB
[08:43:25.295][info] [#0:script/workspace/loading.lua:100]: Preload file at: file:///home/mikep/.dotfiles/scripts/.local/share/nvim/mason/packages/lua-language-server/libexec/script/vm/value.lua , size = 5.620 KB
[08:43:25.297][info] [#0:script/workspace/loading.lua:100]: Preload file at: file:///home/mikep/.dotfiles/scripts/.local/share/nvim/mason/packages/lua-language-server/libexec/script/vm/sign.lua , size = 11.410 KB
[08:43:25.300][info] [#0:script/workspace/loading.lua:100]: Preload file at: file:///home/mikep/.dotfiles/scripts/.local/share/nvim/mason/packages/lua-language-server/libexec/script/vm/precompile.lua , size = 0.471 KB
[08:43:25.301][info] [#0:script/workspace/loading.lua:100]: Preload file at: file:///home/mikep/.dotfiles/scripts/.local/share/nvim/mason/packages/lua-language-server/libexec/script/vm/library.lua , size = 0.307 KB
[08:43:25.301][info] [#0:script/workspace/loading.lua:100]: Preload file at: file:///home/mikep/.dotfiles/scripts/.local/share/nvim/mason/packages/lua-language-server/libexec/script/vm/infer.lua , size = 16.300 KB
[08:43:25.307][info] [#0:script/workspace/loading.lua:100]: Preload file at: file:///home/mikep/.dotfiles/scripts/.local/share/nvim/mason/packages/lua-language-server/libexec/script/vm/field.lua , size = 1.460 KB
[08:43:25.307][info] [#0:script/workspace/loading.lua:100]: Preload file at: file:///home/mikep/.dotfiles/scripts/.local/share/nvim/mason/packages/lua-language-server/libexec/script/vm/init.lua , size = 0.453 KB
[08:43:25.308][info] [#0:script/workspace/loading.lua:100]: Preload file at: file:///home/mikep/.dotfiles/scripts/.local/share/nvim/mason/packages/lua-language-server/libexec/script/vm/node.lua , size = 12.661 KB
[08:43:25.312][info] [#0:script/workspace/loading.lua:100]: Preload file at: file:///home/mikep/.dotfiles/scripts/.local/share/nvim/mason/packages/lua-language-server/libexec/script/vm/generic.lua , size = 4.867 KB
[08:43:25.314][info] [#0:script/workspace/loading.lua:100]: Preload file at: file:///home/mikep/.dotfiles/scripts/.local/share/nvim/mason/packages/lua-language-server/libexec/script/vm/doc.lua , size = 12.283 KB
[08:43:25.318][info] [#0:script/workspace/loading.lua:100]: Preload file at: file:///home/mikep/.dotfiles/scripts/.local/share/nvim/mason/packages/lua-language-server/libexec/script/vm/function.lua , size = 14.858 KB
[08:43:25.324][info] [#0:script/workspace/loading.lua:100]: Preload file at: file:///home/mikep/.dotfiles/scripts/.local/share/nvim/mason/packages/lua-language-server/libexec/script/vm/compiler.lua , size = 70.583 KB
[08:43:25.343][info] [#0:script/workspace/loading.lua:100]: Preload file at: file:///home/mikep/.dotfiles/scripts/.local/share/nvim/mason/packages/lua-language-server/libexec/script/vm/visible.lua , size = 5.727 KB
[08:43:25.346][info] [#0:script/workspace/loading.lua:100]: Preload file at: file:///home/mikep/.dotfiles/scripts/.local/share/nvim/mason/packages/lua-language-server/libexec/script/vm/type.lua , size = 27.830 KB
[08:43:25.354][info] [#0:script/workspace/loading.lua:100]: Preload file at: file:///home/mikep/.dotfiles/scripts/.local/share/nvim/mason/packages/lua-language-server/libexec/script/vm/variable.lua , size = 10.557 KB
[08:43:25.357][info] [#0:script/workspace/loading.lua:100]: Preload file at: file:///home/mikep/.dotfiles/scripts/.local/share/nvim/mason/packages/lua-language-server/libexec/script/workspace/loading.lua , size = 6.464 KB
[08:43:25.360][info] [#0:script/workspace/loading.lua:100]: Preload file at: file:///home/mikep/.dotfiles/scripts/.local/share/nvim/mason/packages/lua-language-server/libexec/script/workspace/init.lua , size = 0.064 KB
[08:43:25.361][info] [#0:script/workspace/loading.lua:100]: Preload file at: file:///home/mikep/.dotfiles/scripts/.local/share/nvim/mason/packages/lua-language-server/libexec/script/workspace/require-path.lua , size = 10.688 KB
[08:43:25.364][info] [#0:script/workspace/loading.lua:100]: Preload file at: file:///home/mikep/.dotfiles/scripts/.local/share/nvim/mason/packages/lua-language-server/libexec/script/workspace/scope.lua , size = 4.596 KB
[08:43:25.367][info] [#0:script/workspace/loading.lua:100]: Preload file at: file:///home/mikep/.dotfiles/scripts/.local/share/nvim/mason/packages/lua-language-server/libexec/script/workspace/workspace.lua , size = 16.630 KB
[08:43:25.373][info] [#0:script/workspace/loading.lua:100]: Preload file at: file:///home/mikep/.dotfiles/scripts/.local/share/nvim/mason/packages/lua-language-server/libexec/script/linked-table.lua , size = 4.326 KB
[08:43:25.375][info] [#0:script/workspace/loading.lua:100]: Preload file at: file:///home/mikep/.dotfiles/scripts/.local/share/nvim/mason/packages/lua-language-server/libexec/script/provider/diagnostic.lua , size = 18.749 KB
[08:43:25.381][info] [#0:script/workspace/loading.lua:100]: Preload file at: file:///home/mikep/.dotfiles/scripts/.local/share/nvim/mason/packages/lua-language-server/libexec/script/provider/formatting.lua , size = 2.604 KB
[08:43:25.382][info] [#0:script/workspace/loading.lua:100]: Preload file at: file:///home/mikep/.dotfiles/scripts/.local/share/nvim/mason/packages/lua-language-server/libexec/script/provider/semantic-tokens.lua , size = 0.702 KB
[08:43:25.383][info] [#0:script/workspace/loading.lua:100]: Preload file at: file:///home/mikep/.dotfiles/scripts/.local/share/nvim/mason/packages/lua-language-server/libexec/script/provider/spell.lua , size = 1.290 KB
[08:43:25.383][info] [#0:script/workspace/loading.lua:100]: Preload file at: file:///home/mikep/.dotfiles/scripts/.local/share/nvim/mason/packages/lua-language-server/libexec/script/provider/init.lua , size = 0.063 KB
[08:43:25.383][info] [#0:script/workspace/loading.lua:100]: Preload file at: file:///home/mikep/.dotfiles/scripts/.local/share/nvim/mason/packages/lua-language-server/libexec/script/provider/completion.lua , size = 2.552 KB
[08:43:25.384][info] [#0:script/workspace/loading.lua:100]: Preload file at: file:///home/mikep/.dotfiles/scripts/.local/share/nvim/mason/packages/lua-language-server/libexec/script/provider/name-style.lua , size = 0.561 KB
[08:43:25.385][info] [#0:script/workspace/loading.lua:100]: Preload file at: file:///home/mikep/.dotfiles/scripts/.local/share/nvim/mason/packages/lua-language-server/libexec/script/provider/inlay-hint.lua , size = 0.685 KB
[08:43:25.385][info] [#0:script/workspace/loading.lua:100]: Preload file at: file:///home/mikep/.dotfiles/scripts/.local/share/nvim/mason/packages/lua-language-server/libexec/script/provider/markdown.lua , size = 4.229 KB
[08:43:25.386][info] [#0:script/workspace/loading.lua:100]: Preload file at: file:///home/mikep/.dotfiles/scripts/.local/share/nvim/mason/packages/lua-language-server/libexec/script/provider/language-configuration.lua , size = 3.476 KB
[08:43:25.387][info] [#0:script/workspace/loading.lua:100]: Preload file at: file:///home/mikep/.dotfiles/scripts/.local/share/nvim/mason/packages/lua-language-server/libexec/script/provider/capability.lua , size = 1.943 KB
[08:43:25.388][info] [#0:script/workspace/loading.lua:100]: Preload file at: file:///home/mikep/.dotfiles/scripts/.local/share/nvim/mason/packages/lua-language-server/libexec/script/provider/code-lens.lua , size = 0.684 KB
[08:43:25.389][info] [#0:script/workspace/loading.lua:100]: Preload file at: file:///home/mikep/.dotfiles/scripts/.local/share/nvim/mason/packages/lua-language-server/libexec/script/provider/provider.lua , size = 50.364 KB
[08:43:25.402][info] [#0:script/workspace/loading.lua:100]: Preload file at: file:///home/mikep/.dotfiles/scripts/.local/share/nvim/mason/packages/lua-language-server/libexec/script/provider/build-meta.lua , size = 4.304 KB
[08:43:25.404][info] [#0:script/workspace/loading.lua:100]: Preload file at: file:///home/mikep/.dotfiles/scripts/.local/share/nvim/mason/packages/lua-language-server/libexec/script/client.lua , size = 18.508 KB
[08:43:25.410][info] [#0:script/workspace/loading.lua:100]: Preload file at: file:///home/mikep/.dotfiles/scripts/.local/share/nvim/mason/packages/lua-language-server/libexec/script/fs-utility.lua , size = 16.334 KB
[08:43:25.416][info] [#0:script/workspace/loading.lua:100]: Preload file at: file:///home/mikep/.dotfiles/scripts/.local/share/nvim/mason/packages/lua-language-server/libexec/script/string-merger.lua , size = 4.062 KB
[08:43:25.417][info] [#0:script/workspace/loading.lua:100]: Preload file at: file:///home/mikep/.dotfiles/scripts/.local/share/nvim/mason/packages/lua-language-server/libexec/script/file-uri.lua , size = 2.697 KB
[08:43:25.419][info] [#0:script/workspace/loading.lua:100]: Preload file at: file:///home/mikep/.dotfiles/scripts/.local/share/nvim/mason/packages/lua-language-server/libexec/script/log.lua , size = 3.695 KB
[08:43:25.420][info] [#0:script/workspace/loading.lua:100]: Preload file at: file:///home/mikep/.dotfiles/scripts/.local/share/nvim/mason/packages/lua-language-server/libexec/script/proto/diagnostic.lua , size = 6.019 KB
[08:43:25.423][info] [#0:script/workspace/loading.lua:100]: Preload file at: file:///home/mikep/.dotfiles/scripts/.local/share/nvim/mason/packages/lua-language-server/libexec/script/proto/proto.lua , size = 7.406 KB
[08:43:25.425][info] [#0:script/workspace/loading.lua:100]: Preload file at: file:///home/mikep/.dotfiles/scripts/.local/share/nvim/mason/packages/lua-language-server/libexec/script/proto/init.lua , size = 0.051 KB
[08:43:25.426][info] [#0:script/workspace/loading.lua:100]: Preload file at: file:///home/mikep/.dotfiles/scripts/.local/share/nvim/mason/packages/lua-language-server/libexec/script/proto/converter.lua , size = 6.004 KB
[08:43:25.428][info] [#0:script/workspace/loading.lua:100]: Preload file at: file:///home/mikep/.dotfiles/scripts/.local/share/nvim/mason/packages/lua-language-server/libexec/script/proto/define.lua , size = 4.137 KB
[08:43:25.429][info] [#0:script/workspace/loading.lua:100]: Preload file at: file:///home/mikep/.dotfiles/scripts/.local/share/nvim/mason/packages/lua-language-server/libexec/script/timer.lua , size = 5.013 KB
[08:43:25.431][info] [#0:script/workspace/loading.lua:100]: Preload file at: file:///home/mikep/.dotfiles/scripts/.local/share/nvim/mason/packages/lua-language-server/libexec/script/tracy.lua , size = 0.655 KB
[08:43:25.432][info] [#0:script/workspace/loading.lua:100]: Preload file at: file:///home/mikep/.dotfiles/scripts/.local/share/nvim/mason/packages/lua-language-server/libexec/script/lazy-cacher.lua , size = 4.464 KB
[08:43:25.433][info] [#0:script/workspace/loading.lua:100]: Preload file at: file:///home/mikep/.dotfiles/scripts/.local/share/nvim/mason/packages/lua-language-server/libexec/script/parser/guide.lua , size = 35.141 KB
[08:43:25.445][info] [#0:script/workspace/loading.lua:100]: Preload file at: file:///home/mikep/.dotfiles/scripts/.local/share/nvim/mason/packages/lua-language-server/libexec/script/parser/compile.lua , size = 110.181 KB
[08:43:25.476][info] [#0:script/workspace/loading.lua:100]: Preload file at: file:///home/mikep/.dotfiles/scripts/.local/share/nvim/mason/packages/lua-language-server/libexec/script/parser/relabel.lua , size = 9.647 KB
[08:43:25.481][info] [#0:script/workspace/loading.lua:100]: Preload file at: file:///home/mikep/.dotfiles/scripts/.local/share/nvim/mason/packages/lua-language-server/libexec/script/parser/tokens.lua , size = 1.255 KB
[08:43:25.481][info] [#0:script/workspace/loading.lua:100]: Preload file at: file:///home/mikep/.dotfiles/scripts/.local/share/nvim/mason/packages/lua-language-server/libexec/script/parser/init.lua , size = 0.197 KB
[08:43:25.481][info] [#0:script/workspace/loading.lua:100]: Preload file at: file:///home/mikep/.dotfiles/scripts/.local/share/nvim/mason/packages/lua-language-server/libexec/script/parser/lines.lua , size = 0.516 KB
[08:43:25.482][info] [#0:script/workspace/loading.lua:100]: Preload file at: file:///home/mikep/.dotfiles/scripts/.local/share/nvim/mason/packages/lua-language-server/libexec/script/parser/luadoc.lua , size = 62.691 KB
[08:43:25.499][info] [#0:script/workspace/loading.lua:100]: Preload file at: file:///home/mikep/.dotfiles/scripts/.local/share/nvim/mason/packages/lua-language-server/libexec/script/pub/report.lua , size = 0.622 KB
[08:43:25.500][info] [#0:script/workspace/loading.lua:100]: Preload file at: file:///home/mikep/.dotfiles/scripts/.local/share/nvim/mason/packages/lua-language-server/libexec/script/pub/init.lua , size = 0.062 KB
[08:43:25.500][info] [#0:script/workspace/loading.lua:100]: Preload file at: file:///home/mikep/.dotfiles/scripts/.local/share/nvim/mason/packages/lua-language-server/libexec/script/pub/pub.lua , size = 4.837 KB
[08:43:25.502][info] [#0:script/workspace/loading.lua:100]: Preload file at: file:///home/mikep/.dotfiles/scripts/.local/share/nvim/mason/packages/lua-language-server/libexec/script/plugin.lua , size = 5.141 KB
[08:43:25.504][info] [#0:script/workspace/loading.lua:100]: Preload file at: file:///home/mikep/.dotfiles/scripts/.local/share/nvim/mason/packages/lua-language-server/libexec/script/json-edit.lua , size = 20.130 KB
[08:43:25.511][info] [#0:script/workspace/loading.lua:100]: Preload file at: file:///home/mikep/.dotfiles/scripts/.local/share/nvim/mason/packages/lua-language-server/libexec/script/glob/matcher.lua , size = 3.496 KB
[08:43:25.513][info] [#0:script/workspace/loading.lua:100]: Preload file at: file:///home/mikep/.dotfiles/scripts/.local/share/nvim/mason/packages/lua-language-server/libexec/script/glob/glob.lua , size = 3.361 KB
[08:43:25.514][info] [#0:script/workspace/loading.lua:100]: Preload file at: file:///home/mikep/.dotfiles/scripts/.local/share/nvim/mason/packages/lua-language-server/libexec/script/glob/gitignore.lua , size = 6.645 KB
[08:43:25.517][info] [#0:script/workspace/loading.lua:100]: Preload file at: file:///home/mikep/.dotfiles/scripts/.local/share/nvim/mason/packages/lua-language-server/libexec/script/glob/init.lua , size = 0.083 KB
[08:43:25.518][info] [#0:script/workspace/loading.lua:100]: Preload file at: file:///home/mikep/.dotfiles/scripts/.local/share/nvim/mason/packages/lua-language-server/libexec/script/language.lua , size = 3.602 KB
[08:43:25.519][info] [#0:script/workspace/loading.lua:100]: Preload file at: file:///home/mikep/.dotfiles/scripts/.local/share/nvim/mason/packages/lua-language-server/libexec/script/lclient.lua , size = 6.215 KB
[08:43:25.521][info] [#0:script/workspace/loading.lua:100]: Preload file at: file:///home/mikep/.dotfiles/scripts/.local/share/nvim/mason/packages/lua-language-server/libexec/script/global.d.lua , size = 2.456 KB
[08:43:25.522][info] [#0:script/workspace/loading.lua:100]: Preload file at: file:///home/mikep/.dotfiles/scripts/.local/share/nvim/mason/packages/lua-language-server/libexec/script/progress.lua , size = 4.025 KB
[08:43:25.525][info] [#0:script/workspace/loading.lua:100]: Preload file at: file:///home/mikep/.dotfiles/scripts/.local/share/nvim/lazy/mason.nvim/tests/mason-core/purl_spec.lua , size = 4.637 KB
[08:43:25.526][info] [#0:script/workspace/loading.lua:100]: Preload file at: file:///home/mikep/.dotfiles/scripts/.local/share/nvim/lazy/mason.nvim/tests/mason-core/platform_spec.lua , size = 9.156 KB
[08:43:25.530][info] [#0:script/workspace/loading.lua:100]: Preload file at: file:///home/mikep/.dotfiles/scripts/.local/share/nvim/lazy/mason.nvim/tests/mason-core/terminator_spec.lua , size = 4.285 KB
[08:43:25.531][info] [#0:script/workspace/loading.lua:100]: Preload file at: file:///home/mikep/.dotfiles/scripts/.local/share/nvim/lazy/mason.nvim/tests/mason-core/installer/linker_spec.lua , size = 8.545 KB
[08:43:25.533][info] [#0:script/workspace/loading.lua:100]: Preload file at: file:///home/mikep/.dotfiles/scripts/.local/share/nvim/lazy/mason.nvim/tests/mason-core/installer/context_spec.lua , size = 10.391 KB
[08:43:25.536][info] [#0:script/workspace/loading.lua:100]: Preload file at: file:///home/mikep/.dotfiles/scripts/.local/share/nvim/lazy/mason.nvim/tests/mason-core/installer/managers/opam_spec.lua , size = 0.964 KB
[08:43:25.537][info] [#0:script/workspace/loading.lua:100]: Preload file at: file:///home/mikep/.dotfiles/scripts/.local/share/nvim/lazy/mason.nvim/tests/mason-core/installer/managers/std_spec.lua , size = 6.215 KB
[08:43:25.539][info] [#0:script/workspace/loading.lua:100]: Preload file at: file:///home/mikep/.dotfiles/scripts/.local/share/nvim/lazy/mason.nvim/tests/mason-core/installer/managers/npm_spec.lua , size = 3.028 KB
[08:43:25.541][info] [#0:script/workspace/loading.lua:100]: Preload file at: file:///home/mikep/.dotfiles/scripts/.local/share/nvim/lazy/mason.nvim/tests/mason-core/installer/managers/composer_spec.lua , size = 1.064 KB
[08:43:25.541][info] [#0:script/workspace/loading.lua:100]: Preload file at: file:///home/mikep/.dotfiles/scripts/.local/share/nvim/lazy/mason.nvim/tests/mason-core/installer/managers/nuget_spec.lua , size = 0.998 KB
[08:43:25.542][info] [#0:script/workspace/loading.lua:100]: Preload file at: file:///home/mikep/.dotfiles/scripts/.local/share/nvim/lazy/mason.nvim/tests/mason-core/installer/managers/common_spec.lua , size = 5.845 KB
[08:43:25.543][info] [#0:script/workspace/loading.lua:100]: Preload file at: file:///home/mikep/.dotfiles/scripts/.local/share/nvim/lazy/mason.nvim/tests/mason-core/installer/managers/cargo_spec.lua , size = 3.564 KB
[08:43:25.544][info] [#0:script/workspace/loading.lua:100]: Preload file at: file:///home/mikep/.dotfiles/scripts/.local/share/nvim/lazy/mason.nvim/tests/mason-core/installer/managers/luarocks_spec.lua , size = 2.411 KB
[08:43:25.545][info] [#0:script/workspace/loading.lua:100]: Preload file at: file:///home/mikep/.dotfiles/scripts/.local/share/nvim/lazy/mason.nvim/tests/mason-core/installer/managers/gem_spec.lua , size = 1.808 KB
[08:43:25.546][info] [#0:script/workspace/loading.lua:100]: Preload file at: file:///home/mikep/.dotfiles/scripts/.local/share/nvim/lazy/mason.nvim/tests/mason-core/installer/managers/pypi_spec.lua , size = 11.223 KB
[08:43:25.550][info] [#0:script/workspace/loading.lua:100]: Preload file at: file:///home/mikep/.dotfiles/scripts/.local/share/nvim/lazy/mason.nvim/tests/mason-core/installer/managers/golang_spec.lua , size = 1.907 KB
[08:43:25.550][info] [#0:script/workspace/loading.lua:100]: Preload file at: file:///home/mikep/.dotfiles/scripts/.local/share/nvim/lazy/mason.nvim/tests/mason-core/installer/handle_spec.lua , size = 3.984 KB
[08:43:25.552][info] [#0:script/workspace/loading.lua:100]: Preload file at: file:///home/mikep/.dotfiles/scripts/.local/share/nvim/lazy/mason.nvim/tests/mason-core/installer/registry/expr_spec.lua , size = 8.115 KB
[08:43:25.554][info] [#0:script/workspace/loading.lua:100]: Preload file at: file:///home/mikep/.dotfiles/scripts/.local/share/nvim/lazy/mason.nvim/tests/mason-core/installer/registry/link_spec.lua , size = 7.855 KB
[08:43:25.556][info] [#0:script/workspace/loading.lua:100]: Preload file at: file:///home/mikep/.dotfiles/scripts/.local/share/nvim/lazy/mason.nvim/tests/mason-core/installer/registry/util_spec.lua , size = 2.930 KB
[08:43:25.557][info] [#0:script/workspace/loading.lua:100]: Preload file at: file:///home/mikep/.dotfiles/scripts/.local/share/nvim/lazy/mason.nvim/tests/mason-core/installer/registry/installer_spec.lua , size = 9.748 KB
[08:43:25.560][info] [#0:script/workspace/loading.lua:100]: Preload file at: file:///home/mikep/.dotfiles/scripts/.local/share/nvim/lazy/mason.nvim/tests/mason-core/installer/registry/providers/github/release_spec.lua , size = 11.508 KB
[08:43:25.562][info] [#0:script/workspace/loading.lua:100]: Preload file at: file:///home/mikep/.dotfiles/scripts/.local/share/nvim/lazy/mason.nvim/tests/mason-core/installer/registry/providers/github/build_spec.lua , size = 1.841 KB
[08:43:25.563][info] [#0:script/workspace/loading.lua:100]: Preload file at: file:///home/mikep/.dotfiles/scripts/.local/share/nvim/lazy/mason.nvim/tests/mason-core/installer/registry/providers/generic/download_spec.lua , size = 4.723 KB
[08:43:25.564][info] [#0:script/workspace/loading.lua:100]: Preload file at: file:///home/mikep/.dotfiles/scripts/.local/share/nvim/lazy/mason.nvim/tests/mason-core/installer/registry/providers/generic/build_spec.lua , size = 4.162 KB
[08:43:25.565][info] [#0:script/workspace/loading.lua:100]: Preload file at: file:///home/mikep/.dotfiles/scripts/.local/share/nvim/lazy/mason.nvim/tests/mason-core/installer/registry/providers/opam_spec.lua , size = 1.396 KB
[08:43:25.566][info] [#0:script/workspace/loading.lua:100]: Preload file at: file:///home/mikep/.dotfiles/scripts/.local/share/nvim/lazy/mason.nvim/tests/mason-core/installer/registry/providers/npm_spec.lua , size = 1.696 KB
[08:43:25.566][info] [#0:script/workspace/loading.lua:100]: Preload file at: file:///home/mikep/.dotfiles/scripts/.local/share/nvim/lazy/mason.nvim/tests/mason-core/installer/registry/providers/composer_spec.lua , size = 1.459 KB
[08:43:25.567][info] [#0:script/workspace/loading.lua:100]: Preload file at: file:///home/mikep/.dotfiles/scripts/.local/share/nvim/lazy/mason.nvim/tests/mason-core/installer/registry/providers/nuget_spec.lua , size = 1.405 KB
[08:43:25.568][info] [#0:script/workspace/loading.lua:100]: Preload file at: file:///home/mikep/.dotfiles/scripts/.local/share/nvim/lazy/mason.nvim/tests/mason-core/installer/registry/providers/cargo_spec.lua , size = 4.858 KB
[08:43:25.569][info] [#0:script/workspace/loading.lua:100]: Preload file at: file:///home/mikep/.dotfiles/scripts/.local/share/nvim/lazy/mason.nvim/tests/mason-core/installer/registry/providers/openvsx_spec.lua , size = 5.304 KB
[08:43:25.571][info] [#0:script/workspace/loading.lua:100]: Preload file at: file:///home/mikep/.dotfiles/scripts/.local/share/nvim/lazy/mason.nvim/tests/mason-core/installer/registry/providers/luarocks_spec.lua , size = 2.489 KB
[08:43:25.571][info] [#0:script/workspace/loading.lua:100]: Preload file at: file:///home/mikep/.dotfiles/scripts/.local/share/nvim/lazy/mason.nvim/tests/mason-core/installer/registry/providers/gem_spec.lua , size = 1.717 KB
[08:43:25.572][info] [#0:script/workspace/loading.lua:100]: Preload file at: file:///home/mikep/.dotfiles/scripts/.local/share/nvim/lazy/mason.nvim/tests/mason-core/installer/registry/providers/pypi_spec.lua , size = 2.960 KB
[08:43:25.573][info] [#0:script/workspace/loading.lua:100]: Preload file at: file:///home/mikep/.dotfiles/scripts/.local/share/nvim/lazy/mason.nvim/tests/mason-core/installer/registry/providers/golang_spec.lua , size = 1.609 KB
[08:43:25.574][info] [#0:script/workspace/loading.lua:100]: Preload file at: file:///home/mikep/.dotfiles/scripts/.local/share/nvim/lazy/mason.nvim/tests/mason-core/installer/installer_spec.lua , size = 8.033 KB
[08:43:25.577][info] [#0:script/workspace/loading.lua:100]: Preload file at: file:///home/mikep/.dotfiles/scripts/.local/share/nvim/lazy/mason.nvim/tests/mason-core/package/package_spec.lua , size = 6.907 KB
[08:43:25.579][info] [#0:script/workspace/loading.lua:100]: Preload file at: file:///home/mikep/.dotfiles/scripts/.local/share/nvim/lazy/mason.nvim/tests/mason-core/managers/opam_spec.lua , size = 1.973 KB
[08:43:25.579][info] [#0:script/workspace/loading.lua:100]: Preload file at: file:///home/mikep/.dotfiles/scripts/.local/share/nvim/lazy/mason.nvim/tests/mason-core/managers/npm_spec.lua , size = 7.446 KB
[08:43:25.582][info] [#0:script/workspace/loading.lua:100]: Preload file at: file:///home/mikep/.dotfiles/scripts/.local/share/nvim/lazy/mason.nvim/tests/mason-core/managers/composer_spec.lua , size = 5.786 KB
[08:43:25.583][info] [#0:script/workspace/loading.lua:100]: Preload file at: file:///home/mikep/.dotfiles/scripts/.local/share/nvim/lazy/mason.nvim/tests/mason-core/managers/github_spec.lua , size = 4.227 KB
[08:43:25.584][info] [#0:script/workspace/loading.lua:100]: Preload file at: file:///home/mikep/.dotfiles/scripts/.local/share/nvim/lazy/mason.nvim/tests/mason-core/managers/go_spec.lua , size = 6.217 KB
[08:43:25.586][info] [#0:script/workspace/loading.lua:100]: Preload file at: file:///home/mikep/.dotfiles/scripts/.local/share/nvim/lazy/mason.nvim/tests/mason-core/managers/git_spec.lua , size = 6.191 KB
[08:43:25.588][info] [#0:script/workspace/loading.lua:100]: Preload file at: file:///home/mikep/.dotfiles/scripts/.local/share/nvim/lazy/mason.nvim/tests/mason-core/managers/pip3_spec.lua , size = 10.347 KB
[08:43:25.591][info] [#0:script/workspace/loading.lua:100]: Preload file at: file:///home/mikep/.dotfiles/scripts/.local/share/nvim/lazy/mason.nvim/tests/mason-core/managers/cargo_spec.lua , size = 12.287 KB
[08:43:25.593][info] [#0:script/workspace/loading.lua:100]: Preload file at: file:///home/mikep/.dotfiles/scripts/.local/share/nvim/lazy/mason.nvim/tests/mason-core/managers/luarocks_spec.lua , size = 4.859 KB
[08:43:25.595][info] [#0:script/workspace/loading.lua:100]: Preload file at: file:///home/mikep/.dotfiles/scripts/.local/share/nvim/lazy/mason.nvim/tests/mason-core/managers/github_client_spec.lua , size = 0.744 KB
[08:43:25.595][info] [#0:script/workspace/loading.lua:100]: Preload file at: file:///home/mikep/.dotfiles/scripts/.local/share/nvim/lazy/mason.nvim/tests/mason-core/managers/gem_spec.lua , size = 6.309 KB
[08:43:25.597][info] [#0:script/workspace/loading.lua:100]: Preload file at: file:///home/mikep/.dotfiles/scripts/.local/share/nvim/lazy/mason.nvim/tests/mason-core/managers/powershell_spec.lua , size = 3.022 KB
[08:43:25.598][info] [#0:script/workspace/loading.lua:100]: Preload file at: file:///home/mikep/.dotfiles/scripts/.local/share/nvim/lazy/mason.nvim/tests/mason-core/managers/dotnet_spec.lua , size = 1.357 KB
[08:43:25.598][info] [#0:script/workspace/loading.lua:100]: Preload file at: file:///home/mikep/.dotfiles/scripts/.local/share/nvim/lazy/mason.nvim/tests/mason-core/ui_spec.lua , size = 12.342 KB
[08:43:25.601][info] [#0:script/workspace/loading.lua:100]: Preload file at: file:///home/mikep/.dotfiles/scripts/.local/share/nvim/lazy/mason.nvim/tests/mason-core/async/async_spec.lua , size = 10.727 KB
[08:43:25.604][info] [#0:script/workspace/loading.lua:100]: Preload file at: file:///home/mikep/.dotfiles/scripts/.local/share/nvim/lazy/mason.nvim/tests/mason-core/path_spec.lua , size = 0.962 KB
[08:43:25.605][info] [#0:script/workspace/loading.lua:100]: Preload file at: file:///home/mikep/.dotfiles/scripts/.local/share/nvim/lazy/mason.nvim/tests/mason-core/spawn_spec.lua , size = 6.781 KB
[08:43:25.607][info] [#0:script/workspace/loading.lua:100]: Preload file at: file:///home/mikep/.dotfiles/scripts/.local/share/nvim/lazy/mason.nvim/tests/mason-core/process_spec.lua , size = 0.889 KB
[08:43:25.608][info] [#0:script/workspace/loading.lua:100]: Preload file at: file:///home/mikep/.dotfiles/scripts/.local/share/nvim/lazy/mason.nvim/tests/mason-core/fs_spec.lua , size = 0.657 KB
[08:43:25.608][info] [#0:script/workspace/loading.lua:100]: Preload file at: file:///home/mikep/.dotfiles/scripts/.local/share/nvim/lazy/mason.nvim/tests/mason-core/pep440_spec.lua , size = 1.026 KB
[08:43:25.609][info] [#0:script/workspace/loading.lua:100]: Preload file at: file:///home/mikep/.dotfiles/scripts/.local/share/nvim/lazy/mason.nvim/tests/mason-core/fetch_spec.lua , size = 4.170 KB
[08:43:25.610][info] [#0:script/workspace/loading.lua:100]: Preload file at: file:///home/mikep/.dotfiles/scripts/.local/share/nvim/lazy/mason.nvim/tests/mason-core/optional_spec.lua , size = 4.517 KB
[08:43:25.612][info] [#0:script/workspace/loading.lua:100]: Preload file at: file:///home/mikep/.dotfiles/scripts/.local/share/nvim/lazy/mason.nvim/tests/mason-core/EventEmitter_spec.lua , size = 2.241 KB
[08:43:25.612][info] [#0:script/workspace/loading.lua:100]: Preload file at: file:///home/mikep/.dotfiles/scripts/.local/share/nvim/lazy/mason.nvim/tests/mason-core/result_spec.lua , size = 10.817 KB
[08:43:25.616][info] [#0:script/workspace/loading.lua:100]: Preload file at: file:///home/mikep/.dotfiles/scripts/.local/share/nvim/lazy/mason.nvim/tests/mason-core/functional/list_spec.lua , size = 11.035 KB
[08:43:25.619][info] [#0:script/workspace/loading.lua:100]: Preload file at: file:///home/mikep/.dotfiles/scripts/.local/share/nvim/lazy/mason.nvim/tests/mason-core/functional/function_spec.lua , size = 5.896 KB
[08:43:25.622][info] [#0:script/workspace/loading.lua:100]: Preload file at: file:///home/mikep/.dotfiles/scripts/.local/share/nvim/lazy/mason.nvim/tests/mason-core/functional/relation_spec.lua , size = 2.225 KB
[08:43:25.623][info] [#0:script/workspace/loading.lua:100]: Preload file at: file:///home/mikep/.dotfiles/scripts/.local/share/nvim/lazy/mason.nvim/tests/mason-core/functional/type_spec.lua , size = 1.225 KB
[08:43:25.624][info] [#0:script/workspace/loading.lua:100]: Preload file at: file:///home/mikep/.dotfiles/scripts/.local/share/nvim/lazy/mason.nvim/tests/mason-core/functional/data_spec.lua , size = 0.606 KB
[08:43:25.624][info] [#0:script/workspace/loading.lua:100]: Preload file at: file:///home/mikep/.dotfiles/scripts/.local/share/nvim/lazy/mason.nvim/tests/mason-core/functional/logic_spec.lua , size = 2.111 KB
[08:43:25.625][info] [#0:script/workspace/loading.lua:100]: Preload file at: file:///home/mikep/.dotfiles/scripts/.local/share/nvim/lazy/mason.nvim/tests/mason-core/functional/number_spec.lua , size = 1.666 KB
[08:43:25.625][info] [#0:script/workspace/loading.lua:100]: Preload file at: file:///home/mikep/.dotfiles/scripts/.local/share/nvim/lazy/mason.nvim/tests/mason-core/functional/string_spec.lua , size = 3.029 KB
[08:43:25.626][info] [#0:script/workspace/loading.lua:100]: Preload file at: file:///home/mikep/.dotfiles/scripts/.local/share/nvim/lazy/mason.nvim/tests/mason-core/functional/table_spec.lua , size = 3.735 KB
[08:43:25.628][info] [#0:script/workspace/loading.lua:100]: Preload file at: file:///home/mikep/.dotfiles/scripts/.local/share/nvim/lazy/mason.nvim/tests/mason-core/providers/provider_spec.lua , size = 2.254 KB
[08:43:25.629][info] [#0:script/workspace/loading.lua:100]: Preload file at: file:///home/mikep/.dotfiles/scripts/.local/share/nvim/lazy/mason.nvim/tests/mason/api/command_spec.lua , size = 4.484 KB
[08:43:25.630][info] [#0:script/workspace/loading.lua:100]: Preload file at: file:///home/mikep/.dotfiles/scripts/.local/share/nvim/lazy/mason.nvim/tests/mason/setup_spec.lua , size = 2.773 KB
[08:43:25.631][info] [#0:script/workspace/loading.lua:100]: Preload file at: file:///home/mikep/.dotfiles/scripts/.local/share/nvim/lazy/mason.nvim/tests/mason-registry/sources/lua_spec.lua , size = 1.676 KB
[08:43:25.632][info] [#0:script/workspace/loading.lua:100]: Preload file at: file:///home/mikep/.dotfiles/scripts/.local/share/nvim/lazy/mason.nvim/tests/mason-registry/api_spec.lua , size = 1.778 KB
[08:43:25.633][info] [#0:script/workspace/loading.lua:100]: Preload file at: file:///home/mikep/.dotfiles/scripts/.local/share/nvim/lazy/plenary.nvim/scripts/vararg/rotate.lua , size = 0.700 KB
[08:43:25.634][info] [#0:script/workspace/loading.lua:100]: Preload file at: file:///home/mikep/.dotfiles/scripts/.local/share/nvim/lazy/mason.nvim/tests/mason-registry/registry_spec.lua , size = 0.798 KB
[08:43:25.634][info] [#0:script/workspace/loading.lua:100]: Preload file at: file:///home/mikep/.dotfiles/scripts/.local/share/nvim/lazy/plenary.nvim/scripts/update_filetypes_from_github.lua , size = 6.680 KB
[08:43:25.636][info] [#0:script/workspace/loading.lua:100]: Preload file at: file:///home/mikep/.dotfiles/scripts/.local/share/nvim/lazy/plenary.nvim/scripts/generate_luassert_types.lua , size = 2.114 KB
[08:43:25.637][info] [#0:script/workspace/loading.lua:100]: Preload file at: file:///home/mikep/.dotfiles/scripts/.local/share/nvim/lazy/plenary.nvim/data/plenary/filetypes/builtin.lua , size = 1.628 KB
[08:43:25.638][info] [#0:script/workspace/loading.lua:100]: Preload file at: file:///home/mikep/.dotfiles/scripts/.local/share/nvim/lazy/plenary.nvim/tests/plenary/strings_spec.lua , size = 11.450 KB
[08:43:25.641][info] [#0:script/workspace/loading.lua:100]: Preload file at: file:///home/mikep/.dotfiles/scripts/.local/share/nvim/lazy/plenary.nvim/data/plenary/filetypes/base.lua , size = 22.987 KB
[08:43:25.646][info] [#0:script/workspace/loading.lua:100]: Preload file at: file:///home/mikep/.dotfiles/scripts/.local/share/nvim/lazy/plenary.nvim/tests/plenary/filetype_spec.lua , size = 5.496 KB
[08:43:25.648][info] [#0:script/workspace/loading.lua:100]: Preload file at: file:///home/mikep/.dotfiles/scripts/.local/share/nvim/lazy/plenary.nvim/tests/plenary/functional_spec.lua , size = 0.632 KB
[08:43:25.649][info] [#0:script/workspace/loading.lua:100]: Preload file at: file:///home/mikep/.dotfiles/scripts/.local/share/nvim/lazy/plenary.nvim/tests/plenary/job/validation_spec.lua , size = 0.948 KB
[08:43:25.650][info] [#0:script/workspace/loading.lua:100]: Preload file at: file:///home/mikep/.dotfiles/scripts/.local/share/nvim/lazy/plenary.nvim/tests/plenary/popup_spec.lua , size = 4.456 KB
[08:43:25.651][info] [#0:script/workspace/loading.lua:100]: Preload file at: file:///home/mikep/.dotfiles/scripts/.local/share/nvim/lazy/plenary.nvim/tests/plenary/enum_spec.lua , size = 1.729 KB
[08:43:25.652][info] [#0:script/workspace/loading.lua:100]: Preload file at: file:///home/mikep/.dotfiles/scripts/.local/share/nvim/lazy/plenary.nvim/tests/plenary/tbl_spec.lua , size = 0.576 KB
[08:43:25.652][info] [#0:script/workspace/loading.lua:100]: Preload file at: file:///home/mikep/.dotfiles/scripts/.local/share/nvim/lazy/plenary.nvim/tests/plenary/job_spec.lua , size = 21.134 KB
[08:43:25.659][info] [#0:script/workspace/loading.lua:100]: Preload file at: file:///home/mikep/.dotfiles/scripts/.local/share/nvim/lazy/plenary.nvim/tests/plenary/py_list_spec.lua , size = 1.951 KB
[08:43:25.660][info] [#0:script/workspace/loading.lua:100]: Preload file at: file:///home/mikep/.dotfiles/scripts/.local/share/nvim/lazy/plenary.nvim/tests/plenary/async/semaphore_spec.lua , size = 1.319 KB
[08:43:25.661][info] [#0:script/workspace/loading.lua:100]: Preload file at: file:///home/mikep/.dotfiles/scripts/.local/share/nvim/lazy/plenary.nvim/tests/plenary/async/util_spec.lua , size = 1.825 KB
[08:43:25.662][info] [#0:script/workspace/loading.lua:100]: Preload file at: file:///home/mikep/.dotfiles/scripts/.local/share/nvim/lazy/plenary.nvim/tests/plenary/async/channel_spec.lua , size = 4.351 KB
[08:43:25.663][info] [#0:script/workspace/loading.lua:100]: Preload file at: file:///home/mikep/.dotfiles/scripts/.local/share/nvim/lazy/plenary.nvim/tests/plenary/async/async_spec.lua , size = 1.104 KB
[08:43:25.664][info] [#0:script/workspace/loading.lua:100]: Preload file at: file:///home/mikep/.dotfiles/scripts/.local/share/nvim/lazy/plenary.nvim/tests/plenary/async/test_spec.lua , size = 1.203 KB
[08:43:25.665][info] [#0:script/workspace/loading.lua:100]: Preload file at: file:///home/mikep/.dotfiles/scripts/.local/share/nvim/lazy/plenary.nvim/tests/plenary/async/condvar_spec.lua , size = 2.514 KB
[08:43:25.666][info] [#0:script/workspace/loading.lua:100]: Preload file at: file:///home/mikep/.dotfiles/scripts/.local/share/nvim/lazy/plenary.nvim/tests/plenary/async/deque_spec.lua , size = 1.383 KB
[08:43:25.668][info] [#0:script/workspace/loading.lua:100]: Preload file at: file:///home/mikep/.dotfiles/scripts/.local/share/nvim/lazy/plenary.nvim/tests/plenary/popup_requires_spec.lua , size = 1.299 KB
[08:43:25.669][info] [#0:script/workspace/loading.lua:100]: Preload file at: file:///home/mikep/.dotfiles/scripts/.local/share/nvim/lazy/plenary.nvim/tests/plenary/simple_busted_spec.lua , size = 4.219 KB
[08:43:25.671][info] [#0:script/workspace/loading.lua:100]: Preload file at: file:///home/mikep/.dotfiles/scripts/.local/share/nvim/lazy/plenary.nvim/tests/plenary/path_spec.lua , size = 25.967 KB
[08:43:25.678][info] [#0:script/workspace/loading.lua:100]: Preload file at: file:///home/mikep/.dotfiles/scripts/.local/share/nvim/lazy/plenary.nvim/tests/plenary/rotate_spec.lua , size = 0.836 KB
[08:43:25.678][info] [#0:script/workspace/loading.lua:100]: Preload file at: file:///home/mikep/.dotfiles/scripts/.local/share/nvim/lazy/plenary.nvim/tests/plenary/context_manager_spec.lua , size = 4.554 KB
[08:43:25.680][info] [#0:script/workspace/loading.lua:100]: Preload file at: file:///home/mikep/.dotfiles/scripts/.local/share/nvim/lazy/plenary.nvim/tests/plenary/iterators_spec.lua , size = 3.832 KB
[08:43:25.681][info] [#0:script/workspace/loading.lua:100]: Preload file at: file:///home/mikep/.dotfiles/scripts/.local/share/nvim/lazy/plenary.nvim/tests/plenary/curl_spec.lua , size = 6.111 KB
[08:43:25.683][info] [#0:script/workspace/loading.lua:100]: Preload file at: file:///home/mikep/.dotfiles/scripts/.local/share/nvim/lazy/plenary.nvim/tests/plenary/uses_nvim_spec.lua , size = 0.113 KB
[08:43:25.684][info] [#0:script/workspace/loading.lua:100]: Preload file at: file:///home/mikep/.dotfiles/scripts/.local/share/nvim/lazy/plenary.nvim/tests/plenary/async_testing_spec.lua , size = 1.904 KB
[08:43:25.685][info] [#0:script/workspace/loading.lua:100]: Preload file at: file:///home/mikep/.dotfiles/scripts/.local/share/nvim/lazy/plenary.nvim/tests/plenary/json_spec.lua , size = 4.108 KB
[08:43:25.686][info] [#0:script/workspace/loading.lua:100]: Preload file at: file:///home/mikep/.dotfiles/scripts/.local/share/nvim/lazy/plenary.nvim/tests/plenary/scandir_spec.lua , size = 8.685 KB
[08:43:25.688][info] [#0:script/workspace/loading.lua:100]: Preload file at: file:///home/mikep/.dotfiles/scripts/.local/share/nvim/lazy/plenary.nvim/tests/manual/large_job_spec.lua , size = 0.763 KB
[08:43:25.689][info] [#0:script/workspace/loading.lua:100]: Preload file at: file:///home/mikep/.dotfiles/scripts/.local/share/nvim/lazy/indent-blankline.nvim/after/ftplugin/c.lua , size = 0.118 KB
[08:43:25.689][info] [#0:script/workspace/loading.lua:100]: Preload file at: file:///home/mikep/.dotfiles/scripts/.local/share/nvim/lazy/indent-blankline.nvim/after/ftplugin/cpp.lua , size = 0.118 KB
[08:43:25.690][info] [#0:script/workspace/loading.lua:100]: Preload file at: file:///home/mikep/.dotfiles/scripts/.local/share/nvim/lazy/indent-blankline.nvim/after/plugin/commands.lua , size = 1.271 KB
[08:43:25.690][info] [#0:script/workspace/loading.lua:100]: Preload file at: file:///home/mikep/.dotfiles/scripts/.local/share/nvim/lazy/indent-blankline.nvim/specs/features/hooks_spec.lua , size = 2.354 KB
[08:43:25.691][info] [#0:script/workspace/loading.lua:100]: Preload file at: file:///home/mikep/.dotfiles/scripts/.local/share/nvim/lazy/indent-blankline.nvim/specs/features/config_spec.lua , size = 5.009 KB
[08:43:25.693][info] [#0:script/workspace/loading.lua:100]: Preload file at: file:///home/mikep/.dotfiles/scripts/.local/share/nvim/lazy/indent-blankline.nvim/specs/features/indent_spec.lua , size = 3.253 KB
[08:43:25.694][info] [#0:script/workspace/loading.lua:100]: Preload file at: file:///home/mikep/.dotfiles/scripts/.local/share/nvim/lazy/indent-blankline.nvim/specs/features/utils_spec.lua , size = 3.938 KB
[08:43:25.696][info] [#0:script/workspace/loading.lua:100]: Preload file at: file:///home/mikep/.dotfiles/scripts/.local/share/nvim/lazy/indent-blankline.nvim/specs/features/virt_text_spec.lua , size = 22.120 KB
[08:43:25.701][info] [#0:script/workspace/loading.lua:100]: Preload file at: file:///home/mikep/.dotfiles/scripts/.local/share/nvim/lazy/indent-blankline.nvim/specs/spec.lua , size = 0.267 KB
[08:43:25.701][info] [#0:script/workspace/loading.lua:100]: Preload file at: file:///home/mikep/.dotfiles/scripts/.local/share/nvim/lazy/telescope.nvim/ftplugin/TelescopePrompt.lua , size = 0.344 KB
[08:43:25.701][info] [#0:script/workspace/loading.lua:100]: Preload file at: file:///home/mikep/.dotfiles/scripts/.local/share/nvim/lazy/telescope.nvim/ftplugin/TelescopeResults.lua , size = 0.139 KB
[08:43:25.701][info] [#0:script/workspace/loading.lua:100]: Preload file at: file:///home/mikep/.dotfiles/scripts/.local/share/nvim/lazy/telescope.nvim/plugin/telescope.lua , size = 6.448 KB
[08:43:25.703][info] [#0:script/workspace/loading.lua:100]: Preload file at: file:///home/mikep/.dotfiles/scripts/.local/share/nvim/lazy/telescope.nvim/scripts/gendocs.lua , size = 1.306 KB
[08:43:25.704][info] [#0:script/workspace/loading.lua:100]: Preload file at: file:///home/mikep/.dotfiles/scripts/.local/share/nvim/lazy/which-key.nvim/plugin/which-key.lua , size = 0.197 KB
[08:43:25.704][info] [#0:script/workspace/loading.lua:100]: Preload file at: file:///home/mikep/.dotfiles/scripts/.local/share/nvim/lazy/which-key.nvim/tests/minit.lua , size = 0.369 KB
[08:43:25.704][info] [#0:script/workspace/loading.lua:100]: Preload file at: file:///home/mikep/.dotfiles/scripts/.local/share/nvim/lazy/which-key.nvim/tests/buf_spec.lua , size = 0.349 KB
[08:43:25.705][info] [#0:script/workspace/loading.lua:100]: Preload file at: file:///home/mikep/.dotfiles/scripts/.local/share/nvim/lazy/which-key.nvim/tests/mappings_spec.lua , size = 2.607 KB
[08:43:25.706][info] [#0:script/workspace/loading.lua:100]: Preload file at: file:///home/mikep/.dotfiles/scripts/.local/share/nvim/lazy/which-key.nvim/tests/util_spec.lua , size = 2.751 KB
[08:43:25.707][info] [#0:script/workspace/loading.lua:100]: Preload file at: file:///home/mikep/.dotfiles/scripts/.local/share/nvim/lazy/which-key.nvim/tests/helpers.lua , size = 0.279 KB
[08:43:25.708][info] [#0:script/workspace/loading.lua:100]: Preload file at: file:///home/mikep/.dotfiles/scripts/.local/share/nvim/lazy/which-key.nvim/tests/layout_spec.lua , size = 1.235 KB
[08:43:25.708][info] [#0:script/workspace/loading.lua:100]: Preload file at: file:///home/mikep/.dotfiles/scripts/.local/share/nvim/lazy/mason-lspconfig.nvim/tests/mason-lspconfig/api/api_spec.lua , size = 1.632 KB
[08:43:25.709][info] [#0:script/workspace/loading.lua:100]: Preload file at: file:///home/mikep/.dotfiles/scripts/.local/share/nvim/lazy/mason-lspconfig.nvim/tests/mason-lspconfig/api/command_spec.lua , size = 3.027 KB
[08:43:25.710][info] [#0:script/workspace/loading.lua:100]: Preload file at: file:///home/mikep/.dotfiles/scripts/.local/share/nvim/lazy/mason-lspconfig.nvim/tests/mason-lspconfig/setup_spec.lua , size = 14.632 KB
[08:43:25.714][info] [#0:script/workspace/loading.lua:100]: Preload file at: file:///home/mikep/.dotfiles/scripts/.local/share/nvim/lazy/friendly-snippets/debug/lazy-nvim.lua , size = 1.703 KB
[08:43:25.715][info] [#0:script/workspace/loading.lua:100]: Preload file at: file:///home/mikep/.dotfiles/scripts/.local/share/nvim/lazy/friendly-snippets/debug/packer-nvim.lua , size = 2.041 KB
[08:43:25.717][info] [#0:script/workspace/loading.lua:100]: Preload file at: file:///home/mikep/.dotfiles/scripts/.local/share/nvim/lazy/telescope-fzf-native.nvim/test/fzf_lib_spec.lua , size = 4.096 KB
[08:43:25.718][info] [#0:script/workspace/loading.lua:139]: Preload dll at: file:///home/mikep/.dotfiles/scripts/.local/share/nvim/lazy/telescope-fzf-native.nvim/build/libfzf.so , size = 28.578 KB
[08:43:25.718][info] [#0:script/workspace/loading.lua:100]: Preload file at: file:///home/mikep/.dotfiles/scripts/.local/share/nvim/lazy/onedark.nvim/colors/onedark.lua , size = 0.158 KB
[08:43:25.719][info] [#0:script/workspace/loading.lua:100]: Preload file at: file:///home/mikep/.dotfiles/scripts/.local/share/nvim/lazy/lazy.nvim/bootstrap.lua , size = 1.365 KB
[08:43:25.719][info] [#0:script/workspace/loading.lua:100]: Preload file at: file:///home/mikep/.dotfiles/scripts/.local/share/nvim/lazy/lazy.nvim/tests/minit.lua , size = 0.178 KB
[08:43:25.720][info] [#0:script/workspace/loading.lua:100]: Preload file at: file:///home/mikep/.dotfiles/scripts/.local/share/nvim/lazy/lazy.nvim/tests/handlers/keys_spec.lua , size = 0.478 KB
[08:43:25.720][info] [#0:script/workspace/loading.lua:100]: Preload file at: file:///home/mikep/.dotfiles/scripts/.local/share/nvim/lazy/lazy.nvim/tests/core/util_spec.lua , size = 4.053 KB
[08:43:25.722][info] [#0:script/workspace/loading.lua:100]: Preload file at: file:///home/mikep/.dotfiles/scripts/.local/share/nvim/lazy/lazy.nvim/tests/core/init_spec.lua , size = 0.348 KB
[08:43:25.723][info] [#0:script/workspace/loading.lua:100]: Preload file at: file:///home/mikep/.dotfiles/scripts/.local/share/nvim/lazy/lazy.nvim/tests/core/plugin_spec.lua , size = 16.611 KB
[08:43:25.728][info] [#0:script/workspace/loading.lua:100]: Preload file at: file:///home/mikep/.dotfiles/scripts/.local/share/nvim/lazy/lazy.nvim/tests/manage/semver_spec.lua , size = 3.623 KB
[08:43:25.730][info] [#0:script/workspace/loading.lua:100]: Preload file at: file:///home/mikep/.dotfiles/scripts/.local/share/nvim/lazy/lazy.nvim/tests/manage/runner_spec.lua , size = 2.400 KB
[08:43:25.731][info] [#0:script/workspace/loading.lua:100]: Preload file at: file:///home/mikep/.dotfiles/scripts/.local/share/nvim/lazy/lazy.nvim/tests/manage/process_spec.lua , size = 0.492 KB
[08:43:25.732][info] [#0:script/workspace/loading.lua:100]: Preload file at: file:///home/mikep/.dotfiles/scripts/.local/share/nvim/lazy/lazy.nvim/tests/manage/task_spec.lua , size = 2.455 KB
[08:43:25.733][info] [#0:script/workspace/loading.lua:100]: Preload file at: file:///home/mikep/.dotfiles/scripts/.local/share/nvim/lazy/lazy.nvim/tests/helpers.lua , size = 0.739 KB
[08:43:25.733][info] [#0:script/workspace/loading.lua:100]: Preload file at: file:///home/mikep/.dotfiles/scripts/.local/share/nvim/lazy/vimtex/test/example-markdown/test.lua , size = 0.842 KB
[08:43:25.734][info] [#0:script/workspace/loading.lua:100]: Preload file at: file:///home/mikep/.dotfiles/scripts/.local/share/nvim/lazy/cmp_luasnip/after/plugin/cmp_luasnip.lua , size = 0.465 KB
[08:43:25.735][info] [#0:script/workspace/loading.lua:100]: Preload file at: file:///home/mikep/.dotfiles/scripts/.local/share/nvim/lazy/nvim-lspconfig/test/lspconfig_spec.lua , size = 8.582 KB
[08:43:25.737][info] [#0:script/workspace/loading.lua:100]: Preload file at: file:///home/mikep/.dotfiles/scripts/.local/share/nvim/lazy/nvim-lspconfig/test/minimal_init.lua , size = 2.661 KB
[08:43:25.738][info] [#0:script/workspace/loading.lua:100]: Preload file at: file:///home/mikep/.dotfiles/scripts/.local/share/nvim/lazy/nvim-lspconfig/scripts/docgen.lua , size = 9.188 KB
[08:43:25.741][info] [#0:script/workspace/loading.lua:88]: Skip loaded file: file:///home/mikep/.dotfiles/scripts/.local/share/nvim/lazy/neodev.nvim/types/nightly/alias.lua
[08:43:25.741][info] [#0:script/workspace/loading.lua:88]: Skip loaded file: file:///home/mikep/.dotfiles/scripts/.local/share/nvim/lazy/neodev.nvim/types/nightly/cmd.lua
[08:43:25.741][info] [#0:script/workspace/loading.lua:100]: Preload file at: file:///home/mikep/.dotfiles/scripts/.local/share/nvim/lazy/nvim-lspconfig/plugin/lspconfig.lua , size = 4.444 KB
[08:43:25.743][info] [#0:script/workspace/loading.lua:88]: Skip loaded file: file:///home/mikep/.dotfiles/scripts/.local/share/nvim/lazy/neodev.nvim/types/nightly/uv.lua
[08:43:25.743][info] [#0:script/workspace/loading.lua:88]: Skip loaded file: file:///home/mikep/.dotfiles/scripts/.local/share/nvim/lazy/neodev.nvim/types/nightly/vim.lua
[08:43:25.744][info] [#0:script/workspace/loading.lua:100]: Preload file at: file:///home/mikep/.dotfiles/scripts/.local/share/nvim/lazy/neodev.nvim/types/override/api.lua , size = 0.030 KB
[08:43:25.744][info] [#0:script/workspace/loading.lua:100]: Preload file at: file:///home/mikep/.dotfiles/scripts/.local/share/nvim/lazy/neodev.nvim/types/override/options.lua , size = 0.418 KB
[08:43:25.744][info] [#0:script/workspace/loading.lua:100]: Preload file at: file:///home/mikep/.dotfiles/scripts/.local/share/nvim/lazy/neodev.nvim/types/override/vim.fn.lua , size = 2.024 KB
[08:43:25.745][info] [#0:script/workspace/loading.lua:100]: Preload file at: file:///home/mikep/.dotfiles/scripts/.local/share/nvim/lazy/neodev.nvim/types/override/lua.lua , size = 0.356 KB
[08:43:25.745][info] [#0:script/workspace/loading.lua:100]: Preload file at: file:///home/mikep/.dotfiles/scripts/.local/share/nvim/lazy/LuaSnip/plugin/luasnip.lua , size = 3.371 KB
[08:43:25.746][info] [#0:script/workspace/loading.lua:100]: Preload file at: file:///home/mikep/.dotfiles/scripts/.local/share/nvim/lazy/LuaSnip/Examples/snippets.lua , size = 17.584 KB
[08:43:25.751][info] [#0:script/workspace/loading.lua:139]: Preload dll at: file:///home/mikep/.dotfiles/scripts/.local/share/nvim/lazy/LuaSnip/deps/jsregexp005/jsregexp.so , size = 108.891 KB
[08:43:25.754][info] [#0:script/workspace/loading.lua:100]: Preload file at: file:///home/mikep/.dotfiles/scripts/.local/share/nvim/lazy/LuaSnip/deps/jsregexp005/test.lua , size = 6.253 KB
[08:43:25.756][info] [#0:script/workspace/loading.lua:100]: Preload file at: file:///home/mikep/.dotfiles/scripts/.local/share/nvim/lazy/LuaSnip/deps/jsregexp/jsregexp.lua , size = 6.087 KB
[08:43:25.759][info] [#0:script/workspace/loading.lua:139]: Preload dll at: file:///home/mikep/.dotfiles/scripts/.local/share/nvim/lazy/LuaSnip/deps/jsregexp/jsregexp.so , size = 114.266 KB
[08:43:25.761][info] [#0:script/workspace/loading.lua:100]: Preload file at: file:///home/mikep/.dotfiles/scripts/.local/share/nvim/lazy/LuaSnip/deps/jsregexp/test.lua , size = 13.487 KB
[08:43:25.766][info] [#0:script/workspace/loading.lua:100]: Preload file at: file:///home/mikep/.dotfiles/scripts/.local/share/nvim/lazy/LuaSnip/tests/unit/snippet_collection_spec.lua , size = 2.429 KB
[08:43:25.767][info] [#0:script/workspace/loading.lua:100]: Preload file at: file:///home/mikep/.dotfiles/scripts/.local/share/nvim/lazy/LuaSnip/tests/unit/environ_spec.lua , size = 5.523 KB
[08:43:25.768][info] [#0:script/workspace/loading.lua:139]: Preload dll at: file:///home/mikep/.dotfiles/scripts/.local/share/nvim/lazy/LuaSnip/deps/luasnip-jsregexp.so , size = 114.266 KB
[08:43:25.771][info] [#0:script/workspace/loading.lua:100]: Preload file at: file:///home/mikep/.dotfiles/scripts/.local/share/nvim/lazy/LuaSnip/tests/unit/otf_spec.lua , size = 1.278 KB
[08:43:25.772][info] [#0:script/workspace/loading.lua:100]: Preload file at: file:///home/mikep/.dotfiles/scripts/.local/share/nvim/lazy/LuaSnip/tests/unit/snippetProxy_spec.lua , size = 2.624 KB
[08:43:25.773][info] [#0:script/workspace/loading.lua:100]: Preload file at: file:///home/mikep/.dotfiles/scripts/.local/share/nvim/lazy/LuaSnip/tests/unit/fswatcher_spec.lua , size = 6.893 KB
[08:43:25.774][info] [#0:script/workspace/loading.lua:100]: Preload file at: file:///home/mikep/.dotfiles/scripts/.local/share/nvim/lazy/LuaSnip/tests/unit/split_lines_spec.lua , size = 1.614 KB
[08:43:25.775][info] [#0:script/workspace/loading.lua:100]: Preload file at: file:///home/mikep/.dotfiles/scripts/.local/share/nvim/lazy/LuaSnip/tests/unit/utils_spec.lua , size = 3.114 KB
[08:43:25.776][info] [#0:script/workspace/loading.lua:100]: Preload file at: file:///home/mikep/.dotfiles/scripts/.local/share/nvim/lazy/LuaSnip/tests/unit/loader_spec.lua , size = 0.824 KB
[08:43:25.776][info] [#0:script/workspace/loading.lua:100]: Preload file at: file:///home/mikep/.dotfiles/scripts/.local/share/nvim/lazy/LuaSnip/tests/unit/conditions_spec.lua , size = 7.566 KB
[08:43:25.778][info] [#0:script/workspace/loading.lua:100]: Preload file at: file:///home/mikep/.dotfiles/scripts/.local/share/nvim/lazy/LuaSnip/tests/unit/str_spec.lua , size = 1.501 KB
[08:43:25.779][info] [#0:script/workspace/loading.lua:100]: Preload file at: file:///home/mikep/.dotfiles/scripts/.local/share/nvim/lazy/LuaSnip/tests/unit/directed_graph_spec.lua , size = 2.063 KB
[08:43:25.780][info] [#0:script/workspace/loading.lua:100]: Preload file at: file:///home/mikep/.dotfiles/scripts/.local/share/nvim/lazy/LuaSnip/tests/unit/extend_decorator_spec.lua , size = 2.052 KB
[08:43:25.780][info] [#0:script/workspace/loading.lua:100]: Preload file at: file:///home/mikep/.dotfiles/scripts/.local/share/nvim/lazy/LuaSnip/tests/unit/fmt_spec.lua , size = 5.166 KB
[08:43:25.782][info] [#0:script/workspace/loading.lua:100]: Preload file at: file:///home/mikep/.dotfiles/scripts/.local/share/nvim/lazy/LuaSnip/tests/symlinked_data/lua-snippets/luasnippets2_env_test_set/all.lua , size = 0.082 KB
[08:43:25.782][info] [#0:script/workspace/loading.lua:100]: Preload file at: file:///home/mikep/.dotfiles/scripts/.local/share/nvim/lazy/LuaSnip/tests/symlinked_data/lua-snippets/luasnippets2_env_test_extend/all.lua , size = 0.133 KB
[08:43:25.782][info] [#0:script/workspace/loading.lua:100]: Preload file at: file:///home/mikep/.dotfiles/scripts/.local/share/nvim/lazy/LuaSnip/tests/symlinked_data/lua-snippets/luasnippets/prio.lua , size = 0.033 KB
[08:43:25.783][info] [#0:script/workspace/loading.lua:100]: Preload file at: file:///home/mikep/.dotfiles/scripts/.local/share/nvim/lazy/LuaSnip/tests/data/lua-snippets/luasnippets2_env_test_extend/all.lua , size = 0.133 KB
[08:43:25.783][info] [#0:script/workspace/loading.lua:100]: Preload file at: file:///home/mikep/.dotfiles/scripts/.local/share/nvim/lazy/LuaSnip/tests/symlinked_data/lua-snippets/luasnippets/all.lua , size = 0.117 KB
[08:43:25.783][info] [#0:script/workspace/loading.lua:100]: Preload file at: file:///home/mikep/.dotfiles/scripts/.local/share/nvim/lazy/LuaSnip/tests/data/lua-snippets/luasnippets2_env_test_set/all.lua , size = 0.082 KB
[08:43:25.783][info] [#0:script/workspace/loading.lua:100]: Preload file at: file:///home/mikep/.dotfiles/scripts/.local/share/nvim/lazy/LuaSnip/tests/data/lua-snippets/luasnippets/prio.lua , size = 0.033 KB
[08:43:25.784][info] [#0:script/workspace/loading.lua:100]: Preload file at: file:///home/mikep/.dotfiles/scripts/.local/share/nvim/lazy/LuaSnip/tests/data/lua-snippets/luasnippets/all.lua , size = 0.117 KB
[08:43:25.784][info] [#0:script/workspace/loading.lua:139]: Preload dll at: file:///home/mikep/.dotfiles/scripts/.local/share/nvim/lazy/LuaSnip/tests/parsers/json.so , size = 15.156 KB
[08:43:25.784][info] [#0:script/workspace/loading.lua:139]: Preload dll at: file:///home/mikep/.dotfiles/scripts/.local/share/nvim/lazy/LuaSnip/tests/parsers/jsonc.so , size = 17.469 KB
[08:43:25.784][info] [#0:script/workspace/loading.lua:100]: Preload file at: file:///home/mikep/.dotfiles/scripts/.local/share/nvim/lazy/LuaSnip/tests/integration/selection_spec.lua , size = 3.855 KB
[08:43:25.785][info] [#0:script/workspace/loading.lua:139]: Preload dll at: file:///home/mikep/.dotfiles/scripts/.local/share/nvim/lazy/LuaSnip/tests/parsers/lua_07_09.so , size = 60.023 KB
[08:43:25.786][info] [#0:script/workspace/loading.lua:100]: Preload file at: file:///home/mikep/.dotfiles/scripts/.local/share/nvim/lazy/LuaSnip/tests/integration/select_spec.lua , size = 9.225 KB
[08:43:25.787][info] [#0:script/workspace/loading.lua:100]: Preload file at: file:///home/mikep/.dotfiles/scripts/.local/share/nvim/lazy/LuaSnip/tests/integration/choice_spec.lua , size = 6.589 KB
[08:43:25.788][info] [#0:script/workspace/loading.lua:100]: Preload file at: file:///home/mikep/.dotfiles/scripts/.local/share/nvim/lazy/LuaSnip/tests/integration/loaders_spec.lua , size = 34.629 KB
[08:43:25.794][info] [#0:script/workspace/loading.lua:100]: Preload file at: file:///home/mikep/.dotfiles/scripts/.local/share/nvim/lazy/LuaSnip/tests/integration/restore_spec.lua , size = 9.289 KB
[08:43:25.796][info] [#0:script/workspace/loading.lua:100]: Preload file at: file:///home/mikep/.dotfiles/scripts/.local/share/nvim/lazy/LuaSnip/tests/integration/postfix_snippet_spec.lua , size = 5.055 KB
[08:43:25.797][info] [#0:script/workspace/loading.lua:100]: Preload file at: file:///home/mikep/.dotfiles/scripts/.local/share/nvim/lazy/LuaSnip/tests/integration/extras_spec.lua , size = 7.880 KB
[08:43:25.799][info] [#0:script/workspace/loading.lua:100]: Preload file at: file:///home/mikep/.dotfiles/scripts/.local/share/nvim/lazy/LuaSnip/tests/integration/session_spec.lua , size = 92.305 KB
[08:43:25.806][info] [#0:script/workspace/loading.lua:100]: Preload file at: file:///home/mikep/.dotfiles/scripts/.local/share/nvim/lazy/LuaSnip/tests/integration/function_spec.lua , size = 8.045 KB
[08:43:25.807][info] [#0:script/workspace/loading.lua:100]: Preload file at: file:///home/mikep/.dotfiles/scripts/.local/share/nvim/lazy/LuaSnip/tests/integration/add_snippets_spec.lua , size = 10.172 KB
[08:43:25.809][info] [#0:script/workspace/loading.lua:100]: Preload file at: file:///home/mikep/.dotfiles/scripts/.local/share/nvim/lazy/LuaSnip/tests/integration/dynamic_spec.lua , size = 10.239 KB
[08:43:25.811][info] [#0:script/workspace/loading.lua:100]: Preload file at: file:///home/mikep/.dotfiles/scripts/.local/share/nvim/lazy/LuaSnip/tests/integration/snippet_ft_spec.lua , size = 5.488 KB
[08:43:25.811][info] [#0:script/workspace/loading.lua:100]: Preload file at: file:///home/mikep/.dotfiles/scripts/.local/share/nvim/lazy/LuaSnip/tests/integration/ext_opts_spec.lua , size = 4.603 KB
[08:43:25.813][info] [#0:script/workspace/loading.lua:100]: Preload file at: file:///home/mikep/.dotfiles/scripts/.local/share/nvim/lazy/LuaSnip/tests/integration/multisnippet_spec.lua , size = 4.691 KB
[08:43:25.814][info] [#0:script/workspace/loading.lua:100]: Preload file at: file:///home/mikep/.dotfiles/scripts/.local/share/nvim/lazy/LuaSnip/tests/integration/jump_spec.lua , size = 6.773 KB
[08:43:25.815][info] [#0:script/workspace/loading.lua:100]: Preload file at: file:///home/mikep/.dotfiles/scripts/.local/share/nvim/lazy/LuaSnip/tests/integration/simple_nodes_spec.lua , size = 1.040 KB
[08:43:25.815][info] [#0:script/workspace/loading.lua:100]: Preload file at: file:///home/mikep/.dotfiles/scripts/.local/share/nvim/lazy/LuaSnip/tests/integration/source_spec.lua , size = 7.420 KB
[08:43:25.816][info] [#0:script/workspace/loading.lua:100]: Preload file at: file:///home/mikep/.dotfiles/scripts/.local/share/nvim/lazy/LuaSnip/tests/integration/parser_spec.lua , size = 28.780 KB
[08:43:25.822][info] [#0:script/workspace/loading.lua:100]: Preload file at: file:///home/mikep/.dotfiles/scripts/.local/share/nvim/lazy/LuaSnip/tests/integration/treesitter_postfix_spec.lua , size = 4.954 KB
[08:43:25.823][info] [#0:script/workspace/loading.lua:100]: Preload file at: file:///home/mikep/.dotfiles/scripts/.local/share/nvim/lazy/LuaSnip/tests/integration/fmt_spec.lua , size = 1.431 KB
[08:43:25.824][info] [#0:script/workspace/loading.lua:100]: Preload file at: file:///home/mikep/.dotfiles/scripts/.local/share/nvim/lazy/LuaSnip/tests/integration/snippet_basics_spec.lua , size = 46.097 KB
[08:43:25.831][info] [#0:script/workspace/loading.lua:100]: Preload file at: file:///home/mikep/.dotfiles/scripts/.local/share/nvim/lazy/LuaSnip/tests/helpers.lua , size = 10.883 KB
[08:43:25.833][info] [#0:script/workspace/loading.lua:100]: Preload file at: file:///home/mikep/.dotfiles/scripts/.local/share/nvim/lazy/gitsigns.nvim/gen_help.lua , size = 12.753 KB
[08:43:25.840][info] [#0:script/workspace/loading.lua:100]: Preload file at: file:///home/mikep/.dotfiles/scripts/.local/share/nvim/lazy/gitsigns.nvim/test/highlights_spec.lua , size = 3.007 KB
[08:43:25.841][info] [#0:script/workspace/loading.lua:100]: Preload file at: file:///home/mikep/.dotfiles/scripts/.local/share/nvim/lazy/gitsigns.nvim/test/gitdir_watcher_spec.lua , size = 5.286 KB
[08:43:25.842][info] [#0:script/workspace/loading.lua:100]: Preload file at: file:///home/mikep/.dotfiles/scripts/.local/share/nvim/lazy/gitsigns.nvim/test/gs_helpers.lua , size = 8.620 KB
[08:43:25.845][info] [#0:script/workspace/loading.lua:100]: Preload file at: file:///home/mikep/.dotfiles/scripts/.local/share/nvim/lazy/gitsigns.nvim/test/gitsigns_spec.lua , size = 22.127 KB
[08:43:25.851][info] [#0:script/workspace/loading.lua:100]: Preload file at: file:///home/mikep/.dotfiles/scripts/.local/share/nvim/lazy/gitsigns.nvim/test/actions_spec.lua , size = 8.139 KB
[08:43:25.854][info] [#0:script/workspace/loading.lua:100]: Preload file at: file:///home/mikep/.dotfiles/scripts/.local/share/nvim/lazy/lualine.nvim/examples/bubbles.lua , size = 1.545 KB
[08:43:25.854][info] [#0:script/workspace/loading.lua:100]: Preload file at: file:///home/mikep/.dotfiles/scripts/.local/share/nvim/lazy/lualine.nvim/examples/slanted-gaps.lua , size = 3.161 KB
[08:43:25.856][info] [#0:script/workspace/loading.lua:100]: Preload file at: file:///home/mikep/.dotfiles/scripts/.local/share/nvim/lazy/lualine.nvim/examples/evil_lualine.lua , size = 5.111 KB
[08:43:25.858][info] [#0:script/workspace/loading.lua:100]: Preload file at: file:///home/mikep/.dotfiles/scripts/.local/share/nvim/lazy/lualine.nvim/tests/minimal_init.lua , size = 0.296 KB
[08:43:25.858][info] [#0:script/workspace/loading.lua:100]: Preload file at: file:///home/mikep/.dotfiles/scripts/.local/share/nvim/lazy/lualine.nvim/tests/statusline.lua , size = 6.567 KB
[08:43:25.860][info] [#0:script/workspace/loading.lua:100]: Preload file at: file:///home/mikep/.dotfiles/scripts/.local/share/nvim/lazy/lualine.nvim/tests/spec/config_spec.lua , size = 6.409 KB
[08:43:25.862][info] [#0:script/workspace/loading.lua:100]: Preload file at: file:///home/mikep/.dotfiles/scripts/.local/share/nvim/lazy/lualine.nvim/tests/spec/component_spec.lua , size = 26.805 KB
[08:43:25.871][info] [#0:script/workspace/loading.lua:100]: Preload file at: file:///home/mikep/.dotfiles/scripts/.local/share/nvim/lazy/lualine.nvim/tests/spec/utils_spec.lua , size = 6.387 KB
[08:43:25.873][info] [#0:script/workspace/loading.lua:100]: Preload file at: file:///home/mikep/.dotfiles/scripts/.local/share/nvim/lazy/lualine.nvim/tests/spec/lualine_spec.lua , size = 40.096 KB
[08:43:25.879][info] [#0:script/workspace/loading.lua:100]: Preload file at: file:///home/mikep/.dotfiles/scripts/.local/share/nvim/lazy/lualine.nvim/tests/helpers.lua , size = 2.396 KB
[08:43:25.880][info] [#0:script/workspace/loading.lua:100]: Preload file at: file:///home/mikep/.dotfiles/scripts/.local/share/nvim/lazy/cmp-nvim-lsp/after/plugin/cmp_nvim_lsp.lua , size = 0.031 KB
[08:43:25.880][info] [#0:script/workspace/loading.lua:100]: Preload file at: file:///home/mikep/.dotfiles/scripts/.local/share/nvim/lazy/Comment.nvim/plugin/Comment.lua , size = 4.507 KB
[08:43:25.881][info] [#0:script/workspace/loading.lua:100]: Preload file at: file:///home/mikep/.dotfiles/scripts/.local/share/nvim/lazy/nvim-treesitter/scripts/check-queries.lua , size = 3.583 KB
[08:43:25.882][info] [#0:script/workspace/loading.lua:100]: Preload file at: file:///home/mikep/.dotfiles/scripts/.local/share/nvim/lazy/nvim-treesitter/scripts/format-queries.lua , size = 11.664 KB
[08:43:25.885][info] [#0:script/workspace/loading.lua:100]: Preload file at: file:///home/mikep/.dotfiles/scripts/.local/share/nvim/lazy/nvim-treesitter/scripts/write-lockfile.lua , size = 0.352 KB
[08:43:25.885][info] [#0:script/workspace/loading.lua:100]: Preload file at: file:///home/mikep/.dotfiles/scripts/.local/share/nvim/lazy/nvim-treesitter/scripts/minimal_init.lua , size = 0.500 KB
[08:43:25.886][info] [#0:script/workspace/loading.lua:100]: Preload file at: file:///home/mikep/.dotfiles/scripts/.local/share/nvim/lazy/nvim-treesitter/scripts/update-readme.lua , size = 1.601 KB
[08:43:25.887][info] [#0:script/workspace/loading.lua:100]: Preload file at: file:///home/mikep/.dotfiles/scripts/.local/share/nvim/lazy/nvim-treesitter/plugin/nvim-treesitter.lua , size = 0.733 KB
[08:43:25.887][info] [#0:script/workspace/loading.lua:100]: Preload file at: file:///home/mikep/.dotfiles/scripts/.local/share/nvim/lazy/nvim-treesitter/tests/query/injection_spec.lua , size = 2.444 KB
[08:43:25.889][info] [#0:script/workspace/loading.lua:100]: Preload file at: file:///home/mikep/.dotfiles/scripts/.local/share/nvim/lazy/nvim-treesitter/tests/unit/ts_utils_spec.lua , size = 2.771 KB
[08:43:25.890][info] [#0:script/workspace/loading.lua:100]: Preload file at: file:///home/mikep/.dotfiles/scripts/.local/share/nvim/lazy/nvim-treesitter/tests/query/highlights_spec.lua , size = 3.592 KB
[08:43:25.891][info] [#0:script/workspace/loading.lua:100]: Preload file at: file:///home/mikep/.dotfiles/scripts/.local/share/nvim/lazy/nvim-treesitter/tests/indent/terraform_spec.lua , size = 1.896 KB
[08:43:25.892][info] [#0:script/workspace/loading.lua:100]: Preload file at: file:///home/mikep/.dotfiles/scripts/.local/share/nvim/lazy/nvim-treesitter/tests/indent/vue_spec.lua , size = 0.573 KB
[08:43:25.892][info] [#0:script/workspace/loading.lua:100]: Preload file at: file:///home/mikep/.dotfiles/scripts/.local/share/nvim/lazy/nvim-treesitter/tests/indent/jsx_spec.lua , size = 1.003 KB
[08:43:25.893][info] [#0:script/workspace/loading.lua:100]: Preload file at: file:///home/mikep/.dotfiles/scripts/.local/share/nvim/lazy/nvim-treesitter/tests/indent/cpp_spec.lua , size = 2.422 KB
[08:43:25.894][info] [#0:script/workspace/loading.lua:100]: Preload file at: file:///home/mikep/.dotfiles/scripts/.local/share/nvim/lazy/nvim-treesitter/tests/indent/rust_spec.lua , size = 4.068 KB
[08:43:25.895][info] [#0:script/workspace/loading.lua:100]: Preload file at: file:///home/mikep/.dotfiles/scripts/.local/share/nvim/lazy/nvim-treesitter/tests/indent/sql_spec.lua , size = 0.410 KB
[08:43:25.896][info] [#0:script/workspace/loading.lua:100]: Preload file at: file:///home/mikep/.dotfiles/scripts/.local/share/nvim/lazy/nvim-treesitter/tests/indent/query_spec.lua , size = 1.183 KB
[08:43:25.897][info] [#0:script/workspace/loading.lua:100]: Preload file at: file:///home/mikep/.dotfiles/scripts/.local/share/nvim/lazy/nvim-treesitter/tests/indent/c_spec.lua , size = 3.652 KB
[08:43:25.898][info] [#0:script/workspace/loading.lua:100]: Preload file at: file:///home/mikep/.dotfiles/scripts/.local/share/nvim/lazy/nvim-treesitter/tests/indent/wgsl_spec.lua , size = 0.412 KB
[08:43:25.898][info] [#0:script/workspace/loading.lua:100]: Preload file at: file:///home/mikep/.dotfiles/scripts/.local/share/nvim/lazy/nvim-treesitter/tests/indent/zig_spec.lua , size = 0.561 KB
[08:43:25.899][info] [#0:script/workspace/loading.lua:100]: Preload file at: file:///home/mikep/.dotfiles/scripts/.local/share/nvim/lazy/nvim-treesitter/tests/indent/dart_spec.lua , size = 1.759 KB
[08:43:25.900][info] [#0:script/workspace/loading.lua:100]: Preload file at: file:///home/mikep/.dotfiles/scripts/.local/share/nvim/lazy/nvim-treesitter/tests/indent/tiger_spec.lua , size = 5.885 KB
[08:43:25.901][info] [#0:script/workspace/loading.lua:100]: Preload file at: file:///home/mikep/.dotfiles/scripts/.local/share/nvim/lazy/nvim-treesitter/tests/indent/python_spec.lua , size = 6.122 KB
[08:43:25.903][info] [#0:script/workspace/loading.lua:100]: Preload file at: file:///home/mikep/.dotfiles/scripts/.local/share/nvim/lazy/nvim-treesitter/tests/indent/go_spec.lua , size = 0.769 KB
[08:43:25.904][info] [#0:script/workspace/loading.lua:100]: Preload file at: file:///home/mikep/.dotfiles/scripts/.local/share/nvim/lazy/nvim-treesitter/tests/indent/angular_spec.lua , size = 1.438 KB
[08:43:25.905][info] [#0:script/workspace/loading.lua:100]: Preload file at: file:///home/mikep/.dotfiles/scripts/.local/share/nvim/lazy/nvim-treesitter/tests/indent/algorithm_spec.lua , size = 0.782 KB
[08:43:25.905][info] [#0:script/workspace/loading.lua:100]: Preload file at: file:///home/mikep/.dotfiles/scripts/.local/share/nvim/lazy/nvim-treesitter/tests/indent/r_spec.lua , size = 1.741 KB
[08:43:25.906][info] [#0:script/workspace/loading.lua:100]: Preload file at: file:///home/mikep/.dotfiles/scripts/.local/share/nvim/lazy/nvim-treesitter/tests/indent/gleam_spec.lua , size = 7.648 KB
[08:43:25.909][info] [#0:script/workspace/loading.lua:100]: Preload file at: file:///home/mikep/.dotfiles/scripts/.local/share/nvim/lazy/nvim-treesitter/tests/indent/dot_spec.lua , size = 0.814 KB
[08:43:25.910][info] [#0:script/workspace/loading.lua:100]: Preload file at: file:///home/mikep/.dotfiles/scripts/.local/share/nvim/lazy/nvim-treesitter/tests/indent/rescript_spec.lua , size = 1.383 KB
[08:43:25.910][info] [#0:script/workspace/loading.lua:100]: Preload file at: file:///home/mikep/.dotfiles/scripts/.local/share/nvim/lazy/nvim-treesitter/tests/indent/java_spec.lua , size = 1.753 KB
[08:43:25.911][info] [#0:script/workspace/loading.lua:100]: Preload file at: file:///home/mikep/.dotfiles/scripts/.local/share/nvim/lazy/nvim-treesitter/tests/indent/lua_spec.lua , size = 2.649 KB
[08:43:25.912][info] [#0:script/workspace/loading.lua:100]: Preload file at: file:///home/mikep/.dotfiles/scripts/.local/share/nvim/lazy/nvim-treesitter/tests/indent/nix_spec.lua , size = 0.841 KB
[08:43:25.913][info] [#0:script/workspace/loading.lua:100]: Preload file at: file:///home/mikep/.dotfiles/scripts/.local/share/nvim/lazy/nvim-treesitter/tests/indent/yuck_spec.lua , size = 0.500 KB
[08:43:25.913][info] [#0:script/workspace/loading.lua:100]: Preload file at: file:///home/mikep/.dotfiles/scripts/.local/share/nvim/lazy/nvim-treesitter/tests/indent/swift_spec.lua , size = 0.937 KB
[08:43:25.914][info] [#0:script/workspace/loading.lua:100]: Preload file at: file:///home/mikep/.dotfiles/scripts/.local/share/nvim/lazy/nvim-treesitter/tests/indent/t32_spec.lua , size = 3.692 KB
[08:43:25.916][info] [#0:script/workspace/loading.lua:100]: Preload file at: file:///home/mikep/.dotfiles/scripts/.local/share/nvim/lazy/nvim-treesitter/tests/indent/php_spec.lua , size = 4.781 KB
[08:43:25.917][info] [#0:script/workspace/loading.lua:100]: Preload file at: file:///home/mikep/.dotfiles/scripts/.local/share/nvim/lazy/nvim-treesitter/tests/indent/nickel_spec.lua , size = 0.977 KB
[08:43:25.917][info] [#0:script/workspace/loading.lua:100]: Preload file at: file:///home/mikep/.dotfiles/scripts/.local/share/nvim/lazy/nvim-treesitter/tests/indent/css_spec.lua , size = 0.600 KB
[08:43:25.918][info] [#0:script/workspace/loading.lua:100]: Preload file at: file:///home/mikep/.dotfiles/scripts/.local/share/nvim/lazy/nvim-treesitter/tests/indent/javascript_spec.lua , size = 3.033 KB
[08:43:25.920][info] [#0:script/workspace/loading.lua:100]: Preload file at: file:///home/mikep/.dotfiles/scripts/.local/share/nvim/lazy/nvim-treesitter/tests/indent/gdscript_spec.lua , size = 0.460 KB
[08:43:25.920][info] [#0:script/workspace/loading.lua:100]: Preload file at: file:///home/mikep/.dotfiles/scripts/.local/share/nvim/lazy/nvim-treesitter/tests/indent/graphql_spec.lua , size = 0.418 KB
[08:43:25.920][info] [#0:script/workspace/loading.lua:100]: Preload file at: file:///home/mikep/.dotfiles/scripts/.local/share/nvim/lazy/nvim-treesitter/tests/indent/smali_spec.lua , size = 1.003 KB
[08:43:25.921][info] [#0:script/workspace/loading.lua:100]: Preload file at: file:///home/mikep/.dotfiles/scripts/.local/share/nvim/lazy/nvim-treesitter/tests/indent/capnp_spec.lua , size = 1.145 KB
[08:43:25.921][info] [#0:script/workspace/loading.lua:100]: Preload file at: file:///home/mikep/.dotfiles/scripts/.local/share/nvim/lazy/nvim-treesitter/tests/indent/yaml_spec.lua , size = 0.576 KB
[08:43:25.922][info] [#0:script/workspace/loading.lua:100]: Preload file at: file:///home/mikep/.dotfiles/scripts/.local/share/nvim/lazy/nvim-treesitter/tests/indent/julia_spec.lua , size = 0.375 KB
[08:43:25.922][info] [#0:script/workspace/loading.lua:100]: Preload file at: file:///home/mikep/.dotfiles/scripts/.local/share/nvim/lazy/nvim-treesitter/tests/indent/yang_spec.lua , size = 0.704 KB
[08:43:25.922][info] [#0:script/workspace/loading.lua:100]: Preload file at: file:///home/mikep/.dotfiles/scripts/.local/share/nvim/lazy/nvim-treesitter/tests/indent/usd_spec.lua , size = 0.527 KB
[08:43:25.923][info] [#0:script/workspace/loading.lua:100]: Preload file at: file:///home/mikep/.dotfiles/scripts/.local/share/nvim/lazy/nvim-treesitter/tests/indent/meson_spec.lua , size = 1.041 KB
[08:43:26.494][warn] [#0:script/files.lua:704]: Compile [file:///home/mikep/.dotfiles/scripts/.local/share/nvim/lazy/nvim-treesitter/tests/indent/meson_spec.lua] takes [0.571] sec, size [1.066] kb.
[08:43:26.527][info] [#0:script/workspace/loading.lua:100]: Preload file at: file:///home/mikep/.dotfiles/scripts/.local/share/nvim/lazy/nvim-treesitter/tests/indent/ruby_spec.lua , size = 0.774 KB
[08:43:26.546][info] [#0:script/workspace/loading.lua:100]: Preload file at: file:///home/mikep/.dotfiles/scripts/.local/share/nvim/lazy/nvim-treesitter/tests/indent/common.lua , size = 6.410 KB
[08:43:26.573][info] [#0:script/workspace/loading.lua:100]: Preload file at: file:///home/mikep/.dotfiles/scripts/.local/share/nvim/lazy/nvim-treesitter/tests/indent/html_spec.lua , size = 1.429 KB
[08:43:26.574][info] [#0:script/workspace/loading.lua:100]: Preload file at: file:///home/mikep/.dotfiles/scripts/.local/share/nvim/lazy/nvim-treesitter/tests/indent/ql_spec.lua , size = 0.562 KB
[08:43:26.575][info] [#0:script/workspace/loading.lua:139]: Preload dll at: file:///home/mikep/.dotfiles/scripts/.local/share/nvim/lazy/nvim-treesitter/parser/gomod.so , size = 27.641 KB
[08:43:26.576][info] [#0:script/workspace/loading.lua:139]: Preload dll at: file:///home/mikep/.dotfiles/scripts/.local/share/nvim/lazy/nvim-treesitter/parser/xml.so , size = 60.570 KB
[08:43:26.576][info] [#0:script/workspace/loading.lua:139]: Preload dll at: file:///home/mikep/.dotfiles/scripts/.local/share/nvim/lazy/nvim-treesitter/parser/yaml.so , size = 195.078 KB
[08:43:26.577][info] [#0:script/workspace/loading.lua:139]: Preload dll at: file:///home/mikep/.dotfiles/scripts/.local/share/nvim/lazy/nvim-treesitter/parser/diff.so , size = 31.586 KB
[08:43:26.577][info] [#0:script/workspace/loading.lua:139]: Preload dll at: file:///home/mikep/.dotfiles/scripts/.local/share/nvim/lazy/nvim-treesitter/parser/json.so , size = 15.672 KB
[08:43:26.579][info] [#0:script/workspace/loading.lua:139]: Preload dll at: file:///home/mikep/.dotfiles/scripts/.local/share/nvim/lazy/nvim-treesitter/parser/c.so , size = 612.180 KB
[08:43:26.581][info] [#0:script/workspace/loading.lua:139]: Preload dll at: file:///home/mikep/.dotfiles/scripts/.local/share/nvim/lazy/nvim-treesitter/parser/csv.so , size = 19.484 KB
[08:43:26.581][info] [#0:script/workspace/loading.lua:139]: Preload dll at: file:///home/mikep/.dotfiles/scripts/.local/share/nvim/lazy/nvim-treesitter/parser/rust.so , size = 1025.031 KB
[08:43:26.585][info] [#0:script/workspace/loading.lua:139]: Preload dll at: file:///home/mikep/.dotfiles/scripts/.local/share/nvim/lazy/nvim-treesitter/parser/lua.so , size = 65.109 KB
[08:43:26.585][info] [#0:script/workspace/loading.lua:139]: Preload dll at: file:///home/mikep/.dotfiles/scripts/.local/share/nvim/lazy/nvim-treesitter/parser/typescript.so , size = 1417.805 KB
[08:43:26.590][info] [#0:script/workspace/loading.lua:139]: Preload dll at: file:///home/mikep/.dotfiles/scripts/.local/share/nvim/lazy/nvim-treesitter/parser/bash.so , size = 1321.055 KB
[08:43:26.594][info] [#0:script/workspace/loading.lua:139]: Preload dll at: file:///home/mikep/.dotfiles/scripts/.local/share/nvim/lazy/nvim-treesitter/parser/po.so , size = 19.461 KB
[08:43:26.594][info] [#0:script/workspace/loading.lua:139]: Preload dll at: file:///home/mikep/.dotfiles/scripts/.local/share/nvim/lazy/nvim-treesitter/parser/go.so , size = 215.578 KB
[08:43:26.595][info] [#0:script/workspace/loading.lua:139]: Preload dll at: file:///home/mikep/.dotfiles/scripts/.local/share/nvim/lazy/nvim-treesitter/parser/html.so , size = 29.391 KB
[08:43:26.595][info] [#0:script/workspace/loading.lua:139]: Preload dll at: file:///home/mikep/.dotfiles/scripts/.local/share/nvim/lazy/nvim-treesitter/parser/gitignore.so , size = 23.547 KB
[08:43:26.595][info] [#0:script/workspace/loading.lua:139]: Preload dll at: file:///home/mikep/.dotfiles/scripts/.local/share/nvim/lazy/nvim-treesitter/parser/gosum.so , size = 19.586 KB
[08:43:26.595][info] [#0:script/workspace/loading.lua:139]: Preload dll at: file:///home/mikep/.dotfiles/scripts/.local/share/nvim/lazy/nvim-treesitter/parser/css.so , size = 97.438 KB
[08:43:26.596][info] [#0:script/workspace/loading.lua:139]: Preload dll at: file:///home/mikep/.dotfiles/scripts/.local/share/nvim/lazy/nvim-treesitter/parser/cpp.so , size = 3359.008 KB
[08:43:26.607][info] [#0:script/workspace/loading.lua:139]: Preload dll at: file:///home/mikep/.dotfiles/scripts/.local/share/nvim/lazy/nvim-treesitter/parser/javascript.so , size = 385.766 KB
[08:43:26.608][info] [#0:script/workspace/loading.lua:139]: Preload dll at: file:///home/mikep/.dotfiles/scripts/.local/share/nvim/lazy/nvim-treesitter/parser/requirements.so , size = 43.750 KB
[08:43:26.609][info] [#0:script/workspace/loading.lua:139]: Preload dll at: file:///home/mikep/.dotfiles/scripts/.local/share/nvim/lazy/nvim-treesitter/parser/latex.so , size = 2300.273 KB
[08:43:26.616][info] [#0:script/workspace/loading.lua:139]: Preload dll at: file:///home/mikep/.dotfiles/scripts/.local/share/nvim/lazy/nvim-treesitter/parser/rst.so , size = 66.352 KB
[08:43:26.616][info] [#0:script/workspace/loading.lua:139]: Preload dll at: file:///home/mikep/.dotfiles/scripts/.local/share/nvim/lazy/nvim-treesitter/parser/dot.so , size = 55.633 KB
[08:43:26.617][info] [#0:script/workspace/loading.lua:139]: Preload dll at: file:///home/mikep/.dotfiles/scripts/.local/share/nvim/lazy/nvim-treesitter/parser/vim.so , size = 1030.812 KB
[08:43:26.620][info] [#0:script/workspace/loading.lua:139]: Preload dll at: file:///home/mikep/.dotfiles/scripts/.local/share/nvim/lazy/nvim-treesitter/parser/python.so , size = 464.367 KB
[08:43:26.622][info] [#0:script/workspace/loading.lua:139]: Preload dll at: file:///home/mikep/.dotfiles/scripts/.local/share/nvim/lazy/nvim-treesitter/parser/php.so , size = 794.547 KB
[08:43:26.626][info] [#0:script/workspace/loading.lua:139]: Preload dll at: file:///home/mikep/.dotfiles/scripts/.local/share/nvim/lazy/nvim-treesitter/parser/c_sharp.so , size = 5781.094 KB
[08:43:26.645][info] [#0:script/workspace/loading.lua:139]: Preload dll at: file:///home/mikep/.dotfiles/scripts/.local/share/nvim/lazy/nvim-treesitter/parser/pem.so , size = 15.461 KB
[08:43:26.645][info] [#0:script/workspace/loading.lua:139]: Preload dll at: file:///home/mikep/.dotfiles/scripts/.local/share/nvim/lazy/nvim-treesitter/parser/gitcommit.so , size = 856.555 KB
[08:43:26.648][info] [#0:script/workspace/loading.lua:139]: Preload dll at: file:///home/mikep/.dotfiles/scripts/.local/share/nvim/lazy/nvim-treesitter/parser/htmldjango.so , size = 63.508 KB
[08:43:26.648][info] [#0:script/workspace/loading.lua:139]: Preload dll at: file:///home/mikep/.dotfiles/scripts/.local/share/nvim/lazy/nvim-treesitter/parser/markdown.so , size = 359.430 KB
[08:43:26.650][info] [#0:script/workspace/loading.lua:139]: Preload dll at: file:///home/mikep/.dotfiles/scripts/.local/share/nvim/lazy/nvim-treesitter/parser/dockerfile.so , size = 65.062 KB
[08:43:26.650][info] [#0:script/workspace/loading.lua:139]: Preload dll at: file:///home/mikep/.dotfiles/scripts/.local/share/nvim/lazy/nvim-treesitter/parser/git_rebase.so , size = 15.469 KB
[08:43:26.650][info] [#0:script/workspace/loading.lua:139]: Preload dll at: file:///home/mikep/.dotfiles/scripts/.local/share/nvim/lazy/nvim-treesitter/parser/ini.so , size = 15.586 KB
[08:43:26.650][info] [#0:script/workspace/loading.lua:139]: Preload dll at: file:///home/mikep/.dotfiles/scripts/.local/share/nvim/lazy/nvim-treesitter/parser/toml.so , size = 32.297 KB
[08:43:26.650][info] [#0:script/workspace/loading.lua:139]: Preload dll at: file:///home/mikep/.dotfiles/scripts/.local/share/nvim/lazy/nvim-treesitter/parser/groovy.so , size = 31.586 KB
[08:43:26.650][info] [#0:script/workspace/loading.lua:139]: Preload dll at: file:///home/mikep/.dotfiles/scripts/.local/share/nvim/lazy/nvim-treesitter/parser/make.so , size = 163.625 KB
[08:43:26.651][info] [#0:script/workspace/loading.lua:139]: Preload dll at: file:///home/mikep/.dotfiles/scripts/.local/share/nvim/lazy/nvim-treesitter/parser/vimdoc.so , size = 156.422 KB
[08:43:26.656][info] [#0:script/workspace/loading.lua:139]: Preload dll at: file:///home/mikep/.dotfiles/scripts/.local/share/nvim/lazy/nvim-treesitter/parser/tsx.so , size = 1453.805 KB
[08:43:26.661][info] [#0:script/workspace/loading.lua:100]: Preload file at: file:///home/mikep/.dotfiles/scripts/.local/share/nvim/lazy/nvim-treesitter-textobjects/scripts/check-queries.lua , size = 1.688 KB
[08:43:26.662][info] [#0:script/workspace/loading.lua:100]: Preload file at: file:///home/mikep/.dotfiles/scripts/.local/share/nvim/lazy/nvim-treesitter-textobjects/scripts/minimal_init.lua , size = 8.123 KB
[08:43:26.664][info] [#0:script/workspace/loading.lua:100]: Preload file at: file:///home/mikep/.dotfiles/scripts/.local/share/nvim/lazy/nvim-treesitter-textobjects/scripts/update-readme.lua , size = 2.422 KB
[08:43:26.665][info] [#0:script/workspace/loading.lua:100]: Preload file at: file:///home/mikep/.dotfiles/scripts/.local/share/nvim/lazy/nvim-treesitter-textobjects/tests/select/python_spec.lua , size = 1.006 KB
[08:43:26.665][info] [#0:script/workspace/loading.lua:100]: Preload file at: file:///home/mikep/.dotfiles/scripts/.local/share/nvim/lazy/nvim-treesitter-textobjects/tests/select/common.lua , size = 1.905 KB
[08:43:26.666][info] [#0:script/workspace/loading.lua:100]: Preload file at: file:///home/mikep/.dotfiles/scripts/.local/share/nvim/lazy/nvim-treesitter-textobjects/tests/repeatable_move/python_spec.lua , size = 0.348 KB
[08:43:26.667][info] [#0:script/workspace/loading.lua:100]: Preload file at: file:///home/mikep/.dotfiles/scripts/.local/share/nvim/lazy/nvim-treesitter-textobjects/tests/repeatable_move/common.lua , size = 3.602 KB
[08:43:26.668][info] [#0:script/workspace/loading.lua:100]: Preload file at: file:///home/mikep/.dotfiles/scripts/.local/share/nvim/lazy/nvim-cmp/plugin/cmp.lua , size = 2.530 KB
[08:43:26.670][info] [#0:script/workspace/loading.lua:139]: Preload dll at: file:///home/mikep/.dotfiles/scripts/.local/lib/python3.10/site-packages/multidict/_multidict.cpython-310-x86_64-linux-gnu.so , size = 345.047 KB
[08:43:26.671][info] [#0:script/workspace/loading.lua:139]: Preload dll at: file:///home/mikep/.dotfiles/scripts/.local/share/nvim/lazy/nvim-treesitter/parser/sql.so , size = 1950.070 KB
[08:43:26.679][info] [#0:script/workspace/loading.lua:139]: Preload dll at: file:///home/mikep/.dotfiles/scripts/.local/lib/python3.10/site-packages/_cffi_backend.cpython-310-x86_64-linux-gnu.so , size = 960.703 KB
[08:43:26.684][info] [#0:script/workspace/loading.lua:139]: Preload dll at: file:///home/mikep/.dotfiles/scripts/.local/lib/python3.10/site-packages/numpy/linalg/lapack_lite.cpython-310-x86_64-linux-gnu.so , size = 29.289 KB
[08:43:26.685][info] [#0:script/workspace/loading.lua:139]: Preload dll at: file:///home/mikep/.dotfiles/scripts/.local/lib/python3.10/site-packages/numpy/fft/_pocketfft_internal.cpython-310-x86_64-linux-gnu.so , size = 94.758 KB
[08:43:26.685][info] [#0:script/workspace/loading.lua:139]: Preload dll at: file:///home/mikep/.dotfiles/scripts/.local/lib/python3.10/site-packages/numpy/linalg/_umath_linalg.cpython-310-x86_64-linux-gnu.so , size = 224.875 KB
[08:43:26.686][info] [#0:script/workspace/loading.lua:139]: Preload dll at: file:///home/mikep/.dotfiles/scripts/.local/lib/python3.10/site-packages/numpy/core/_multiarray_tests.cpython-310-x86_64-linux-gnu.so , size = 170.781 KB
[08:43:26.686][info] [#0:script/workspace/loading.lua:139]: Preload dll at: file:///home/mikep/.dotfiles/scripts/.local/lib/python3.10/site-packages/numpy/core/_operand_flag_tests.cpython-310-x86_64-linux-gnu.so , size = 16.672 KB
[08:43:26.687][info] [#0:script/workspace/loading.lua:139]: Preload dll at: file:///home/mikep/.dotfiles/scripts/.local/lib/python3.10/site-packages/numpy/core/_struct_ufunc_tests.cpython-310-x86_64-linux-gnu.so , size = 16.773 KB
[08:43:26.687][info] [#0:script/workspace/loading.lua:139]: Preload dll at: file:///home/mikep/.dotfiles/scripts/.local/lib/python3.10/site-packages/numpy/core/_umath_tests.cpython-310-x86_64-linux-gnu.so , size = 40.875 KB
[08:43:26.693][info] [#0:script/workspace/loading.lua:139]: Preload dll at: file:///home/mikep/.dotfiles/scripts/.local/lib/python3.10/site-packages/numpy/core/_simd.cpython-310-x86_64-linux-gnu.so , size = 2210.992 KB
[08:43:26.700][info] [#0:script/workspace/loading.lua:139]: Preload dll at: file:///home/mikep/.dotfiles/scripts/.local/lib/python3.10/site-packages/numpy/core/_rational_tests.cpython-310-x86_64-linux-gnu.so , size = 58.406 KB
[08:43:26.700][info] [#0:script/workspace/loading.lua:139]: Preload dll at: file:///home/mikep/.dotfiles/scripts/.local/lib/python3.10/site-packages/numpy/random/_sfc64.cpython-310-x86_64-linux-gnu.so , size = 70.055 KB
[08:43:26.700][info] [#0:script/workspace/loading.lua:139]: Preload dll at: file:///home/mikep/.dotfiles/scripts/.local/lib/python3.10/site-packages/numpy/random/_common.cpython-310-x86_64-linux-gnu.so , size = 284.242 KB
[08:43:26.701][info] [#0:script/workspace/loading.lua:139]: Preload dll at: file:///home/mikep/.dotfiles/scripts/.local/lib/python3.10/site-packages/numpy/random/_mt19937.cpython-310-x86_64-linux-gnu.so , size = 117.305 KB
[08:43:26.702][info] [#0:script/workspace/loading.lua:139]: Preload dll at: file:///home/mikep/.dotfiles/scripts/.local/lib/python3.10/site-packages/numpy/random/_generator.cpython-310-x86_64-linux-gnu.so , size = 965.523 KB
[08:43:26.705][info] [#0:script/workspace/loading.lua:139]: Preload dll at: file:///home/mikep/.dotfiles/scripts/.local/lib/python3.10/site-packages/numpy/random/mtrand.cpython-310-x86_64-linux-gnu.so , size = 782.984 KB
[08:43:26.708][info] [#0:script/workspace/loading.lua:139]: Preload dll at: file:///home/mikep/.dotfiles/scripts/.local/lib/python3.10/site-packages/numpy/random/_philox.cpython-310-x86_64-linux-gnu.so , size = 99.242 KB
[08:43:26.708][info] [#0:script/workspace/loading.lua:139]: Preload dll at: file:///home/mikep/.dotfiles/scripts/.local/lib/python3.10/site-packages/numpy/random/bit_generator.cpython-310-x86_64-linux-gnu.so , size = 221.555 KB
[08:43:26.709][info] [#0:script/workspace/loading.lua:139]: Preload dll at: file:///home/mikep/.dotfiles/scripts/.local/lib/python3.10/site-packages/numpy/random/_bounded_integers.cpython-310-x86_64-linux-gnu.so , size = 373.625 KB
[08:43:26.712][info] [#0:script/workspace/loading.lua:139]: Preload dll at: file:///home/mikep/.dotfiles/scripts/.local/lib/python3.10/site-packages/numpy/core/_multiarray_umath.cpython-310-x86_64-linux-gnu.so , size = 6163.531 KB
[08:43:26.733][info] [#0:script/workspace/loading.lua:139]: Preload dll at: file:///home/mikep/.dotfiles/scripts/.local/lib/python3.10/site-packages/numpy/random/_pcg64.cpython-310-x86_64-linux-gnu.so , size = 115.625 KB
[08:43:26.733][info] [#0:script/workspace/loading.lua:139]: Preload dll at: file:///home/mikep/.dotfiles/scripts/.local/lib/python3.10/site-packages/pandas/io/sas/_byteswap.cpython-310-x86_64-linux-gnu.so , size = 31.594 KB
[08:43:26.733][info] [#0:script/workspace/loading.lua:139]: Preload dll at: file:///home/mikep/.dotfiles/scripts/.local/lib/python3.10/site-packages/pandas/_libs/reduction.cpython-310-x86_64-linux-gnu.so , size = 27.625 KB
[08:43:26.733][info] [#0:script/workspace/loading.lua:139]: Preload dll at: file:///home/mikep/.dotfiles/scripts/.local/lib/python3.10/site-packages/pandas/io/sas/_sas.cpython-310-x86_64-linux-gnu.so , size = 233.883 KB
[08:43:26.734][info] [#0:script/workspace/loading.lua:139]: Preload dll at: file:///home/mikep/.dotfiles/scripts/.local/lib/python3.10/site-packages/pandas/_libs/indexing.cpython-310-x86_64-linux-gnu.so , size = 48.781 KB
[08:43:26.734][info] [#0:script/workspace/loading.lua:139]: Preload dll at: file:///home/mikep/.dotfiles/scripts/.local/lib/python3.10/site-packages/pandas/_libs/missing.cpython-310-x86_64-linux-gnu.so , size = 188.695 KB
[08:43:26.735][info] [#0:script/workspace/loading.lua:139]: Preload dll at: file:///home/mikep/.dotfiles/scripts/.local/lib/python3.10/site-packages/pandas/_libs/json.cpython-310-x86_64-linux-gnu.so , size = 95.375 KB
[08:43:26.735][info] [#0:script/workspace/loading.lua:139]: Preload dll at: file:///home/mikep/.dotfiles/scripts/.local/lib/python3.10/site-packages/pandas/_libs/index.cpython-310-x86_64-linux-gnu.so , size = 847.383 KB
[08:43:26.738][info] [#0:script/workspace/loading.lua:139]: Preload dll at: file:///home/mikep/.dotfiles/scripts/.local/lib/python3.10/site-packages/pandas/_libs/hashtable.cpython-310-x86_64-linux-gnu.so , size = 1774.352 KB
[08:43:26.744][info] [#0:script/workspace/loading.lua:139]: Preload dll at: file:///home/mikep/.dotfiles/scripts/.local/lib/python3.10/site-packages/pandas/_libs/parsers.cpython-310-x86_64-linux-gnu.so , size = 547.570 KB
[08:43:26.746][info] [#0:script/workspace/loading.lua:139]: Preload dll at: file:///home/mikep/.dotfiles/scripts/.local/lib/python3.10/site-packages/pandas/_libs/algos.cpython-310-x86_64-linux-gnu.so , size = 1994.258 KB
[08:43:26.754][info] [#0:script/workspace/loading.lua:139]: Preload dll at: file:///home/mikep/.dotfiles/scripts/.local/lib/python3.10/site-packages/pandas/_libs/ops.cpython-310-x86_64-linux-gnu.so , size = 238.102 KB
[08:43:26.754][info] [#0:script/workspace/loading.lua:139]: Preload dll at: file:///home/mikep/.dotfiles/scripts/.local/lib/python3.10/site-packages/pandas/_libs/arrays.cpython-310-x86_64-linux-gnu.so , size = 91.062 KB
[08:43:26.755][info] [#0:script/workspace/loading.lua:139]: Preload dll at: file:///home/mikep/.dotfiles/scripts/.local/lib/python3.10/site-packages/pandas/_libs/window/indexers.cpython-310-x86_64-linux-gnu.so , size = 179.852 KB
[08:43:26.755][info] [#0:script/workspace/loading.lua:139]: Preload dll at: file:///home/mikep/.dotfiles/scripts/.local/lib/python3.10/site-packages/pandas/_libs/lib.cpython-310-x86_64-linux-gnu.so , size = 688.164 KB
[08:43:26.758][info] [#0:script/workspace/loading.lua:139]: Preload dll at: file:///home/mikep/.dotfiles/scripts/.local/lib/python3.10/site-packages/pandas/_libs/window/aggregations.cpython-310-x86_64-linux-gnu.so , size = 381.898 KB
[08:43:26.759][info] [#0:script/workspace/loading.lua:139]: Preload dll at: file:///home/mikep/.dotfiles/scripts/.local/lib/python3.10/site-packages/pandas/_libs/tslibs/tzconversion.cpython-310-x86_64-linux-gnu.so , size = 312.570 KB
[08:43:26.760][info] [#0:script/workspace/loading.lua:139]: Preload dll at: file:///home/mikep/.dotfiles/scripts/.local/lib/python3.10/site-packages/pandas/_libs/tslibs/vectorized.cpython-310-x86_64-linux-gnu.so , size = 225.977 KB
[08:43:26.761][info] [#0:script/workspace/loading.lua:139]: Preload dll at: file:///home/mikep/.dotfiles/scripts/.local/lib/python3.10/site-packages/pandas/_libs/tslibs/timedeltas.cpython-310-x86_64-linux-gnu.so , size = 575.352 KB
[08:43:26.763][info] [#0:script/workspace/loading.lua:139]: Preload dll at: file:///home/mikep/.dotfiles/scripts/.local/lib/python3.10/site-packages/pandas/_libs/tslibs/conversion.cpython-310-x86_64-linux-gnu.so , size = 250.562 KB
[08:43:26.764][info] [#0:script/workspace/loading.lua:139]: Preload dll at: file:///home/mikep/.dotfiles/scripts/.local/lib/python3.10/site-packages/pandas/_libs/tslibs/timezones.cpython-310-x86_64-linux-gnu.so , size = 256.320 KB
[08:43:26.765][info] [#0:script/workspace/loading.lua:139]: Preload dll at: file:///home/mikep/.dotfiles/scripts/.local/lib/python3.10/site-packages/pandas/_libs/tslibs/dtypes.cpython-310-x86_64-linux-gnu.so , size = 146.531 KB
[08:43:26.766][info] [#0:script/workspace/loading.lua:139]: Preload dll at: file:///home/mikep/.dotfiles/scripts/.local/lib/python3.10/site-packages/pandas/_libs/tslibs/offsets.cpython-310-x86_64-linux-gnu.so , size = 930.969 KB
[08:43:26.769][info] [#0:script/workspace/loading.lua:139]: Preload dll at: file:///home/mikep/.dotfiles/scripts/.local/lib/python3.10/site-packages/pandas/_libs/tslibs/ccalendar.cpython-310-x86_64-linux-gnu.so , size = 71.031 KB
[08:43:26.769][info] [#0:script/workspace/loading.lua:139]: Preload dll at: file:///home/mikep/.dotfiles/scripts/.local/lib/python3.10/site-packages/pandas/_libs/tslibs/base.cpython-310-x86_64-linux-gnu.so , size = 44.375 KB
[08:43:26.769][info] [#0:script/workspace/loading.lua:139]: Preload dll at: file:///home/mikep/.dotfiles/scripts/.local/lib/python3.10/site-packages/pandas/_libs/tslibs/timestamps.cpython-310-x86_64-linux-gnu.so , size = 570.539 KB
[08:43:26.771][info] [#0:script/workspace/loading.lua:139]: Preload dll at: file:///home/mikep/.dotfiles/scripts/.local/lib/python3.10/site-packages/pandas/_libs/tslibs/parsing.cpython-310-x86_64-linux-gnu.so , size = 423.977 KB
[08:43:26.773][info] [#0:script/workspace/loading.lua:139]: Preload dll at: file:///home/mikep/.dotfiles/scripts/.local/lib/python3.10/site-packages/pandas/_libs/tslibs/np_datetime.cpython-310-x86_64-linux-gnu.so , size = 144.125 KB
[08:43:26.773][info] [#0:script/workspace/loading.lua:139]: Preload dll at: file:///home/mikep/.dotfiles/scripts/.local/lib/python3.10/site-packages/pandas/_libs/tslibs/nattype.cpython-310-x86_64-linux-gnu.so , size = 198.719 KB
[08:43:26.774][info] [#0:script/workspace/loading.lua:139]: Preload dll at: file:///home/mikep/.dotfiles/scripts/.local/lib/python3.10/site-packages/pandas/_libs/tslibs/period.cpython-310-x86_64-linux-gnu.so , size = 455.633 KB
[08:43:26.776][info] [#0:script/workspace/loading.lua:139]: Preload dll at: file:///home/mikep/.dotfiles/scripts/.local/lib/python3.10/site-packages/pandas/_libs/tslibs/fields.cpython-310-x86_64-linux-gnu.so , size = 333.008 KB
[08:43:26.777][info] [#0:script/workspace/loading.lua:139]: Preload dll at: file:///home/mikep/.dotfiles/scripts/.local/lib/python3.10/site-packages/pandas/_libs/writers.cpython-310-x86_64-linux-gnu.so , size = 215.664 KB
[08:43:26.778][info] [#0:script/workspace/loading.lua:139]: Preload dll at: file:///home/mikep/.dotfiles/scripts/.local/lib/python3.10/site-packages/pandas/_libs/tslibs/strptime.cpython-310-x86_64-linux-gnu.so , size = 336.570 KB
[08:43:26.779][info] [#0:script/workspace/loading.lua:139]: Preload dll at: file:///home/mikep/.dotfiles/scripts/.local/lib/python3.10/site-packages/pandas/_libs/hashing.cpython-310-x86_64-linux-gnu.so , size = 187.852 KB
[08:43:26.779][info] [#0:script/workspace/loading.lua:139]: Preload dll at: file:///home/mikep/.dotfiles/scripts/.local/lib/python3.10/site-packages/pandas/_libs/testing.cpython-310-x86_64-linux-gnu.so , size = 94.781 KB
[08:43:26.780][info] [#0:script/workspace/loading.lua:139]: Preload dll at: file:///home/mikep/.dotfiles/scripts/.local/lib/python3.10/site-packages/pandas/_libs/tslib.cpython-310-x86_64-linux-gnu.so , size = 298.258 KB
[08:43:26.781][info] [#0:script/workspace/loading.lua:139]: Preload dll at: file:///home/mikep/.dotfiles/scripts/.local/lib/python3.10/site-packages/pandas/_libs/properties.cpython-310-x86_64-linux-gnu.so , size = 61.938 KB
[08:43:26.781][info] [#0:script/workspace/loading.lua:139]: Preload dll at: file:///home/mikep/.dotfiles/scripts/.local/lib/python3.10/site-packages/pandas/_libs/interval.cpython-310-x86_64-linux-gnu.so , size = 1343.320 KB
[08:43:26.786][info] [#0:script/workspace/loading.lua:139]: Preload dll at: file:///home/mikep/.dotfiles/scripts/.local/lib/python3.10/site-packages/pandas/_libs/sparse.cpython-310-x86_64-linux-gnu.so , size = 845.914 KB
[08:43:26.789][info] [#0:script/workspace/loading.lua:139]: Preload dll at: file:///home/mikep/.dotfiles/scripts/.local/lib/python3.10/site-packages/pandas/_libs/groupby.cpython-310-x86_64-linux-gnu.so , size = 1970.133 KB
[08:43:26.795][info] [#0:script/workspace/loading.lua:139]: Preload dll at: file:///home/mikep/.dotfiles/scripts/.local/lib/python3.10/site-packages/pandas/_libs/join.cpython-310-x86_64-linux-gnu.so , size = 2391.570 KB
[08:43:26.803][info] [#0:script/workspace/loading.lua:139]: Preload dll at: file:///home/mikep/.dotfiles/scripts/.local/lib/python3.10/site-packages/pandas/_libs/ops_dispatch.cpython-310-x86_64-linux-gnu.so , size = 59.656 KB
[08:43:26.804][info] [#0:script/workspace/loading.lua:139]: Preload dll at: file:///home/mikep/.dotfiles/scripts/.local/lib/python3.10/site-packages/pandas/_libs/reshape.cpython-310-x86_64-linux-gnu.so , size = 265.289 KB
[08:43:26.805][info] [#0:script/workspace/loading.lua:139]: Preload dll at: file:///home/mikep/.dotfiles/scripts/.local/lib/python3.10/site-packages/pandas/_libs/internals.cpython-310-x86_64-linux-gnu.so , size = 352.289 KB
[08:43:26.806][info] [#0:script/workspace/loading.lua:139]: Preload dll at: file:///home/mikep/.dotfiles/scripts/.local/lib/python3.10/site-packages/markupsafe/_speedups.cpython-310-x86_64-linux-gnu.so , size = 43.203 KB
[08:43:26.809][info] [#0:script/workspace/loading.lua:139]: Preload dll at: file:///home/mikep/.dotfiles/scripts/.local/lib/python3.10/site-packages/cryptography/hazmat/bindings/_rust.abi3.so , size = 13448.031 KB
[08:43:26.854][info] [#0:script/workspace/loading.lua:139]: Preload dll at: file:///home/mikep/.dotfiles/scripts/.local/lib/python3.10/site-packages/yarl/_quoting_c.cpython-310-x86_64-linux-gnu.so , size = 824.070 KB
[08:43:26.857][info] [#0:script/workspace/loading.lua:139]: Preload dll at: file:///home/mikep/.dotfiles/scripts/.local/lib/python3.10/site-packages/charset_normalizer/md.cpython-310-x86_64-linux-gnu.so , size = 17.086 KB
[08:43:26.857][info] [#0:script/workspace/loading.lua:139]: Preload dll at: file:///home/mikep/.dotfiles/scripts/.local/lib/python3.10/site-packages/charset_normalizer/md__mypyc.cpython-310-x86_64-linux-gnu.so , size = 414.367 KB
[08:43:26.859][info] [#0:script/workspace/loading.lua:139]: Preload dll at: file:///home/mikep/.dotfiles/scripts/.local/lib/python3.10/site-packages/aiohttp/_http_writer.cpython-310-x86_64-linux-gnu.so , size = 448.602 KB
[08:43:26.860][info] [#0:script/workspace/loading.lua:139]: Preload dll at: file:///home/mikep/.dotfiles/scripts/.local/lib/python3.10/site-packages/aiohttp/_helpers.cpython-310-x86_64-linux-gnu.so , size = 496.859 KB
[08:43:26.862][info] [#0:script/workspace/loading.lua:139]: Preload dll at: file:///home/mikep/.dotfiles/scripts/.local/lib/python3.10/site-packages/aiohttp/_websocket.cpython-310-x86_64-linux-gnu.so , size = 228.547 KB
[08:43:26.863][info] [#0:script/workspace/loading.lua:139]: Preload dll at: file:///home/mikep/.dotfiles/scripts/.local/lib/python3.10/site-packages/aiohttp/_http_parser.cpython-310-x86_64-linux-gnu.so , size = 2525.953 KB
[08:43:26.872][info] [#0:script/workspace/loading.lua:139]: Preload dll at: file:///home/mikep/.dotfiles/scripts/.local/lib/python3.10/site-packages/frozenlist/_frozenlist.cpython-310-x86_64-linux-gnu.so , size = 450.492 KB
[08:43:26.881][info] [#0:script/workspace/loading.lua:139]: Preload dll at: file:///home/mikep/.dotfiles/scripts/.local/lib/python3.10/site-packages/numpy.libs/libopenblas64_p-r0-15028c96.3.21.so , size = 32182.672 KB
[08:43:26.998][info] [#0:script/workspace/loading.lua:139]: Preload dll at: file:///home/mikep/.dotfiles/scripts/.local/lib/python3.10/site-packages/pyodbc.cpython-310-x86_64-linux-gnu.so , size = 918.328 KB
[08:43:27.002][info] [#0:script/workspace/loading.lua:139]: Preload dll at: file:///home/mikep/.dotfiles/scripts/.local/lib/python3.10/site-packages/ujson.cpython-310-x86_64-linux-gnu.so , size = 103.453 KB
[08:43:27.002][info] [#0:script/workspace/loading.lua:139]: Preload dll at: file:///home/mikep/.dotfiles/scripts/.local/lib/python3.10/site-packages/mssqlcli/mssqltoolsservice/bin/System.Security.Cryptography.Native.OpenSsl.so , size = 138.570 KB
[08:43:27.004][info] [#0:script/workspace/loading.lua:88]: Skip loaded file: file:///home/mikep/.dotfiles/nvim/.config/nvim/init.lua
[08:43:27.104][info] [#0:script/workspace/loading.lua:139]: Preload dll at: file:///home/mikep/.dotfiles/scripts/.local/lib/python3.10/site-packages/mssqlcli/mssqltoolsservice/bin/libdbgshim.so , size = 1051.172 KB
[08:43:27.110][info] [#0:script/workspace/loading.lua:139]: Preload dll at: file:///home/mikep/.dotfiles/scripts/.local/lib/python3.10/site-packages/pydantic_core/_pydantic_core.cpython-310-x86_64-linux-gnu.so , size = 4868.414 KB
[08:43:27.126][info] [#0:script/workspace/loading.lua:139]: Preload dll at: file:///home/mikep/.dotfiles/scripts/.local/lib/python3.10/site-packages/mssqlcli/mssqltoolsservice/bin/libcoreclrtraceptprovider.so , size = 701.547 KB
[08:43:27.128][info] [#0:script/workspace/loading.lua:139]: Preload dll at: file:///home/mikep/.dotfiles/scripts/.local/lib/python3.10/site-packages/mssqlcli/mssqltoolsservice/bin/System.Net.Http.Native.so , size = 14.484 KB
[08:43:27.129][info] [#0:script/workspace/loading.lua:139]: Preload dll at: file:///home/mikep/.dotfiles/scripts/.local/lib/python3.10/site-packages/mssqlcli/mssqltoolsservice/bin/libmscordaccore.so , size = 3849.930 KB
[08:43:27.142][info] [#0:script/workspace/loading.lua:139]: Preload dll at: file:///home/mikep/.dotfiles/scripts/.local/lib/python3.10/site-packages/mssqlcli/mssqltoolsservice/bin/libsosplugin.so , size = 86.648 KB
[08:43:27.142][info] [#0:script/workspace/loading.lua:139]: Preload dll at: file:///home/mikep/.dotfiles/scripts/.local/lib/python3.10/site-packages/mssqlcli/mssqltoolsservice/bin/libhostfxr.so , size = 675.906 KB
[08:43:27.145][info] [#0:script/workspace/loading.lua:139]: Preload dll at: file:///home/mikep/.dotfiles/scripts/.local/lib/python3.10/site-packages/mssqlcli/mssqltoolsservice/bin/libclrjit.so , size = 3053.320 KB
[08:43:27.156][info] [#0:script/workspace/loading.lua:139]: Preload dll at: file:///home/mikep/.dotfiles/scripts/.local/lib/python3.10/site-packages/mssqlcli/mssqltoolsservice/bin/libmscordbi.so , size = 2686.859 KB
[08:43:27.165][info] [#0:script/workspace/loading.lua:139]: Preload dll at: file:///home/mikep/.dotfiles/scripts/.local/lib/python3.10/site-packages/mssqlcli/mssqltoolsservice/bin/libsos.so , size = 702.992 KB
[08:43:27.167][info] [#0:script/workspace/loading.lua:139]: Preload dll at: file:///home/mikep/.dotfiles/scripts/.local/lib/python3.10/site-packages/mssqlcli/mssqltoolsservice/bin/System.Net.Security.Native.so , size = 10.422 KB
[08:43:27.167][info] [#0:script/workspace/loading.lua:139]: Preload dll at: file:///home/mikep/.dotfiles/scripts/.local/lib/python3.10/site-packages/mssqlcli/mssqltoolsservice/bin/System.Native.so , size = 59.422 KB
[08:43:27.168][info] [#0:script/workspace/loading.lua:139]: Preload dll at: file:///home/mikep/.dotfiles/scripts/.local/lib/python3.10/site-packages/mssqlcli/mssqltoolsservice/bin/System.IO.Compression.Native.so , size = 750.664 KB
[08:43:27.170][info] [#0:script/workspace/loading.lua:139]: Preload dll at: file:///home/mikep/.dotfiles/scripts/.local/lib/python3.10/site-packages/mssqlcli/mssqltoolsservice/bin/libhostpolicy.so , size = 695.922 KB
[08:43:27.173][info] [#0:script/workspace/loading.lua:139]: Preload dll at: file:///home/mikep/.dotfiles/scripts/.local/lib/python3.10/site-packages/mssqlcli/mssqltoolsservice/bin/System.Globalization.Native.so , size = 90.055 KB
[08:43:27.173][info] [#0:script/workspace/loading.lua:100]: Preload file at: file:///home/mikep/.dotfiles/scripts/.local/state/nvim/lazy/pkg-cache.lua , size = 0.388 KB
[08:43:27.173][info] [#0:script/workspace/loading.lua:100]: Preload file at: file:///home/mikep/.dotfiles/scripts/.local/state/nvim/undo/%25home%25mikep%25.dotfiles%25nvim%25.config%25nvim%25init.lua , size = 55.935 KB
[08:43:27.183][info] [#0:script/workspace/loading.lua:139]: Preload dll at: file:///home/mikep/.dotfiles/scripts/.local/lib/python3.10/site-packages/mssqlcli/mssqltoolsservice/bin/libcoreclr.so , size = 10056.469 KB
[08:43:27.317][info] [#0:script/workspace/loading.lua:172]: Loaded files takes [9.397] sec: file:///home/mikep/.dotfiles
[08:43:27.317][info] [#0:script/workspace/loading.lua:181]: Compile files takes [0.000] sec: file:///home/mikep/.dotfiles
[08:43:27.317][info] [#0:script/workspace/loading.lua:182]: Loaded finish:	file:///home/mikep/.dotfiles
[08:43:27.317][info] [#0:script/workspace/workspace.lua:381]: Preload finish at:	file:///home/mikep/.dotfiles
[08:43:27.506][warn] [#0:script/proto/proto.lua:189]: Method [textDocument/didOpen] takes [13.097]sec. {
  jsonrpc = "2.0",
  method = "textDocument/didOpen",
  params = {
    textDocument = {
      languageId = "lua",
      text = '"***"',
      uri = "file:///home/mikep/.dotfiles/nvim/.config/nvim/init.lua",
      version = 0
    }
  }
}
[08:43:27.510][info] [#0:script/provider/diagnostic.lua:560]: Diagnostics scope [file:///home/mikep/.dotfiles], files count:[2681]
[08:43:27.908][warn] [#0:script/proto/proto.lua:189]: Method [textDocument/semanticTokens/full] takes [13.476]sec. {
  id = 4,
  jsonrpc = "2.0",
  method = "textDocument/semanticTokens/full",
  params = {
    textDocument = {
      uri = "file:///home/mikep/.dotfiles/nvim/.config/nvim/init.lua"
    }
  }
}
[08:43:49.881][warn] [#0:script/core/diagnostics/init.lua:137]: Diagnostics [redundant-parameter] @ [file:///home/mikep/.dotfiles/scripts/.local/share/nvim/mason/packages/lua-language-server/libexec/meta/3rd/Jass/library/jass/common.lua] takes [0.550] sec!
[08:43:51.839][warn] [#0:script/await.lua:213]: Await step takes [0.935] sec.
[08:43:51.868][warn] [#0:script/core/diagnostics/init.lua:137]: Diagnostics [invisible] @ [file:///home/mikep/.dotfiles/scripts/.local/share/nvim/mason/packages/lua-language-server/libexec/meta/3rd/Jass/library/jass/common.lua] takes [1.905] sec!
[08:44:15.917][warn] [#0:script/core/diagnostics/init.lua:137]: Diagnostics [redundant-parameter] @ [file:///home/mikep/.dotfiles/scripts/.local/share/nvim/mason/packages/lua-language-server/libexec/meta/default%20utf8/System.lua] takes [0.526] sec!
[08:44:38.216][error][#0]: script/encoder/utf16.lua:66: invalid UTF-8 code
stack traceback:
	[C]: in upvalue '_utf8byte'
	script/encoder/utf16.lua:66: in upvalue 'utf8byte'
	script/encoder/utf16.lua:86: in for iterator 'for iterator'
	script/encoder/utf16.lua:140: in field 'fromutf8'
	script/encoder/init.lua:21: in function 'encoder.len'
	script/proto/converter.lua:35: in function <script/proto/converter.lua:25>
	(...tail calls...)
	script/proto/converter.lua:141: in function 'proto.converter.packRange'
	script/provider/diagnostic.lua:113: in upvalue 'buildDiagnostic'
	script/provider/diagnostic.lua:338: in upvalue 'response'
	script/core/diagnostics/init.lua:133: in upvalue 'callback'
	script/core/diagnostics/undefined-global.lua:29: in local 'callback'
	script/parser/guide.lua:763: in function 'parser.guide.eachSourceType'
	script/core/diagnostics/undefined-global.lua:21: in function 'core.diagnostics.undefined-global'
	script/core/diagnostics/init.lua:119: in upvalue 'check'
	script/core/diagnostics/init.lua:181: in function 'core.diagnostics'
	[C]: in function 'xpcall'
	script/provider/diagnostic.lua:337: in function 'provider.diagnostic.doDiagnostic'
	[C]: in function 'xpcall'
	script/provider/diagnostic.lua:598: in local 'callback'
	script/provider/diagnostic.lua:569: in function 'provider.diagnostic.awaitDiagnosticsScope'
	script/provider/diagnostic.lua:597: in function <script/provider/diagnostic.lua:595>
[08:44:38.226][info] [#0:script/provider/diagnostic.lua:577]: Diagnostics scope [file:///home/mikep/.dotfiles] finished, takes [31.578] sec.
[08:44:40.693][warn] [#0:script/await.lua:222]: [fire]Await step takes [2.468] sec.
stack traceback:
[08:45:15.753][info] [#0:script/workspace/workspace.lua:284]: Scan files at:	file:///home/mikep/.dotfiles/scripts/.local/share/nvim/mason/packages/python-lsp-server/venv/bin/mypyc
[08:45:15.753][info] [#0:script/workspace/workspace.lua:284]: Scan files at:	file:///home/mikep/.dotfiles/scripts/.local/share/nvim/mason/packages/python-lsp-server/venv/lib/python3.10/site-packages/mypy-1.12.0.dist-info
[08:45:15.753][info] [#0:script/workspace/workspace.lua:284]: Scan files at:	file:///home/mikep/.dotfiles/scripts/.local/share/nvim/mason/packages/python-lsp-server/venv/lib/python3.10/site-packages/mypy_extensions-1.0.0.dist-info
[08:45:15.753][info] [#0:script/workspace/workspace.lua:284]: Scan files at:	file:///home/mikep/.dotfiles/scripts/.local/share/nvim/mason/packages/python-lsp-server/venv/bin/dmypy
[08:45:15.753][info] [#0:script/workspace/workspace.lua:284]: Scan files at:	file:///home/mikep/.dotfiles/scripts/.local/share/nvim/mason/packages/python-lsp-server/venv/lib/python3.10/site-packages/mypyc
[08:45:15.754][info] [#0:script/workspace/workspace.lua:284]: Scan files at:	file:///home/mikep/.dotfiles/scripts/.local/share/nvim/mason/packages/python-lsp-server/venv/bin/stubtest
[08:45:15.754][info] [#0:script/workspace/workspace.lua:284]: Scan files at:	file:///home/mikep/.dotfiles/scripts/.local/share/nvim/mason/packages/python-lsp-server/venv/lib/python3.10/site-packages/pylsp_mypy
[08:45:15.754][info] [#0:script/workspace/workspace.lua:284]: Scan files at:	file:///home/mikep/.dotfiles/scripts/.local/share/nvim/mason/packages/python-lsp-server/venv/lib/python3.10/site-packages/pylsp_mypy-0.6.9.dist-info
[08:45:15.754][info] [#0:script/workspace/workspace.lua:284]: Scan files at:	file:///home/mikep/.dotfiles/scripts/.local/share/nvim/mason/packages/python-lsp-server/venv/lib/python3.10/site-packages/mypy_extensions.py
[08:45:15.754][info] [#0:script/workspace/workspace.lua:284]: Scan files at:	file:///home/mikep/.dotfiles/scripts/.local/share/nvim/mason/packages/python-lsp-server/venv/lib/python3.10/site-packages/__pycache__/mypy_extensions.cpython-310.pyc
[08:45:15.754][info] [#0:script/workspace/workspace.lua:284]: Scan files at:	file:///home/mikep/.dotfiles/scripts/.local/share/nvim/mason/packages/python-lsp-server/venv/bin/stubgen
[08:45:15.754][info] [#0:script/workspace/workspace.lua:284]: Scan files at:	file:///home/mikep/.dotfiles/scripts/.local/share/nvim/mason/packages/python-lsp-server/venv/bin/mypy
[08:45:15.754][info] [#0:script/workspace/workspace.lua:284]: Scan files at:	file:///home/mikep/.dotfiles/scripts/.local/share/nvim/mason/packages/python-lsp-server/venv/lib/python3.10/site-packages/3204bda914b7f2c6f497__mypyc.cpython-310-x86_64-linux-gnu.so
[08:45:15.757][info] [#0:script/workspace/workspace.lua:284]: Scan files at:	file:///home/mikep/.dotfiles/scripts/.local/share/nvim/mason/packages/python-lsp-server/venv/lib/python3.10/site-packages/mypy
[08:45:15.760][info] [#0:script/workspace/loading.lua:160]: Load files from disk:	file:///home/mikep/.dotfiles/scripts/.local/share/nvim/mason/packages/python-lsp-server/venv/bin/mypyc
[08:45:15.760][info] [#0:script/workspace/loading.lua:172]: Loaded files takes [0.000] sec: file:///home/mikep/.dotfiles/scripts/.local/share/nvim/mason/packages/python-lsp-server/venv/bin/mypyc
[08:45:15.760][info] [#0:script/workspace/loading.lua:181]: Compile files takes [0.000] sec: file:///home/mikep/.dotfiles/scripts/.local/share/nvim/mason/packages/python-lsp-server/venv/bin/mypyc
[08:45:15.760][info] [#0:script/workspace/loading.lua:182]: Loaded finish:	file:///home/mikep/.dotfiles/scripts/.local/share/nvim/mason/packages/python-lsp-server/venv/bin/mypyc
[08:45:15.760][info] [#0:script/workspace/loading.lua:160]: Load files from disk:	file:///home/mikep/.dotfiles/scripts/.local/share/nvim/mason/packages/python-lsp-server/venv/bin/dmypy
[08:45:15.760][info] [#0:script/workspace/loading.lua:172]: Loaded files takes [0.000] sec: file:///home/mikep/.dotfiles/scripts/.local/share/nvim/mason/packages/python-lsp-server/venv/bin/dmypy
[08:45:15.760][info] [#0:script/workspace/loading.lua:181]: Compile files takes [0.000] sec: file:///home/mikep/.dotfiles/scripts/.local/share/nvim/mason/packages/python-lsp-server/venv/bin/dmypy
[08:45:15.760][info] [#0:script/workspace/loading.lua:182]: Loaded finish:	file:///home/mikep/.dotfiles/scripts/.local/share/nvim/mason/packages/python-lsp-server/venv/bin/dmypy
[08:45:15.760][info] [#0:script/workspace/loading.lua:160]: Load files from disk:	file:///home/mikep/.dotfiles/scripts/.local/share/nvim/mason/packages/python-lsp-server/venv/bin/stubtest
[08:45:15.760][info] [#0:script/workspace/loading.lua:172]: Loaded files takes [0.000] sec: file:///home/mikep/.dotfiles/scripts/.local/share/nvim/mason/packages/python-lsp-server/venv/bin/stubtest
[08:45:15.760][info] [#0:script/workspace/loading.lua:181]: Compile files takes [0.000] sec: file:///home/mikep/.dotfiles/scripts/.local/share/nvim/mason/packages/python-lsp-server/venv/bin/stubtest
[08:45:15.760][info] [#0:script/workspace/loading.lua:182]: Loaded finish:	file:///home/mikep/.dotfiles/scripts/.local/share/nvim/mason/packages/python-lsp-server/venv/bin/stubtest
[08:45:15.761][info] [#0:script/workspace/loading.lua:160]: Load files from disk:	file:///home/mikep/.dotfiles/scripts/.local/share/nvim/mason/packages/python-lsp-server/venv/lib/python3.10/site-packages/mypy_extensions.py
[08:45:15.761][info] [#0:script/workspace/loading.lua:172]: Loaded files takes [0.000] sec: file:///home/mikep/.dotfiles/scripts/.local/share/nvim/mason/packages/python-lsp-server/venv/lib/python3.10/site-packages/mypy_extensions.py
[08:45:15.761][info] [#0:script/workspace/loading.lua:181]: Compile files takes [0.000] sec: file:///home/mikep/.dotfiles/scripts/.local/share/nvim/mason/packages/python-lsp-server/venv/lib/python3.10/site-packages/mypy_extensions.py
[08:45:15.761][info] [#0:script/workspace/loading.lua:182]: Loaded finish:	file:///home/mikep/.dotfiles/scripts/.local/share/nvim/mason/packages/python-lsp-server/venv/lib/python3.10/site-packages/mypy_extensions.py
[08:45:15.761][info] [#0:script/workspace/loading.lua:160]: Load files from disk:	file:///home/mikep/.dotfiles/scripts/.local/share/nvim/mason/packages/python-lsp-server/venv/lib/python3.10/site-packages/__pycache__/mypy_extensions.cpython-310.pyc
[08:45:15.761][info] [#0:script/workspace/loading.lua:172]: Loaded files takes [0.000] sec: file:///home/mikep/.dotfiles/scripts/.local/share/nvim/mason/packages/python-lsp-server/venv/lib/python3.10/site-packages/__pycache__/mypy_extensions.cpython-310.pyc
[08:45:15.761][info] [#0:script/workspace/loading.lua:181]: Compile files takes [0.000] sec: file:///home/mikep/.dotfiles/scripts/.local/share/nvim/mason/packages/python-lsp-server/venv/lib/python3.10/site-packages/__pycache__/mypy_extensions.cpython-310.pyc
[08:45:15.761][info] [#0:script/workspace/loading.lua:182]: Loaded finish:	file:///home/mikep/.dotfiles/scripts/.local/share/nvim/mason/packages/python-lsp-server/venv/lib/python3.10/site-packages/__pycache__/mypy_extensions.cpython-310.pyc
[08:45:15.761][info] [#0:script/workspace/loading.lua:160]: Load files from disk:	file:///home/mikep/.dotfiles/scripts/.local/share/nvim/mason/packages/python-lsp-server/venv/bin/stubgen
[08:45:15.761][info] [#0:script/workspace/loading.lua:172]: Loaded files takes [0.000] sec: file:///home/mikep/.dotfiles/scripts/.local/share/nvim/mason/packages/python-lsp-server/venv/bin/stubgen
[08:45:15.761][info] [#0:script/workspace/loading.lua:181]: Compile files takes [0.000] sec: file:///home/mikep/.dotfiles/scripts/.local/share/nvim/mason/packages/python-lsp-server/venv/bin/stubgen
[08:45:15.761][info] [#0:script/workspace/loading.lua:182]: Loaded finish:	file:///home/mikep/.dotfiles/scripts/.local/share/nvim/mason/packages/python-lsp-server/venv/bin/stubgen
[08:45:15.761][info] [#0:script/workspace/loading.lua:160]: Load files from disk:	file:///home/mikep/.dotfiles/scripts/.local/share/nvim/mason/packages/python-lsp-server/venv/bin/mypy
[08:45:15.761][info] [#0:script/workspace/loading.lua:172]: Loaded files takes [0.000] sec: file:///home/mikep/.dotfiles/scripts/.local/share/nvim/mason/packages/python-lsp-server/venv/bin/mypy
[08:45:15.761][info] [#0:script/workspace/loading.lua:181]: Compile files takes [0.000] sec: file:///home/mikep/.dotfiles/scripts/.local/share/nvim/mason/packages/python-lsp-server/venv/bin/mypy
[08:45:15.761][info] [#0:script/workspace/loading.lua:182]: Loaded finish:	file:///home/mikep/.dotfiles/scripts/.local/share/nvim/mason/packages/python-lsp-server/venv/bin/mypy
[08:45:15.761][info] [#0:script/workspace/loading.lua:160]: Load files from disk:	file:///home/mikep/.dotfiles/scripts/.local/share/nvim/mason/packages/python-lsp-server/venv/lib/python3.10/site-packages/3204bda914b7f2c6f497__mypyc.cpython-310-x86_64-linux-gnu.so
[08:45:15.765][info] [#0:script/workspace/loading.lua:160]: Load files from disk:	file:///home/mikep/.dotfiles/scripts/.local/share/nvim/mason/packages/python-lsp-server/venv/lib/python3.10/site-packages/mypy_extensions-1.0.0.dist-info
[08:45:15.765][info] [#0:script/workspace/loading.lua:172]: Loaded files takes [0.000] sec: file:///home/mikep/.dotfiles/scripts/.local/share/nvim/mason/packages/python-lsp-server/venv/lib/python3.10/site-packages/mypy_extensions-1.0.0.dist-info
[08:45:15.765][info] [#0:script/workspace/loading.lua:181]: Compile files takes [0.000] sec: file:///home/mikep/.dotfiles/scripts/.local/share/nvim/mason/packages/python-lsp-server/venv/lib/python3.10/site-packages/mypy_extensions-1.0.0.dist-info
[08:45:15.765][info] [#0:script/workspace/loading.lua:182]: Loaded finish:	file:///home/mikep/.dotfiles/scripts/.local/share/nvim/mason/packages/python-lsp-server/venv/lib/python3.10/site-packages/mypy_extensions-1.0.0.dist-info
[08:45:15.765][info] [#0:script/workspace/loading.lua:160]: Load files from disk:	file:///home/mikep/.dotfiles/scripts/.local/share/nvim/mason/packages/python-lsp-server/venv/lib/python3.10/site-packages/pylsp_mypy
[08:45:15.765][info] [#0:script/workspace/loading.lua:172]: Loaded files takes [0.000] sec: file:///home/mikep/.dotfiles/scripts/.local/share/nvim/mason/packages/python-lsp-server/venv/lib/python3.10/site-packages/pylsp_mypy
[08:45:15.765][info] [#0:script/workspace/loading.lua:181]: Compile files takes [0.000] sec: file:///home/mikep/.dotfiles/scripts/.local/share/nvim/mason/packages/python-lsp-server/venv/lib/python3.10/site-packages/pylsp_mypy
[08:45:15.765][info] [#0:script/workspace/loading.lua:182]: Loaded finish:	file:///home/mikep/.dotfiles/scripts/.local/share/nvim/mason/packages/python-lsp-server/venv/lib/python3.10/site-packages/pylsp_mypy
[08:45:15.765][info] [#0:script/workspace/loading.lua:160]: Load files from disk:	file:///home/mikep/.dotfiles/scripts/.local/share/nvim/mason/packages/python-lsp-server/venv/lib/python3.10/site-packages/mypy-1.12.0.dist-info
[08:45:15.765][info] [#0:script/workspace/loading.lua:172]: Loaded files takes [0.000] sec: file:///home/mikep/.dotfiles/scripts/.local/share/nvim/mason/packages/python-lsp-server/venv/lib/python3.10/site-packages/mypy-1.12.0.dist-info
[08:45:15.765][info] [#0:script/workspace/loading.lua:181]: Compile files takes [0.000] sec: file:///home/mikep/.dotfiles/scripts/.local/share/nvim/mason/packages/python-lsp-server/venv/lib/python3.10/site-packages/mypy-1.12.0.dist-info
[08:45:15.765][info] [#0:script/workspace/loading.lua:182]: Loaded finish:	file:///home/mikep/.dotfiles/scripts/.local/share/nvim/mason/packages/python-lsp-server/venv/lib/python3.10/site-packages/mypy-1.12.0.dist-info
[08:45:15.766][info] [#0:script/workspace/loading.lua:160]: Load files from disk:	file:///home/mikep/.dotfiles/scripts/.local/share/nvim/mason/packages/python-lsp-server/venv/lib/python3.10/site-packages/pylsp_mypy-0.6.9.dist-info
[08:45:15.766][info] [#0:script/workspace/loading.lua:172]: Loaded files takes [0.000] sec: file:///home/mikep/.dotfiles/scripts/.local/share/nvim/mason/packages/python-lsp-server/venv/lib/python3.10/site-packages/pylsp_mypy-0.6.9.dist-info
[08:45:15.766][info] [#0:script/workspace/loading.lua:181]: Compile files takes [0.000] sec: file:///home/mikep/.dotfiles/scripts/.local/share/nvim/mason/packages/python-lsp-server/venv/lib/python3.10/site-packages/pylsp_mypy-0.6.9.dist-info
[08:45:15.766][info] [#0:script/workspace/loading.lua:182]: Loaded finish:	file:///home/mikep/.dotfiles/scripts/.local/share/nvim/mason/packages/python-lsp-server/venv/lib/python3.10/site-packages/pylsp_mypy-0.6.9.dist-info
[08:45:15.944][info] [#0:script/workspace/loading.lua:139]: Preload dll at: file:///home/mikep/.dotfiles/scripts/.local/share/nvim/mason/packages/python-lsp-server/venv/lib/python3.10/site-packages/3204bda914b7f2c6f497__mypyc.cpython-310-x86_64-linux-gnu.so , size = 29219.844 KB
[08:45:16.036][info] [#0:script/workspace/loading.lua:172]: Loaded files takes [0.286] sec: file:///home/mikep/.dotfiles/scripts/.local/share/nvim/mason/packages/python-lsp-server/venv/lib/python3.10/site-packages/3204bda914b7f2c6f497__mypyc.cpython-310-x86_64-linux-gnu.so
[08:45:16.036][info] [#0:script/workspace/loading.lua:181]: Compile files takes [0.000] sec: file:///home/mikep/.dotfiles/scripts/.local/share/nvim/mason/packages/python-lsp-server/venv/lib/python3.10/site-packages/3204bda914b7f2c6f497__mypyc.cpython-310-x86_64-linux-gnu.so
[08:45:16.036][info] [#0:script/workspace/loading.lua:182]: Loaded finish:	file:///home/mikep/.dotfiles/scripts/.local/share/nvim/mason/packages/python-lsp-server/venv/lib/python3.10/site-packages/3204bda914b7f2c6f497__mypyc.cpython-310-x86_64-linux-gnu.so
[08:45:16.217][info] [#0:script/workspace/loading.lua:160]: Load files from disk:	file:///home/mikep/.dotfiles/scripts/.local/share/nvim/mason/packages/python-lsp-server/venv/lib/python3.10/site-packages/mypyc
[08:45:16.217][info] [#0:script/workspace/loading.lua:139]: Preload dll at: file:///home/mikep/.dotfiles/scripts/.local/share/nvim/mason/packages/python-lsp-server/venv/lib/python3.10/site-packages/mypyc/irbuild/context.cpython-310-x86_64-linux-gnu.so , size = 8.234 KB
[08:45:16.218][info] [#0:script/workspace/loading.lua:139]: Preload dll at: file:///home/mikep/.dotfiles/scripts/.local/share/nvim/mason/packages/python-lsp-server/venv/lib/python3.10/site-packages/mypyc/irbuild/function.cpython-310-x86_64-linux-gnu.so , size = 8.234 KB
[08:45:16.218][info] [#0:script/workspace/loading.lua:139]: Preload dll at: file:///home/mikep/.dotfiles/scripts/.local/share/nvim/mason/packages/python-lsp-server/venv/lib/python3.10/site-packages/mypyc/irbuild/generator.cpython-310-x86_64-linux-gnu.so , size = 8.234 KB
[08:45:16.218][info] [#0:script/workspace/loading.lua:139]: Preload dll at: file:///home/mikep/.dotfiles/scripts/.local/share/nvim/mason/packages/python-lsp-server/venv/lib/python3.10/site-packages/mypyc/irbuild/constant_fold.cpython-310-x86_64-linux-gnu.so , size = 8.242 KB
[08:45:16.218][info] [#0:script/workspace/loading.lua:139]: Preload dll at: file:///home/mikep/.dotfiles/scripts/.local/share/nvim/mason/packages/python-lsp-server/venv/lib/python3.10/site-packages/mypyc/irbuild/mapper.cpython-310-x86_64-linux-gnu.so , size = 8.227 KB
[08:45:16.218][info] [#0:script/workspace/loading.lua:139]: Preload dll at: file:///home/mikep/.dotfiles/scripts/.local/share/nvim/mason/packages/python-lsp-server/venv/lib/python3.10/site-packages/mypyc/irbuild/ll_builder.cpython-310-x86_64-linux-gnu.so , size = 8.234 KB
[08:45:16.219][info] [#0:script/workspace/loading.lua:139]: Preload dll at: file:///home/mikep/.dotfiles/scripts/.local/share/nvim/mason/packages/python-lsp-server/venv/lib/python3.10/site-packages/mypyc/irbuild/util.cpython-310-x86_64-linux-gnu.so , size = 8.227 KB
[08:45:16.219][info] [#0:script/workspace/loading.lua:139]: Preload dll at: file:///home/mikep/.dotfiles/scripts/.local/share/nvim/mason/packages/python-lsp-server/venv/lib/python3.10/site-packages/mypyc/irbuild/classdef.cpython-310-x86_64-linux-gnu.so , size = 8.234 KB
[08:45:16.219][info] [#0:script/workspace/loading.lua:139]: Preload dll at: file:///home/mikep/.dotfiles/scripts/.local/share/nvim/mason/packages/python-lsp-server/venv/lib/python3.10/site-packages/mypyc/irbuild/env_class.cpython-310-x86_64-linux-gnu.so , size = 8.234 KB
[08:45:16.219][info] [#0:script/workspace/loading.lua:139]: Preload dll at: file:///home/mikep/.dotfiles/scripts/.local/share/nvim/mason/packages/python-lsp-server/venv/lib/python3.10/site-packages/mypyc/irbuild/prebuildvisitor.cpython-310-x86_64-linux-gnu.so , size = 8.250 KB
[08:45:16.219][info] [#0:script/workspace/loading.lua:139]: Preload dll at: file:///home/mikep/.dotfiles/scripts/.local/share/nvim/mason/packages/python-lsp-server/venv/lib/python3.10/site-packages/mypyc/irbuild/vtable.cpython-310-x86_64-linux-gnu.so , size = 8.227 KB
[08:45:16.220][info] [#0:script/workspace/loading.lua:139]: Preload dll at: file:///home/mikep/.dotfiles/scripts/.local/share/nvim/mason/packages/python-lsp-server/venv/lib/python3.10/site-packages/mypyc/irbuild/targets.cpython-310-x86_64-linux-gnu.so , size = 8.234 KB
[08:45:16.220][info] [#0:script/workspace/loading.lua:139]: Preload dll at: file:///home/mikep/.dotfiles/scripts/.local/share/nvim/mason/packages/python-lsp-server/venv/lib/python3.10/site-packages/mypyc/irbuild/visitor.cpython-310-x86_64-linux-gnu.so , size = 8.234 KB
[08:45:16.221][info] [#0:script/workspace/loading.lua:139]: Preload dll at: file:///home/mikep/.dotfiles/scripts/.local/share/nvim/mason/packages/python-lsp-server/venv/lib/python3.10/site-packages/mypyc/irbuild/statement.cpython-310-x86_64-linux-gnu.so , size = 8.234 KB
[08:45:16.221][info] [#0:script/workspace/loading.lua:139]: Preload dll at: file:///home/mikep/.dotfiles/scripts/.local/share/nvim/mason/packages/python-lsp-server/venv/lib/python3.10/site-packages/mypyc/irbuild/expression.cpython-310-x86_64-linux-gnu.so , size = 8.234 KB
[08:45:16.221][info] [#0:script/workspace/loading.lua:139]: Preload dll at: file:///home/mikep/.dotfiles/scripts/.local/share/nvim/mason/packages/python-lsp-server/venv/lib/python3.10/site-packages/mypyc/irbuild/main.cpython-310-x86_64-linux-gnu.so , size = 8.227 KB
[08:45:16.221][info] [#0:script/workspace/loading.lua:139]: Preload dll at: file:///home/mikep/.dotfiles/scripts/.local/share/nvim/mason/packages/python-lsp-server/venv/lib/python3.10/site-packages/mypyc/irbuild/specialize.cpython-310-x86_64-linux-gnu.so , size = 8.234 KB
[08:45:16.221][info] [#0:script/workspace/loading.lua:139]: Preload dll at: file:///home/mikep/.dotfiles/scripts/.local/share/nvim/mason/packages/python-lsp-server/venv/lib/python3.10/site-packages/mypyc/irbuild/prepare.cpython-310-x86_64-linux-gnu.so , size = 8.234 KB
[08:45:16.222][info] [#0:script/workspace/loading.lua:139]: Preload dll at: file:///home/mikep/.dotfiles/scripts/.local/share/nvim/mason/packages/python-lsp-server/venv/lib/python3.10/site-packages/mypyc/irbuild/for_helpers.cpython-310-x86_64-linux-gnu.so , size = 8.242 KB
[08:45:16.222][info] [#0:script/workspace/loading.lua:139]: Preload dll at: file:///home/mikep/.dotfiles/scripts/.local/share/nvim/mason/packages/python-lsp-server/venv/lib/python3.10/site-packages/mypyc/irbuild/callable_class.cpython-310-x86_64-linux-gnu.so , size = 8.242 KB
[08:45:16.222][info] [#0:script/workspace/loading.lua:139]: Preload dll at: file:///home/mikep/.dotfiles/scripts/.local/share/nvim/mason/packages/python-lsp-server/venv/lib/python3.10/site-packages/mypyc/irbuild/ast_helpers.cpython-310-x86_64-linux-gnu.so , size = 8.242 KB
[08:45:16.222][info] [#0:script/workspace/loading.lua:139]: Preload dll at: file:///home/mikep/.dotfiles/scripts/.local/share/nvim/mason/packages/python-lsp-server/venv/lib/python3.10/site-packages/mypyc/irbuild/format_str_tokenizer.cpython-310-x86_64-linux-gnu.so , size = 8.258 KB
[08:45:16.223][info] [#0:script/workspace/loading.lua:139]: Preload dll at: file:///home/mikep/.dotfiles/scripts/.local/share/nvim/mason/packages/python-lsp-server/venv/lib/python3.10/site-packages/mypyc/irbuild/builder.cpython-310-x86_64-linux-gnu.so , size = 8.234 KB
[08:45:16.223][info] [#0:script/workspace/loading.lua:139]: Preload dll at: file:///home/mikep/.dotfiles/scripts/.local/share/nvim/mason/packages/python-lsp-server/venv/lib/python3.10/site-packages/mypyc/irbuild/__init__.cpython-310-x86_64-linux-gnu.so , size = 8.234 KB
[08:45:16.223][info] [#0:script/workspace/loading.lua:139]: Preload dll at: file:///home/mikep/.dotfiles/scripts/.local/share/nvim/mason/packages/python-lsp-server/venv/lib/python3.10/site-packages/mypyc/irbuild/nonlocalcontrol.cpython-310-x86_64-linux-gnu.so , size = 8.250 KB
[08:45:16.223][info] [#0:script/workspace/loading.lua:139]: Preload dll at: file:///home/mikep/.dotfiles/scripts/.local/share/nvim/mason/packages/python-lsp-server/venv/lib/python3.10/site-packages/mypyc/irbuild/match.cpython-310-x86_64-linux-gnu.so , size = 8.227 KB
[08:45:16.223][info] [#0:script/workspace/loading.lua:139]: Preload dll at: file:///home/mikep/.dotfiles/scripts/.local/share/nvim/mason/packages/python-lsp-server/venv/lib/python3.10/site-packages/mypyc/analysis/blockfreq.cpython-310-x86_64-linux-gnu.so , size = 8.234 KB
[08:45:16.224][info] [#0:script/workspace/loading.lua:139]: Preload dll at: file:///home/mikep/.dotfiles/scripts/.local/share/nvim/mason/packages/python-lsp-server/venv/lib/python3.10/site-packages/mypyc/analysis/dataflow.cpython-310-x86_64-linux-gnu.so , size = 8.234 KB
[08:45:16.224][info] [#0:script/workspace/loading.lua:139]: Preload dll at: file:///home/mikep/.dotfiles/scripts/.local/share/nvim/mason/packages/python-lsp-server/venv/lib/python3.10/site-packages/mypyc/analysis/ircheck.cpython-310-x86_64-linux-gnu.so , size = 8.234 KB
[08:45:16.224][info] [#0:script/workspace/loading.lua:139]: Preload dll at: file:///home/mikep/.dotfiles/scripts/.local/share/nvim/mason/packages/python-lsp-server/venv/lib/python3.10/site-packages/mypyc/analysis/selfleaks.cpython-310-x86_64-linux-gnu.so , size = 8.234 KB
[08:45:16.224][info] [#0:script/workspace/loading.lua:139]: Preload dll at: file:///home/mikep/.dotfiles/scripts/.local/share/nvim/mason/packages/python-lsp-server/venv/lib/python3.10/site-packages/mypyc/analysis/__init__.cpython-310-x86_64-linux-gnu.so , size = 8.234 KB
[08:45:16.224][info] [#0:script/workspace/loading.lua:139]: Preload dll at: file:///home/mikep/.dotfiles/scripts/.local/share/nvim/mason/packages/python-lsp-server/venv/lib/python3.10/site-packages/mypyc/analysis/attrdefined.cpython-310-x86_64-linux-gnu.so , size = 8.242 KB
[08:45:16.225][info] [#0:script/workspace/loading.lua:139]: Preload dll at: file:///home/mikep/.dotfiles/scripts/.local/share/nvim/mason/packages/python-lsp-server/venv/lib/python3.10/site-packages/mypyc/crash.cpython-310-x86_64-linux-gnu.so , size = 8.227 KB
[08:45:16.225][info] [#0:script/workspace/loading.lua:139]: Preload dll at: file:///home/mikep/.dotfiles/scripts/.local/share/nvim/mason/packages/python-lsp-server/venv/lib/python3.10/site-packages/mypyc/codegen/cstring.cpython-310-x86_64-linux-gnu.so , size = 8.234 KB
[08:45:16.225][info] [#0:script/workspace/loading.lua:139]: Preload dll at: file:///home/mikep/.dotfiles/scripts/.local/share/nvim/mason/packages/python-lsp-server/venv/lib/python3.10/site-packages/mypyc/codegen/emitwrapper.cpython-310-x86_64-linux-gnu.so , size = 8.242 KB
[08:45:16.225][info] [#0:script/workspace/loading.lua:139]: Preload dll at: file:///home/mikep/.dotfiles/scripts/.local/share/nvim/mason/packages/python-lsp-server/venv/lib/python3.10/site-packages/mypyc/codegen/emit.cpython-310-x86_64-linux-gnu.so , size = 8.227 KB
[08:45:16.225][info] [#0:script/workspace/loading.lua:139]: Preload dll at: file:///home/mikep/.dotfiles/scripts/.local/share/nvim/mason/packages/python-lsp-server/venv/lib/python3.10/site-packages/mypyc/codegen/emitmodule.cpython-310-x86_64-linux-gnu.so , size = 8.234 KB
[08:45:16.226][info] [#0:script/workspace/loading.lua:139]: Preload dll at: file:///home/mikep/.dotfiles/scripts/.local/share/nvim/mason/packages/python-lsp-server/venv/lib/python3.10/site-packages/mypyc/codegen/emitclass.cpython-310-x86_64-linux-gnu.so , size = 8.234 KB
[08:45:16.226][info] [#0:script/workspace/loading.lua:139]: Preload dll at: file:///home/mikep/.dotfiles/scripts/.local/share/nvim/mason/packages/python-lsp-server/venv/lib/python3.10/site-packages/mypyc/codegen/__init__.cpython-310-x86_64-linux-gnu.so , size = 8.234 KB
[08:45:16.226][info] [#0:script/workspace/loading.lua:139]: Preload dll at: file:///home/mikep/.dotfiles/scripts/.local/share/nvim/mason/packages/python-lsp-server/venv/lib/python3.10/site-packages/mypyc/codegen/emitfunc.cpython-310-x86_64-linux-gnu.so , size = 8.234 KB
[08:45:16.226][info] [#0:script/workspace/loading.lua:139]: Preload dll at: file:///home/mikep/.dotfiles/scripts/.local/share/nvim/mason/packages/python-lsp-server/venv/lib/python3.10/site-packages/mypyc/codegen/literals.cpython-310-x86_64-linux-gnu.so , size = 8.234 KB
[08:45:16.227][info] [#0:script/workspace/loading.lua:139]: Preload dll at: file:///home/mikep/.dotfiles/scripts/.local/share/nvim/mason/packages/python-lsp-server/venv/lib/python3.10/site-packages/mypyc/ir/class_ir.cpython-310-x86_64-linux-gnu.so , size = 8.234 KB
[08:45:16.227][info] [#0:script/workspace/loading.lua:139]: Preload dll at: file:///home/mikep/.dotfiles/scripts/.local/share/nvim/mason/packages/python-lsp-server/venv/lib/python3.10/site-packages/mypyc/ir/ops.cpython-310-x86_64-linux-gnu.so , size = 8.227 KB
[08:45:16.227][info] [#0:script/workspace/loading.lua:139]: Preload dll at: file:///home/mikep/.dotfiles/scripts/.local/share/nvim/mason/packages/python-lsp-server/venv/lib/python3.10/site-packages/mypyc/ir/func_ir.cpython-310-x86_64-linux-gnu.so , size = 8.234 KB
[08:45:16.227][info] [#0:script/workspace/loading.lua:139]: Preload dll at: file:///home/mikep/.dotfiles/scripts/.local/share/nvim/mason/packages/python-lsp-server/venv/lib/python3.10/site-packages/mypyc/ir/__init__.cpython-310-x86_64-linux-gnu.so , size = 8.219 KB
[08:45:16.228][info] [#0:script/workspace/loading.lua:139]: Preload dll at: file:///home/mikep/.dotfiles/scripts/.local/share/nvim/mason/packages/python-lsp-server/venv/lib/python3.10/site-packages/mypyc/ir/module_ir.cpython-310-x86_64-linux-gnu.so , size = 8.234 KB
[08:45:16.228][info] [#0:script/workspace/loading.lua:139]: Preload dll at: file:///home/mikep/.dotfiles/scripts/.local/share/nvim/mason/packages/python-lsp-server/venv/lib/python3.10/site-packages/mypyc/ir/pprint.cpython-310-x86_64-linux-gnu.so , size = 8.227 KB
[08:45:16.228][info] [#0:script/workspace/loading.lua:139]: Preload dll at: file:///home/mikep/.dotfiles/scripts/.local/share/nvim/mason/packages/python-lsp-server/venv/lib/python3.10/site-packages/mypyc/ir/rtypes.cpython-310-x86_64-linux-gnu.so , size = 8.227 KB
[08:45:16.228][info] [#0:script/workspace/loading.lua:139]: Preload dll at: file:///home/mikep/.dotfiles/scripts/.local/share/nvim/mason/packages/python-lsp-server/venv/lib/python3.10/site-packages/mypyc/subtype.cpython-310-x86_64-linux-gnu.so , size = 8.234 KB
[08:45:16.229][info] [#0:script/workspace/loading.lua:139]: Preload dll at: file:///home/mikep/.dotfiles/scripts/.local/share/nvim/mason/packages/python-lsp-server/venv/lib/python3.10/site-packages/mypyc/common.cpython-310-x86_64-linux-gnu.so , size = 8.227 KB
[08:45:16.229][info] [#0:script/workspace/loading.lua:139]: Preload dll at: file:///home/mikep/.dotfiles/scripts/.local/share/nvim/mason/packages/python-lsp-server/venv/lib/python3.10/site-packages/mypyc/rt_subtype.cpython-310-x86_64-linux-gnu.so , size = 8.234 KB
[08:45:16.229][info] [#0:script/workspace/loading.lua:139]: Preload dll at: file:///home/mikep/.dotfiles/scripts/.local/share/nvim/mason/packages/python-lsp-server/venv/lib/python3.10/site-packages/mypyc/sametype.cpython-310-x86_64-linux-gnu.so , size = 8.234 KB
[08:45:16.229][info] [#0:script/workspace/loading.lua:139]: Preload dll at: file:///home/mikep/.dotfiles/scripts/.local/share/nvim/mason/packages/python-lsp-server/venv/lib/python3.10/site-packages/mypyc/options.cpython-310-x86_64-linux-gnu.so , size = 8.234 KB
[08:45:16.229][info] [#0:script/workspace/loading.lua:139]: Preload dll at: file:///home/mikep/.dotfiles/scripts/.local/share/nvim/mason/packages/python-lsp-server/venv/lib/python3.10/site-packages/mypyc/lower/int_ops.cpython-310-x86_64-linux-gnu.so , size = 8.234 KB
[08:45:16.230][info] [#0:script/workspace/loading.lua:139]: Preload dll at: file:///home/mikep/.dotfiles/scripts/.local/share/nvim/mason/packages/python-lsp-server/venv/lib/python3.10/site-packages/mypyc/lower/misc_ops.cpython-310-x86_64-linux-gnu.so , size = 8.234 KB
[08:45:16.230][info] [#0:script/workspace/loading.lua:139]: Preload dll at: file:///home/mikep/.dotfiles/scripts/.local/share/nvim/mason/packages/python-lsp-server/venv/lib/python3.10/site-packages/mypyc/lower/__init__.cpython-310-x86_64-linux-gnu.so , size = 8.227 KB
[08:45:16.230][info] [#0:script/workspace/loading.lua:139]: Preload dll at: file:///home/mikep/.dotfiles/scripts/.local/share/nvim/mason/packages/python-lsp-server/venv/lib/python3.10/site-packages/mypyc/lower/list_ops.cpython-310-x86_64-linux-gnu.so , size = 8.234 KB
[08:45:16.230][info] [#0:script/workspace/loading.lua:139]: Preload dll at: file:///home/mikep/.dotfiles/scripts/.local/share/nvim/mason/packages/python-lsp-server/venv/lib/python3.10/site-packages/mypyc/lower/registry.cpython-310-x86_64-linux-gnu.so , size = 8.234 KB
[08:45:16.230][info] [#0:script/workspace/loading.lua:139]: Preload dll at: file:///home/mikep/.dotfiles/scripts/.local/share/nvim/mason/packages/python-lsp-server/venv/lib/python3.10/site-packages/mypyc/build.cpython-310-x86_64-linux-gnu.so , size = 8.227 KB
[08:45:16.231][info] [#0:script/workspace/loading.lua:139]: Preload dll at: file:///home/mikep/.dotfiles/scripts/.local/share/nvim/mason/packages/python-lsp-server/venv/lib/python3.10/site-packages/mypyc/transform/refcount.cpython-310-x86_64-linux-gnu.so , size = 8.234 KB
[08:45:16.231][info] [#0:script/workspace/loading.lua:139]: Preload dll at: file:///home/mikep/.dotfiles/scripts/.local/share/nvim/mason/packages/python-lsp-server/venv/lib/python3.10/site-packages/mypyc/transform/ir_transform.cpython-310-x86_64-linux-gnu.so , size = 8.242 KB
[08:45:16.231][info] [#0:script/workspace/loading.lua:139]: Preload dll at: file:///home/mikep/.dotfiles/scripts/.local/share/nvim/mason/packages/python-lsp-server/venv/lib/python3.10/site-packages/mypyc/transform/lower.cpython-310-x86_64-linux-gnu.so , size = 8.227 KB
[08:45:16.232][info] [#0:script/workspace/loading.lua:139]: Preload dll at: file:///home/mikep/.dotfiles/scripts/.local/share/nvim/mason/packages/python-lsp-server/venv/lib/python3.10/site-packages/mypyc/transform/flag_elimination.cpython-310-x86_64-linux-gnu.so , size = 8.250 KB
[08:45:16.232][info] [#0:script/workspace/loading.lua:139]: Preload dll at: file:///home/mikep/.dotfiles/scripts/.local/share/nvim/mason/packages/python-lsp-server/venv/lib/python3.10/site-packages/mypyc/transform/uninit.cpython-310-x86_64-linux-gnu.so , size = 8.227 KB
[08:45:16.232][info] [#0:script/workspace/loading.lua:139]: Preload dll at: file:///home/mikep/.dotfiles/scripts/.local/share/nvim/mason/packages/python-lsp-server/venv/lib/python3.10/site-packages/mypyc/transform/__init__.cpython-310-x86_64-linux-gnu.so , size = 8.234 KB
[08:45:16.232][info] [#0:script/workspace/loading.lua:139]: Preload dll at: file:///home/mikep/.dotfiles/scripts/.local/share/nvim/mason/packages/python-lsp-server/venv/lib/python3.10/site-packages/mypyc/transform/exceptions.cpython-310-x86_64-linux-gnu.so , size = 8.234 KB
[08:45:16.232][info] [#0:script/workspace/loading.lua:139]: Preload dll at: file:///home/mikep/.dotfiles/scripts/.local/share/nvim/mason/packages/python-lsp-server/venv/lib/python3.10/site-packages/mypyc/transform/copy_propagation.cpython-310-x86_64-linux-gnu.so , size = 8.250 KB
[08:45:16.233][info] [#0:script/workspace/loading.lua:139]: Preload dll at: file:///home/mikep/.dotfiles/scripts/.local/share/nvim/mason/packages/python-lsp-server/venv/lib/python3.10/site-packages/mypyc/errors.cpython-310-x86_64-linux-gnu.so , size = 8.227 KB
[08:45:16.233][info] [#0:script/workspace/loading.lua:139]: Preload dll at: file:///home/mikep/.dotfiles/scripts/.local/share/nvim/mason/packages/python-lsp-server/venv/lib/python3.10/site-packages/mypyc/__init__.cpython-310-x86_64-linux-gnu.so , size = 8.227 KB
[08:45:16.233][info] [#0:script/workspace/loading.lua:139]: Preload dll at: file:///home/mikep/.dotfiles/scripts/.local/share/nvim/mason/packages/python-lsp-server/venv/lib/python3.10/site-packages/mypyc/primitives/int_ops.cpython-310-x86_64-linux-gnu.so , size = 8.234 KB
[08:45:16.233][info] [#0:script/workspace/loading.lua:139]: Preload dll at: file:///home/mikep/.dotfiles/scripts/.local/share/nvim/mason/packages/python-lsp-server/venv/lib/python3.10/site-packages/mypyc/primitives/dict_ops.cpython-310-x86_64-linux-gnu.so , size = 8.234 KB
[08:45:16.234][info] [#0:script/workspace/loading.lua:139]: Preload dll at: file:///home/mikep/.dotfiles/scripts/.local/share/nvim/mason/packages/python-lsp-server/venv/lib/python3.10/site-packages/mypyc/primitives/str_ops.cpython-310-x86_64-linux-gnu.so , size = 8.234 KB
[08:45:16.234][info] [#0:script/workspace/loading.lua:139]: Preload dll at: file:///home/mikep/.dotfiles/scripts/.local/share/nvim/mason/packages/python-lsp-server/venv/lib/python3.10/site-packages/mypyc/primitives/float_ops.cpython-310-x86_64-linux-gnu.so , size = 8.234 KB
[08:45:16.234][info] [#0:script/workspace/loading.lua:139]: Preload dll at: file:///home/mikep/.dotfiles/scripts/.local/share/nvim/mason/packages/python-lsp-server/venv/lib/python3.10/site-packages/mypyc/primitives/exc_ops.cpython-310-x86_64-linux-gnu.so , size = 8.234 KB
[08:45:16.234][info] [#0:script/workspace/loading.lua:139]: Preload dll at: file:///home/mikep/.dotfiles/scripts/.local/share/nvim/mason/packages/python-lsp-server/venv/lib/python3.10/site-packages/mypyc/primitives/bytes_ops.cpython-310-x86_64-linux-gnu.so , size = 8.234 KB
[08:45:16.235][info] [#0:script/workspace/loading.lua:139]: Preload dll at: file:///home/mikep/.dotfiles/scripts/.local/share/nvim/mason/packages/python-lsp-server/venv/lib/python3.10/site-packages/mypyc/primitives/misc_ops.cpython-310-x86_64-linux-gnu.so , size = 8.234 KB
[08:45:16.235][info] [#0:script/workspace/loading.lua:139]: Preload dll at: file:///home/mikep/.dotfiles/scripts/.local/share/nvim/mason/packages/python-lsp-server/venv/lib/python3.10/site-packages/mypyc/primitives/__init__.cpython-310-x86_64-linux-gnu.so , size = 8.234 KB
[08:45:16.235][info] [#0:script/workspace/loading.lua:139]: Preload dll at: file:///home/mikep/.dotfiles/scripts/.local/share/nvim/mason/packages/python-lsp-server/venv/lib/python3.10/site-packages/mypyc/primitives/list_ops.cpython-310-x86_64-linux-gnu.so , size = 8.234 KB
[08:45:16.236][info] [#0:script/workspace/loading.lua:139]: Preload dll at: file:///home/mikep/.dotfiles/scripts/.local/share/nvim/mason/packages/python-lsp-server/venv/lib/python3.10/site-packages/mypyc/primitives/registry.cpython-310-x86_64-linux-gnu.so , size = 8.234 KB
[08:45:16.236][info] [#0:script/workspace/loading.lua:139]: Preload dll at: file:///home/mikep/.dotfiles/scripts/.local/share/nvim/mason/packages/python-lsp-server/venv/lib/python3.10/site-packages/mypyc/primitives/tuple_ops.cpython-310-x86_64-linux-gnu.so , size = 8.234 KB
[08:45:16.236][info] [#0:script/workspace/loading.lua:139]: Preload dll at: file:///home/mikep/.dotfiles/scripts/.local/share/nvim/mason/packages/python-lsp-server/venv/lib/python3.10/site-packages/mypyc/primitives/generic_ops.cpython-310-x86_64-linux-gnu.so , size = 8.242 KB
[08:45:16.236][info] [#0:script/workspace/loading.lua:139]: Preload dll at: file:///home/mikep/.dotfiles/scripts/.local/share/nvim/mason/packages/python-lsp-server/venv/lib/python3.10/site-packages/mypyc/primitives/set_ops.cpython-310-x86_64-linux-gnu.so , size = 8.234 KB
[08:45:16.236][info] [#0:script/workspace/loading.lua:139]: Preload dll at: file:///home/mikep/.dotfiles/scripts/.local/share/nvim/mason/packages/python-lsp-server/venv/lib/python3.10/site-packages/mypyc/namegen.cpython-310-x86_64-linux-gnu.so , size = 8.234 KB
[08:45:16.237][info] [#0:script/workspace/loading.lua:172]: Loaded files takes [0.012] sec: file:///home/mikep/.dotfiles/scripts/.local/share/nvim/mason/packages/python-lsp-server/venv/lib/python3.10/site-packages/mypyc
[08:45:16.237][info] [#0:script/workspace/loading.lua:181]: Compile files takes [0.000] sec: file:///home/mikep/.dotfiles/scripts/.local/share/nvim/mason/packages/python-lsp-server/venv/lib/python3.10/site-packages/mypyc
[08:45:16.237][info] [#0:script/workspace/loading.lua:182]: Loaded finish:	file:///home/mikep/.dotfiles/scripts/.local/share/nvim/mason/packages/python-lsp-server/venv/lib/python3.10/site-packages/mypyc
[08:45:16.294][info] [#0:script/workspace/loading.lua:160]: Load files from disk:	file:///home/mikep/.dotfiles/scripts/.local/share/nvim/mason/packages/python-lsp-server/venv/lib/python3.10/site-packages/mypy
[08:45:16.294][info] [#0:script/workspace/loading.lua:139]: Preload dll at: file:///home/mikep/.dotfiles/scripts/.local/share/nvim/mason/packages/python-lsp-server/venv/lib/python3.10/site-packages/mypy/graph_utils.cpython-310-x86_64-linux-gnu.so , size = 8.242 KB
[08:45:16.294][info] [#0:script/workspace/loading.lua:139]: Preload dll at: file:///home/mikep/.dotfiles/scripts/.local/share/nvim/mason/packages/python-lsp-server/venv/lib/python3.10/site-packages/mypy/types_utils.cpython-310-x86_64-linux-gnu.so , size = 8.242 KB
[08:45:16.294][info] [#0:script/workspace/loading.lua:139]: Preload dll at: file:///home/mikep/.dotfiles/scripts/.local/share/nvim/mason/packages/python-lsp-server/venv/lib/python3.10/site-packages/mypy/semanal_pass1.cpython-310-x86_64-linux-gnu.so , size = 8.242 KB
[08:45:16.294][info] [#0:script/workspace/loading.lua:139]: Preload dll at: file:///home/mikep/.dotfiles/scripts/.local/share/nvim/mason/packages/python-lsp-server/venv/lib/python3.10/site-packages/mypy/defaults.cpython-310-x86_64-linux-gnu.so , size = 8.234 KB
[08:45:16.295][info] [#0:script/workspace/loading.lua:139]: Preload dll at: file:///home/mikep/.dotfiles/scripts/.local/share/nvim/mason/packages/python-lsp-server/venv/lib/python3.10/site-packages/mypy/dmypy/client.cpython-310-x86_64-linux-gnu.so , size = 8.227 KB
[08:45:16.295][info] [#0:script/workspace/loading.lua:139]: Preload dll at: file:///home/mikep/.dotfiles/scripts/.local/share/nvim/mason/packages/python-lsp-server/venv/lib/python3.10/site-packages/mypy/dmypy/__init__.cpython-310-x86_64-linux-gnu.so , size = 8.227 KB
[08:45:16.295][info] [#0:script/workspace/loading.lua:139]: Preload dll at: file:///home/mikep/.dotfiles/scripts/.local/share/nvim/mason/packages/python-lsp-server/venv/lib/python3.10/site-packages/mypy/meet.cpython-310-x86_64-linux-gnu.so , size = 8.227 KB
[08:45:16.295][info] [#0:script/workspace/loading.lua:139]: Preload dll at: file:///home/mikep/.dotfiles/scripts/.local/share/nvim/mason/packages/python-lsp-server/venv/lib/python3.10/site-packages/mypy/checkmember.cpython-310-x86_64-linux-gnu.so , size = 8.242 KB
[08:45:16.295][info] [#0:script/workspace/loading.lua:139]: Preload dll at: file:///home/mikep/.dotfiles/scripts/.local/share/nvim/mason/packages/python-lsp-server/venv/lib/python3.10/site-packages/mypy/reachability.cpython-310-x86_64-linux-gnu.so , size = 8.242 KB
[08:45:16.295][info] [#0:script/workspace/loading.lua:139]: Preload dll at: file:///home/mikep/.dotfiles/scripts/.local/share/nvim/mason/packages/python-lsp-server/venv/lib/python3.10/site-packages/mypy/typevartuples.cpython-310-x86_64-linux-gnu.so , size = 8.242 KB
[08:45:16.295][info] [#0:script/workspace/loading.lua:139]: Preload dll at: file:///home/mikep/.dotfiles/scripts/.local/share/nvim/mason/packages/python-lsp-server/venv/lib/python3.10/site-packages/mypy/fixup.cpython-310-x86_64-linux-gnu.so , size = 8.227 KB
[08:45:16.295][info] [#0:script/workspace/loading.lua:139]: Preload dll at: file:///home/mikep/.dotfiles/scripts/.local/share/nvim/mason/packages/python-lsp-server/venv/lib/python3.10/site-packages/mypy/lookup.cpython-310-x86_64-linux-gnu.so , size = 8.227 KB
[08:45:16.295][info] [#0:script/workspace/loading.lua:139]: Preload dll at: file:///home/mikep/.dotfiles/scripts/.local/share/nvim/mason/packages/python-lsp-server/venv/lib/python3.10/site-packages/mypy/typeops.cpython-310-x86_64-linux-gnu.so , size = 8.234 KB
[08:45:16.296][info] [#0:script/workspace/loading.lua:139]: Preload dll at: file:///home/mikep/.dotfiles/scripts/.local/share/nvim/mason/packages/python-lsp-server/venv/lib/python3.10/site-packages/mypy/constant_fold.cpython-310-x86_64-linux-gnu.so , size = 8.242 KB
[08:45:16.296][info] [#0:script/workspace/loading.lua:139]: Preload dll at: file:///home/mikep/.dotfiles/scripts/.local/share/nvim/mason/packages/python-lsp-server/venv/lib/python3.10/site-packages/mypy/report.cpython-310-x86_64-linux-gnu.so , size = 8.227 KB
[08:45:16.296][info] [#0:script/workspace/loading.lua:139]: Preload dll at: file:///home/mikep/.dotfiles/scripts/.local/share/nvim/mason/packages/python-lsp-server/venv/lib/python3.10/site-packages/mypy/types.cpython-310-x86_64-linux-gnu.so , size = 8.227 KB
[08:45:16.297][info] [#0:script/workspace/loading.lua:139]: Preload dll at: file:///home/mikep/.dotfiles/scripts/.local/share/nvim/mason/packages/python-lsp-server/venv/lib/python3.10/site-packages/mypy/stubgen.cpython-310-x86_64-linux-gnu.so , size = 8.234 KB
[08:45:16.297][info] [#0:script/workspace/loading.lua:139]: Preload dll at: file:///home/mikep/.dotfiles/scripts/.local/share/nvim/mason/packages/python-lsp-server/venv/lib/python3.10/site-packages/mypy/patterns.cpython-310-x86_64-linux-gnu.so , size = 8.234 KB
[08:45:16.297][info] [#0:script/workspace/loading.lua:139]: Preload dll at: file:///home/mikep/.dotfiles/scripts/.local/share/nvim/mason/packages/python-lsp-server/venv/lib/python3.10/site-packages/mypy/mixedtraverser.cpython-310-x86_64-linux-gnu.so , size = 8.242 KB
[08:45:16.297][info] [#0:script/workspace/loading.lua:139]: Preload dll at: file:///home/mikep/.dotfiles/scripts/.local/share/nvim/mason/packages/python-lsp-server/venv/lib/python3.10/site-packages/mypy/applytype.cpython-310-x86_64-linux-gnu.so , size = 8.234 KB
[08:45:16.297][info] [#0:script/workspace/loading.lua:139]: Preload dll at: file:///home/mikep/.dotfiles/scripts/.local/share/nvim/mason/packages/python-lsp-server/venv/lib/python3.10/site-packages/mypy/gclogger.cpython-310-x86_64-linux-gnu.so , size = 8.234 KB
[08:45:16.297][info] [#0:script/workspace/loading.lua:139]: Preload dll at: file:///home/mikep/.dotfiles/scripts/.local/share/nvim/mason/packages/python-lsp-server/venv/lib/python3.10/site-packages/mypy/constraints.cpython-310-x86_64-linux-gnu.so , size = 8.242 KB
[08:45:16.297][info] [#0:script/workspace/loading.lua:139]: Preload dll at: file:///home/mikep/.dotfiles/scripts/.local/share/nvim/mason/packages/python-lsp-server/venv/lib/python3.10/site-packages/mypy/traverser.cpython-310-x86_64-linux-gnu.so , size = 8.234 KB
[08:45:16.297][info] [#0:script/workspace/loading.lua:139]: Preload dll at: file:///home/mikep/.dotfiles/scripts/.local/share/nvim/mason/packages/python-lsp-server/venv/lib/python3.10/site-packages/mypy/util.cpython-310-x86_64-linux-gnu.so , size = 8.227 KB
[08:45:16.298][info] [#0:script/workspace/loading.lua:139]: Preload dll at: file:///home/mikep/.dotfiles/scripts/.local/share/nvim/mason/packages/python-lsp-server/venv/lib/python3.10/site-packages/mypy/fscache.cpython-310-x86_64-linux-gnu.so , size = 8.234 KB
[08:45:16.298][info] [#0:script/workspace/loading.lua:139]: Preload dll at: file:///home/mikep/.dotfiles/scripts/.local/share/nvim/mason/packages/python-lsp-server/venv/lib/python3.10/site-packages/mypy/server/target.cpython-310-x86_64-linux-gnu.so , size = 8.227 KB
[08:45:16.298][info] [#0:script/workspace/loading.lua:139]: Preload dll at: file:///home/mikep/.dotfiles/scripts/.local/share/nvim/mason/packages/python-lsp-server/venv/lib/python3.10/site-packages/mypy/server/update.cpython-310-x86_64-linux-gnu.so , size = 8.227 KB
[08:45:16.298][info] [#0:script/workspace/loading.lua:139]: Preload dll at: file:///home/mikep/.dotfiles/scripts/.local/share/nvim/mason/packages/python-lsp-server/venv/lib/python3.10/site-packages/mypy/server/subexpr.cpython-310-x86_64-linux-gnu.so , size = 8.234 KB
[08:45:16.298][info] [#0:script/workspace/loading.lua:139]: Preload dll at: file:///home/mikep/.dotfiles/scripts/.local/share/nvim/mason/packages/python-lsp-server/venv/lib/python3.10/site-packages/mypy/server/trigger.cpython-310-x86_64-linux-gnu.so , size = 8.234 KB
[08:45:16.298][info] [#0:script/workspace/loading.lua:139]: Preload dll at: file:///home/mikep/.dotfiles/scripts/.local/share/nvim/mason/packages/python-lsp-server/venv/lib/python3.10/site-packages/mypy/server/aststrip.cpython-310-x86_64-linux-gnu.so , size = 8.234 KB
[08:45:16.298][info] [#0:script/workspace/loading.lua:139]: Preload dll at: file:///home/mikep/.dotfiles/scripts/.local/share/nvim/mason/packages/python-lsp-server/venv/lib/python3.10/site-packages/mypy/server/deps.cpython-310-x86_64-linux-gnu.so , size = 8.227 KB
[08:45:16.298][info] [#0:script/workspace/loading.lua:139]: Preload dll at: file:///home/mikep/.dotfiles/scripts/.local/share/nvim/mason/packages/python-lsp-server/venv/lib/python3.10/site-packages/mypy/server/mergecheck.cpython-310-x86_64-linux-gnu.so , size = 8.234 KB
[08:45:16.298][info] [#0:script/workspace/loading.lua:139]: Preload dll at: file:///home/mikep/.dotfiles/scripts/.local/share/nvim/mason/packages/python-lsp-server/venv/lib/python3.10/site-packages/mypy/server/__init__.cpython-310-x86_64-linux-gnu.so , size = 8.227 KB
[08:45:16.299][info] [#0:script/workspace/loading.lua:139]: Preload dll at: file:///home/mikep/.dotfiles/scripts/.local/share/nvim/mason/packages/python-lsp-server/venv/lib/python3.10/site-packages/mypy/server/astdiff.cpython-310-x86_64-linux-gnu.so , size = 8.234 KB
[08:45:16.299][info] [#0:script/workspace/loading.lua:139]: Preload dll at: file:///home/mikep/.dotfiles/scripts/.local/share/nvim/mason/packages/python-lsp-server/venv/lib/python3.10/site-packages/mypy/server/objgraph.cpython-310-x86_64-linux-gnu.so , size = 8.234 KB
[08:45:16.299][info] [#0:script/workspace/loading.lua:139]: Preload dll at: file:///home/mikep/.dotfiles/scripts/.local/share/nvim/mason/packages/python-lsp-server/venv/lib/python3.10/site-packages/mypy/server/astmerge.cpython-310-x86_64-linux-gnu.so , size = 8.234 KB
[08:45:16.299][info] [#0:script/workspace/loading.lua:139]: Preload dll at: file:///home/mikep/.dotfiles/scripts/.local/share/nvim/mason/packages/python-lsp-server/venv/lib/python3.10/site-packages/mypy/test/visitors.cpython-310-x86_64-linux-gnu.so , size = 8.234 KB
[08:45:16.299][info] [#0:script/workspace/loading.lua:139]: Preload dll at: file:///home/mikep/.dotfiles/scripts/.local/share/nvim/mason/packages/python-lsp-server/venv/lib/python3.10/site-packages/mypy/typevars.cpython-310-x86_64-linux-gnu.so , size = 8.234 KB
[08:45:16.299][info] [#0:script/workspace/loading.lua:139]: Preload dll at: file:///home/mikep/.dotfiles/scripts/.local/share/nvim/mason/packages/python-lsp-server/venv/lib/python3.10/site-packages/mypy/nodes.cpython-310-x86_64-linux-gnu.so , size = 8.227 KB
[08:45:16.299][info] [#0:script/workspace/loading.lua:139]: Preload dll at: file:///home/mikep/.dotfiles/scripts/.local/share/nvim/mason/packages/python-lsp-server/venv/lib/python3.10/site-packages/mypy/semanal_infer.cpython-310-x86_64-linux-gnu.so , size = 8.242 KB
[08:45:16.299][info] [#0:script/workspace/loading.lua:139]: Preload dll at: file:///home/mikep/.dotfiles/scripts/.local/share/nvim/mason/packages/python-lsp-server/venv/lib/python3.10/site-packages/mypy/renaming.cpython-310-x86_64-linux-gnu.so , size = 8.234 KB
[08:45:16.299][info] [#0:script/workspace/loading.lua:139]: Preload dll at: file:///home/mikep/.dotfiles/scripts/.local/share/nvim/mason/packages/python-lsp-server/venv/lib/python3.10/site-packages/mypy/erasetype.cpython-310-x86_64-linux-gnu.so , size = 8.234 KB
[08:45:16.300][info] [#0:script/workspace/loading.lua:139]: Preload dll at: file:///home/mikep/.dotfiles/scripts/.local/share/nvim/mason/packages/python-lsp-server/venv/lib/python3.10/site-packages/mypy/stubutil.cpython-310-x86_64-linux-gnu.so , size = 8.234 KB
[08:45:16.300][info] [#0:script/workspace/loading.lua:139]: Preload dll at: file:///home/mikep/.dotfiles/scripts/.local/share/nvim/mason/packages/python-lsp-server/venv/lib/python3.10/site-packages/mypy/plugins/ctypes.cpython-310-x86_64-linux-gnu.so , size = 8.227 KB
[08:45:16.300][info] [#0:script/workspace/loading.lua:139]: Preload dll at: file:///home/mikep/.dotfiles/scripts/.local/share/nvim/mason/packages/python-lsp-server/venv/lib/python3.10/site-packages/mypy/plugins/dataclasses.cpython-310-x86_64-linux-gnu.so , size = 8.242 KB
[08:45:16.300][info] [#0:script/workspace/loading.lua:139]: Preload dll at: file:///home/mikep/.dotfiles/scripts/.local/share/nvim/mason/packages/python-lsp-server/venv/lib/python3.10/site-packages/mypy/plugins/functools.cpython-310-x86_64-linux-gnu.so , size = 8.234 KB
[08:45:16.300][info] [#0:script/workspace/loading.lua:139]: Preload dll at: file:///home/mikep/.dotfiles/scripts/.local/share/nvim/mason/packages/python-lsp-server/venv/lib/python3.10/site-packages/mypy/plugins/attrs.cpython-310-x86_64-linux-gnu.so , size = 8.227 KB
[08:45:16.300][info] [#0:script/workspace/loading.lua:139]: Preload dll at: file:///home/mikep/.dotfiles/scripts/.local/share/nvim/mason/packages/python-lsp-server/venv/lib/python3.10/site-packages/mypy/plugins/common.cpython-310-x86_64-linux-gnu.so , size = 8.227 KB
[08:45:16.300][info] [#0:script/workspace/loading.lua:139]: Preload dll at: file:///home/mikep/.dotfiles/scripts/.local/share/nvim/mason/packages/python-lsp-server/venv/lib/python3.10/site-packages/mypy/plugins/singledispatch.cpython-310-x86_64-linux-gnu.so , size = 8.242 KB
[08:45:16.300][info] [#0:script/workspace/loading.lua:139]: Preload dll at: file:///home/mikep/.dotfiles/scripts/.local/share/nvim/mason/packages/python-lsp-server/venv/lib/python3.10/site-packages/mypy/plugins/proper_plugin.cpython-310-x86_64-linux-gnu.so , size = 8.242 KB
[08:45:16.301][info] [#0:script/workspace/loading.lua:139]: Preload dll at: file:///home/mikep/.dotfiles/scripts/.local/share/nvim/mason/packages/python-lsp-server/venv/lib/python3.10/site-packages/mypy/plugins/default.cpython-310-x86_64-linux-gnu.so , size = 8.234 KB
[08:45:16.301][info] [#0:script/workspace/loading.lua:139]: Preload dll at: file:///home/mikep/.dotfiles/scripts/.local/share/nvim/mason/packages/python-lsp-server/venv/lib/python3.10/site-packages/mypy/plugins/__init__.cpython-310-x86_64-linux-gnu.so , size = 8.234 KB
[08:45:16.301][info] [#0:script/workspace/loading.lua:139]: Preload dll at: file:///home/mikep/.dotfiles/scripts/.local/share/nvim/mason/packages/python-lsp-server/venv/lib/python3.10/site-packages/mypy/plugins/enums.cpython-310-x86_64-linux-gnu.so , size = 8.227 KB
[08:45:16.301][info] [#0:script/workspace/loading.lua:139]: Preload dll at: file:///home/mikep/.dotfiles/scripts/.local/share/nvim/mason/packages/python-lsp-server/venv/lib/python3.10/site-packages/mypy/checkstrformat.cpython-310-x86_64-linux-gnu.so , size = 8.242 KB
[08:45:16.301][info] [#0:script/workspace/loading.lua:139]: Preload dll at: file:///home/mikep/.dotfiles/scripts/.local/share/nvim/mason/packages/python-lsp-server/venv/lib/python3.10/site-packages/mypy/moduleinspect.cpython-310-x86_64-linux-gnu.so , size = 8.242 KB
[08:45:16.301][info] [#0:script/workspace/loading.lua:139]: Preload dll at: file:///home/mikep/.dotfiles/scripts/.local/share/nvim/mason/packages/python-lsp-server/venv/lib/python3.10/site-packages/mypy/partially_defined.cpython-310-x86_64-linux-gnu.so , size = 8.250 KB
[08:45:16.301][info] [#0:script/workspace/loading.lua:139]: Preload dll at: file:///home/mikep/.dotfiles/scripts/.local/share/nvim/mason/packages/python-lsp-server/venv/lib/python3.10/site-packages/mypy/stubinfo.cpython-310-x86_64-linux-gnu.so , size = 8.234 KB
[08:45:16.301][info] [#0:script/workspace/loading.lua:139]: Preload dll at: file:///home/mikep/.dotfiles/scripts/.local/share/nvim/mason/packages/python-lsp-server/venv/lib/python3.10/site-packages/mypy/evalexpr.cpython-310-x86_64-linux-gnu.so , size = 8.234 KB
[08:45:16.301][info] [#0:script/workspace/loading.lua:139]: Preload dll at: file:///home/mikep/.dotfiles/scripts/.local/share/nvim/mason/packages/python-lsp-server/venv/lib/python3.10/site-packages/mypy/typestate.cpython-310-x86_64-linux-gnu.so , size = 8.234 KB
[08:45:16.302][info] [#0:script/workspace/loading.lua:139]: Preload dll at: file:///home/mikep/.dotfiles/scripts/.local/share/nvim/mason/packages/python-lsp-server/venv/lib/python3.10/site-packages/mypy/type_visitor.cpython-310-x86_64-linux-gnu.so , size = 8.242 KB
[08:45:16.302][info] [#0:script/workspace/loading.lua:139]: Preload dll at: file:///home/mikep/.dotfiles/scripts/.local/share/nvim/mason/packages/python-lsp-server/venv/lib/python3.10/site-packages/mypy/visitor.cpython-310-x86_64-linux-gnu.so , size = 8.234 KB
[08:45:16.302][info] [#0:script/workspace/loading.lua:139]: Preload dll at: file:///home/mikep/.dotfiles/scripts/.local/share/nvim/mason/packages/python-lsp-server/venv/lib/python3.10/site-packages/mypy/ipc.cpython-310-x86_64-linux-gnu.so , size = 8.227 KB
[08:45:16.302][info] [#0:script/workspace/loading.lua:139]: Preload dll at: file:///home/mikep/.dotfiles/scripts/.local/share/nvim/mason/packages/python-lsp-server/venv/lib/python3.10/site-packages/mypy/exprtotype.cpython-310-x86_64-linux-gnu.so , size = 8.234 KB
[08:45:16.302][info] [#0:script/workspace/loading.lua:139]: Preload dll at: file:///home/mikep/.dotfiles/scripts/.local/share/nvim/mason/packages/python-lsp-server/venv/lib/python3.10/site-packages/mypy/dmypy_server.cpython-310-x86_64-linux-gnu.so , size = 8.242 KB
[08:45:16.302][info] [#0:script/workspace/loading.lua:139]: Preload dll at: file:///home/mikep/.dotfiles/scripts/.local/share/nvim/mason/packages/python-lsp-server/venv/lib/python3.10/site-packages/mypy/operators.cpython-310-x86_64-linux-gnu.so , size = 8.234 KB
[08:45:16.302][info] [#0:script/workspace/loading.lua:139]: Preload dll at: file:///home/mikep/.dotfiles/scripts/.local/share/nvim/mason/packages/python-lsp-server/venv/lib/python3.10/site-packages/mypy/semanal_namedtuple.cpython-310-x86_64-linux-gnu.so , size = 8.250 KB
[08:45:16.302][info] [#0:script/workspace/loading.lua:139]: Preload dll at: file:///home/mikep/.dotfiles/scripts/.local/share/nvim/mason/packages/python-lsp-server/venv/lib/python3.10/site-packages/mypy/inspections.cpython-310-x86_64-linux-gnu.so , size = 8.242 KB
[08:45:16.303][info] [#0:script/workspace/loading.lua:139]: Preload dll at: file:///home/mikep/.dotfiles/scripts/.local/share/nvim/mason/packages/python-lsp-server/venv/lib/python3.10/site-packages/mypy/message_registry.cpython-310-x86_64-linux-gnu.so , size = 8.250 KB
[08:45:16.303][info] [#0:script/workspace/loading.lua:139]: Preload dll at: file:///home/mikep/.dotfiles/scripts/.local/share/nvim/mason/packages/python-lsp-server/venv/lib/python3.10/site-packages/mypy/semanal_main.cpython-310-x86_64-linux-gnu.so , size = 8.242 KB
[08:45:16.303][info] [#0:script/workspace/loading.lua:139]: Preload dll at: file:///home/mikep/.dotfiles/scripts/.local/share/nvim/mason/packages/python-lsp-server/venv/lib/python3.10/site-packages/mypy/error_formatter.cpython-310-x86_64-linux-gnu.so , size = 8.250 KB
[08:45:16.303][info] [#0:script/workspace/loading.lua:139]: Preload dll at: file:///home/mikep/.dotfiles/scripts/.local/share/nvim/mason/packages/python-lsp-server/venv/lib/python3.10/site-packages/mypy/semanal_typeargs.cpython-310-x86_64-linux-gnu.so , size = 8.250 KB
[08:45:16.303][info] [#0:script/workspace/loading.lua:139]: Preload dll at: file:///home/mikep/.dotfiles/scripts/.local/share/nvim/mason/packages/python-lsp-server/venv/lib/python3.10/site-packages/mypy/copytype.cpython-310-x86_64-linux-gnu.so , size = 8.234 KB
[08:45:16.303][info] [#0:script/workspace/loading.lua:139]: Preload dll at: file:///home/mikep/.dotfiles/scripts/.local/share/nvim/mason/packages/python-lsp-server/venv/lib/python3.10/site-packages/mypy/freetree.cpython-310-x86_64-linux-gnu.so , size = 8.234 KB
[08:45:16.303][info] [#0:script/workspace/loading.lua:139]: Preload dll at: file:///home/mikep/.dotfiles/scripts/.local/share/nvim/mason/packages/python-lsp-server/venv/lib/python3.10/site-packages/mypy/scope.cpython-310-x86_64-linux-gnu.so , size = 8.227 KB
[08:45:16.303][info] [#0:script/workspace/loading.lua:139]: Preload dll at: file:///home/mikep/.dotfiles/scripts/.local/share/nvim/mason/packages/python-lsp-server/venv/lib/python3.10/site-packages/mypy/dmypy_util.cpython-310-x86_64-linux-gnu.so , size = 8.234 KB
[08:45:16.303][info] [#0:script/workspace/loading.lua:139]: Preload dll at: file:///home/mikep/.dotfiles/scripts/.local/share/nvim/mason/packages/python-lsp-server/venv/lib/python3.10/site-packages/mypy/semanal.cpython-310-x86_64-linux-gnu.so , size = 8.234 KB
[08:45:16.304][info] [#0:script/workspace/loading.lua:139]: Preload dll at: file:///home/mikep/.dotfiles/scripts/.local/share/nvim/mason/packages/python-lsp-server/venv/lib/python3.10/site-packages/mypy/solve.cpython-310-x86_64-linux-gnu.so , size = 8.227 KB
[08:45:16.304][info] [#0:script/workspace/loading.lua:139]: Preload dll at: file:///home/mikep/.dotfiles/scripts/.local/share/nvim/mason/packages/python-lsp-server/venv/lib/python3.10/site-packages/mypy/typetraverser.cpython-310-x86_64-linux-gnu.so , size = 8.242 KB
[08:45:16.304][info] [#0:script/workspace/loading.lua:139]: Preload dll at: file:///home/mikep/.dotfiles/scripts/.local/share/nvim/mason/packages/python-lsp-server/venv/lib/python3.10/site-packages/mypy/stats.cpython-310-x86_64-linux-gnu.so , size = 8.227 KB
[08:45:16.304][info] [#0:script/workspace/loading.lua:139]: Preload dll at: file:///home/mikep/.dotfiles/scripts/.local/share/nvim/mason/packages/python-lsp-server/venv/lib/python3.10/site-packages/mypy/mro.cpython-310-x86_64-linux-gnu.so , size = 8.227 KB
[08:45:16.304][info] [#0:script/workspace/loading.lua:139]: Preload dll at: file:///home/mikep/.dotfiles/scripts/.local/share/nvim/mason/packages/python-lsp-server/venv/lib/python3.10/site-packages/mypy/fswatcher.cpython-310-x86_64-linux-gnu.so , size = 8.234 KB
[08:45:16.304][info] [#0:script/workspace/loading.lua:139]: Preload dll at: file:///home/mikep/.dotfiles/scripts/.local/share/nvim/mason/packages/python-lsp-server/venv/lib/python3.10/site-packages/mypy/fastparse.cpython-310-x86_64-linux-gnu.so , size = 8.234 KB
[08:45:16.304][info] [#0:script/workspace/loading.lua:139]: Preload dll at: file:///home/mikep/.dotfiles/scripts/.local/share/nvim/mason/packages/python-lsp-server/venv/lib/python3.10/site-packages/mypy/maptype.cpython-310-x86_64-linux-gnu.so , size = 8.234 KB
[08:45:16.304][info] [#0:script/workspace/loading.lua:139]: Preload dll at: file:///home/mikep/.dotfiles/scripts/.local/share/nvim/mason/packages/python-lsp-server/venv/lib/python3.10/site-packages/mypy/options.cpython-310-x86_64-linux-gnu.so , size = 8.234 KB
[08:45:16.305][info] [#0:script/workspace/loading.lua:139]: Preload dll at: file:///home/mikep/.dotfiles/scripts/.local/share/nvim/mason/packages/python-lsp-server/venv/lib/python3.10/site-packages/mypy/plugin.cpython-310-x86_64-linux-gnu.so , size = 8.227 KB
[08:45:16.305][info] [#0:script/workspace/loading.lua:139]: Preload dll at: file:///home/mikep/.dotfiles/scripts/.local/share/nvim/mason/packages/python-lsp-server/venv/lib/python3.10/site-packages/mypy/build.cpython-310-x86_64-linux-gnu.so , size = 8.227 KB
[08:45:16.305][info] [#0:script/workspace/loading.lua:139]: Preload dll at: file:///home/mikep/.dotfiles/scripts/.local/share/nvim/mason/packages/python-lsp-server/venv/lib/python3.10/site-packages/mypy/semanal_enum.cpython-310-x86_64-linux-gnu.so , size = 8.242 KB
[08:45:16.305][info] [#0:script/workspace/loading.lua:139]: Preload dll at: file:///home/mikep/.dotfiles/scripts/.local/share/nvim/mason/packages/python-lsp-server/venv/lib/python3.10/site-packages/mypy/metastore.cpython-310-x86_64-linux-gnu.so , size = 8.234 KB
[08:45:16.305][info] [#0:script/workspace/loading.lua:139]: Preload dll at: file:///home/mikep/.dotfiles/scripts/.local/share/nvim/mason/packages/python-lsp-server/venv/lib/python3.10/site-packages/mypy/semanal_classprop.cpython-310-x86_64-linux-gnu.so , size = 8.250 KB
[08:45:16.305][info] [#0:script/workspace/loading.lua:139]: Preload dll at: file:///home/mikep/.dotfiles/scripts/.local/share/nvim/mason/packages/python-lsp-server/venv/lib/python3.10/site-packages/mypy/messages.cpython-310-x86_64-linux-gnu.so , size = 8.234 KB
[08:45:16.305][info] [#0:script/workspace/loading.lua:139]: Preload dll at: file:///home/mikep/.dotfiles/scripts/.local/share/nvim/mason/packages/python-lsp-server/venv/lib/python3.10/site-packages/mypy/argmap.cpython-310-x86_64-linux-gnu.so , size = 8.227 KB
[08:45:16.305][info] [#0:script/workspace/loading.lua:139]: Preload dll at: file:///home/mikep/.dotfiles/scripts/.local/share/nvim/mason/packages/python-lsp-server/venv/lib/python3.10/site-packages/mypy/checkpattern.cpython-310-x86_64-linux-gnu.so , size = 8.242 KB
[08:45:16.306][info] [#0:script/workspace/loading.lua:139]: Preload dll at: file:///home/mikep/.dotfiles/scripts/.local/share/nvim/mason/packages/python-lsp-server/venv/lib/python3.10/site-packages/mypy/memprofile.cpython-310-x86_64-linux-gnu.so , size = 8.234 KB
[08:45:16.306][info] [#0:script/workspace/loading.lua:139]: Preload dll at: file:///home/mikep/.dotfiles/scripts/.local/share/nvim/mason/packages/python-lsp-server/venv/lib/python3.10/site-packages/mypy/main.cpython-310-x86_64-linux-gnu.so , size = 8.227 KB
[08:45:16.306][info] [#0:script/workspace/loading.lua:139]: Preload dll at: file:///home/mikep/.dotfiles/scripts/.local/share/nvim/mason/packages/python-lsp-server/venv/lib/python3.10/site-packages/mypy/errors.cpython-310-x86_64-linux-gnu.so , size = 8.227 KB
[08:45:16.306][info] [#0:script/workspace/loading.lua:139]: Preload dll at: file:///home/mikep/.dotfiles/scripts/.local/share/nvim/mason/packages/python-lsp-server/venv/lib/python3.10/site-packages/mypy/parse.cpython-310-x86_64-linux-gnu.so , size = 8.227 KB
[08:45:16.306][info] [#0:script/workspace/loading.lua:139]: Preload dll at: file:///home/mikep/.dotfiles/scripts/.local/share/nvim/mason/packages/python-lsp-server/venv/lib/python3.10/site-packages/mypy/infer.cpython-310-x86_64-linux-gnu.so , size = 8.227 KB
[08:45:16.306][info] [#0:script/workspace/loading.lua:139]: Preload dll at: file:///home/mikep/.dotfiles/scripts/.local/share/nvim/mason/packages/python-lsp-server/venv/lib/python3.10/site-packages/mypy/suggestions.cpython-310-x86_64-linux-gnu.so , size = 8.242 KB
[08:45:16.306][info] [#0:script/workspace/loading.lua:139]: Preload dll at: file:///home/mikep/.dotfiles/scripts/.local/share/nvim/mason/packages/python-lsp-server/venv/lib/python3.10/site-packages/mypy/errorcodes.cpython-310-x86_64-linux-gnu.so , size = 8.234 KB
[08:45:16.306][info] [#0:script/workspace/loading.lua:139]: Preload dll at: file:///home/mikep/.dotfiles/scripts/.local/share/nvim/mason/packages/python-lsp-server/venv/lib/python3.10/site-packages/mypy/api.cpython-310-x86_64-linux-gnu.so , size = 8.227 KB
[08:45:16.306][info] [#0:script/workspace/loading.lua:139]: Preload dll at: file:///home/mikep/.dotfiles/scripts/.local/share/nvim/mason/packages/python-lsp-server/venv/lib/python3.10/site-packages/mypy/semanal_newtype.cpython-310-x86_64-linux-gnu.so , size = 8.250 KB
[08:45:16.307][info] [#0:script/workspace/loading.lua:139]: Preload dll at: file:///home/mikep/.dotfiles/scripts/.local/share/nvim/mason/packages/python-lsp-server/venv/lib/python3.10/site-packages/mypy/subtypes.cpython-310-x86_64-linux-gnu.so , size = 8.234 KB
[08:45:16.307][info] [#0:script/workspace/loading.lua:139]: Preload dll at: file:///home/mikep/.dotfiles/scripts/.local/share/nvim/mason/packages/python-lsp-server/venv/lib/python3.10/site-packages/mypy/join.cpython-310-x86_64-linux-gnu.so , size = 8.227 KB
[08:45:16.307][info] [#0:script/workspace/loading.lua:139]: Preload dll at: file:///home/mikep/.dotfiles/scripts/.local/share/nvim/mason/packages/python-lsp-server/venv/lib/python3.10/site-packages/mypy/checker.cpython-310-x86_64-linux-gnu.so , size = 8.234 KB
[08:45:16.307][info] [#0:script/workspace/loading.lua:139]: Preload dll at: file:///home/mikep/.dotfiles/scripts/.local/share/nvim/mason/packages/python-lsp-server/venv/lib/python3.10/site-packages/mypy/refinfo.cpython-310-x86_64-linux-gnu.so , size = 8.234 KB
[08:45:16.307][info] [#0:script/workspace/loading.lua:139]: Preload dll at: file:///home/mikep/.dotfiles/scripts/.local/share/nvim/mason/packages/python-lsp-server/venv/lib/python3.10/site-packages/mypy/tvar_scope.cpython-310-x86_64-linux-gnu.so , size = 8.234 KB
[08:45:16.307][info] [#0:script/workspace/loading.lua:139]: Preload dll at: file:///home/mikep/.dotfiles/scripts/.local/share/nvim/mason/packages/python-lsp-server/venv/lib/python3.10/site-packages/mypy/binder.cpython-310-x86_64-linux-gnu.so , size = 8.227 KB
[08:45:16.307][info] [#0:script/workspace/loading.lua:139]: Preload dll at: file:///home/mikep/.dotfiles/scripts/.local/share/nvim/mason/packages/python-lsp-server/venv/lib/python3.10/site-packages/mypy/__init__.cpython-310-x86_64-linux-gnu.so , size = 8.227 KB
[08:45:16.307][info] [#0:script/workspace/loading.lua:139]: Preload dll at: file:///home/mikep/.dotfiles/scripts/.local/share/nvim/mason/packages/python-lsp-server/venv/lib/python3.10/site-packages/mypy/checkexpr.cpython-310-x86_64-linux-gnu.so , size = 8.234 KB
[08:45:16.308][info] [#0:script/workspace/loading.lua:139]: Preload dll at: file:///home/mikep/.dotfiles/scripts/.local/share/nvim/mason/packages/python-lsp-server/venv/lib/python3.10/site-packages/mypy/strconv.cpython-310-x86_64-linux-gnu.so , size = 8.234 KB
[08:45:16.308][info] [#0:script/workspace/loading.lua:139]: Preload dll at: file:///home/mikep/.dotfiles/scripts/.local/share/nvim/mason/packages/python-lsp-server/venv/lib/python3.10/site-packages/mypy/config_parser.cpython-310-x86_64-linux-gnu.so , size = 8.242 KB
[08:45:16.308][info] [#0:script/workspace/loading.lua:139]: Preload dll at: file:///home/mikep/.dotfiles/scripts/.local/share/nvim/mason/packages/python-lsp-server/venv/lib/python3.10/site-packages/mypy/semanal_shared.cpython-310-x86_64-linux-gnu.so , size = 8.242 KB
[08:45:16.308][info] [#0:script/workspace/loading.lua:139]: Preload dll at: file:///home/mikep/.dotfiles/scripts/.local/share/nvim/mason/packages/python-lsp-server/venv/lib/python3.10/site-packages/mypy/expandtype.cpython-310-x86_64-linux-gnu.so , size = 8.234 KB
[08:45:16.308][info] [#0:script/workspace/loading.lua:139]: Preload dll at: file:///home/mikep/.dotfiles/scripts/.local/share/nvim/mason/packages/python-lsp-server/venv/lib/python3.10/site-packages/mypy/git.cpython-310-x86_64-linux-gnu.so , size = 8.227 KB
[08:45:16.308][info] [#0:script/workspace/loading.lua:139]: Preload dll at: file:///home/mikep/.dotfiles/scripts/.local/share/nvim/mason/packages/python-lsp-server/venv/lib/python3.10/site-packages/mypy/modulefinder.cpython-310-x86_64-linux-gnu.so , size = 8.242 KB
[08:45:16.308][info] [#0:script/workspace/loading.lua:139]: Preload dll at: file:///home/mikep/.dotfiles/scripts/.local/share/nvim/mason/packages/python-lsp-server/venv/lib/python3.10/site-packages/mypy/treetransform.cpython-310-x86_64-linux-gnu.so , size = 8.242 KB
[08:45:16.309][info] [#0:script/workspace/loading.lua:139]: Preload dll at: file:///home/mikep/.dotfiles/scripts/.local/share/nvim/mason/packages/python-lsp-server/venv/lib/python3.10/site-packages/mypy/state.cpython-310-x86_64-linux-gnu.so , size = 8.227 KB
[08:45:16.309][info] [#0:script/workspace/loading.lua:139]: Preload dll at: file:///home/mikep/.dotfiles/scripts/.local/share/nvim/mason/packages/python-lsp-server/venv/lib/python3.10/site-packages/mypy/typeanal.cpython-310-x86_64-linux-gnu.so , size = 8.234 KB
[08:45:16.309][info] [#0:script/workspace/loading.lua:139]: Preload dll at: file:///home/mikep/.dotfiles/scripts/.local/share/nvim/mason/packages/python-lsp-server/venv/lib/python3.10/site-packages/mypy/literals.cpython-310-x86_64-linux-gnu.so , size = 8.234 KB
[08:45:16.309][info] [#0:script/workspace/loading.lua:139]: Preload dll at: file:///home/mikep/.dotfiles/scripts/.local/share/nvim/mason/packages/python-lsp-server/venv/lib/python3.10/site-packages/mypy/dmypy_os.cpython-310-x86_64-linux-gnu.so , size = 8.234 KB
[08:45:16.309][info] [#0:script/workspace/loading.lua:139]: Preload dll at: file:///home/mikep/.dotfiles/scripts/.local/share/nvim/mason/packages/python-lsp-server/venv/lib/python3.10/site-packages/mypy/find_sources.cpython-310-x86_64-linux-gnu.so , size = 8.242 KB
[08:45:16.309][info] [#0:script/workspace/loading.lua:139]: Preload dll at: file:///home/mikep/.dotfiles/scripts/.local/share/nvim/mason/packages/python-lsp-server/venv/lib/python3.10/site-packages/mypy/indirection.cpython-310-x86_64-linux-gnu.so , size = 8.242 KB
[08:45:16.309][info] [#0:script/workspace/loading.lua:139]: Preload dll at: file:///home/mikep/.dotfiles/scripts/.local/share/nvim/mason/packages/python-lsp-server/venv/lib/python3.10/site-packages/mypy/semanal_typeddict.cpython-310-x86_64-linux-gnu.so , size = 8.250 KB
[08:45:16.309][info] [#0:script/workspace/loading.lua:139]: Preload dll at: file:///home/mikep/.dotfiles/scripts/.local/share/nvim/mason/packages/python-lsp-server/venv/lib/python3.10/site-packages/mypy/sharedparse.cpython-310-x86_64-linux-gnu.so , size = 8.242 KB
[08:45:16.309][info] [#0:script/workspace/loading.lua:172]: Loaded files takes [0.011] sec: file:///home/mikep/.dotfiles/scripts/.local/share/nvim/mason/packages/python-lsp-server/venv/lib/python3.10/site-packages/mypy
[08:45:16.309][info] [#0:script/workspace/loading.lua:181]: Compile files takes [0.000] sec: file:///home/mikep/.dotfiles/scripts/.local/share/nvim/mason/packages/python-lsp-server/venv/lib/python3.10/site-packages/mypy
[08:45:16.309][info] [#0:script/workspace/loading.lua:182]: Loaded finish:	file:///home/mikep/.dotfiles/scripts/.local/share/nvim/mason/packages/python-lsp-server/venv/lib/python3.10/site-packages/mypy
[08:45:31.182][warn] [#0:script/proto/proto.lua:189]: Method [textDocument/semanticTokens/full] takes [0.507]sec. {
  id = 39,
  jsonrpc = "2.0",
  method = "textDocument/semanticTokens/full",
  params = {
    textDocument = {
      uri = "file:///home/mikep/.dotfiles/nvim/.config/nvim/init.lua"
    }
  }
}
[08:45:31.189][warn] [#0:script/core/diagnostics/init.lua:137]: Diagnostics [missing-fields] @ [file:///home/mikep/.dotfiles/nvim/.config/nvim/init.lua] takes [0.582] sec!
[08:45:33.411][warn] [#0:script/provider/provider.lua:643]: Completion takes 0.205 sec.
[08:45:40.147][warn] [#0:script/proto/proto.lua:189]: Method [textDocument/semanticTokens/full] takes [0.577]sec. {
  id = 63,
  jsonrpc = "2.0",
  method = "textDocument/semanticTokens/full",
  params = {
    textDocument = {
      uri = "file:///home/mikep/.dotfiles/nvim/.config/nvim/init.lua"
    }
  }
}
[08:45:42.763][info] [#0:script/workspace/workspace.lua:284]: Scan files at:	file:///home/mikep/.dotfiles/scripts/.local/state/nvim/undo/%25home%25mikep%25.dotfiles%25nvim%25.config%25nvim%25init.lua
[08:45:42.763][info] [#0:script/workspace/workspace.lua:284]: Scan files at:	file:///home/mikep/.dotfiles/nvim/.config/nvim/init.lua
[08:45:42.766][info] [#0:script/workspace/loading.lua:160]: Load files from disk:	file:///home/mikep/.dotfiles/scripts/.local/state/nvim/undo/%25home%25mikep%25.dotfiles%25nvim%25.config%25nvim%25init.lua
[08:45:42.766][info] [#0:script/workspace/loading.lua:88]: Skip loaded file: file:///home/mikep/.dotfiles/scripts/.local/state/nvim/undo/%25home%25mikep%25.dotfiles%25nvim%25.config%25nvim%25init.lua
[08:45:42.766][info] [#0:script/workspace/loading.lua:160]: Load files from disk:	file:///home/mikep/.dotfiles/nvim/.config/nvim/init.lua
[08:45:42.766][info] [#0:script/workspace/loading.lua:88]: Skip loaded file: file:///home/mikep/.dotfiles/nvim/.config/nvim/init.lua
[08:45:42.766][info] [#0:script/workspace/loading.lua:172]: Loaded files takes [0.000] sec: file:///home/mikep/.dotfiles/scripts/.local/state/nvim/undo/%25home%25mikep%25.dotfiles%25nvim%25.config%25nvim%25init.lua
[08:45:42.766][info] [#0:script/workspace/loading.lua:181]: Compile files takes [0.000] sec: file:///home/mikep/.dotfiles/scripts/.local/state/nvim/undo/%25home%25mikep%25.dotfiles%25nvim%25.config%25nvim%25init.lua
[08:45:42.766][info] [#0:script/workspace/loading.lua:182]: Loaded finish:	file:///home/mikep/.dotfiles/scripts/.local/state/nvim/undo/%25home%25mikep%25.dotfiles%25nvim%25.config%25nvim%25init.lua
[08:45:42.766][info] [#0:script/workspace/loading.lua:172]: Loaded files takes [0.000] sec: file:///home/mikep/.dotfiles/nvim/.config/nvim/init.lua
[08:45:42.766][info] [#0:script/workspace/loading.lua:181]: Compile files takes [0.000] sec: file:///home/mikep/.dotfiles/nvim/.config/nvim/init.lua
[08:45:42.766][info] [#0:script/workspace/loading.lua:182]: Loaded finish:	file:///home/mikep/.dotfiles/nvim/.config/nvim/init.lua
[08:45:42.967][warn] [#0:script/pub/report.lua:24]: Load proto error:	Disconnected!
